{"directed": false, "multigraph": false, "graph": [], "nodes": [{"boundary_node": true, "boundary_perim": 112663.91998525879, "area": 99418999.20738076, "STATEFP10": "02", "COUNTYFP10": "170", "TRACTCE10": "000601", "GEOID10": "02170000601", "NAME10": "6.01", "NAMELSAD10": "Census Tract 6.01", "MTFCC10": "G5020", "FUNCSTAT10": "S", "ALAND10": 98845079, "AWATER10": 70270114, "INTPTLAT10": "+61.5280277", "INTPTLON10": "-149.4135908", "GISJOIN": "G0201700000601", "Shape_area": 99418999.2074, "Shape_len": 118375.328695, "YEAR": 2010, "REGIONA": 4, "DIVISIONA": 9, "STATE": "Alaska", "STATEA": 2, "COUNTY": "Matanuska-Susitna Borough", "COUNTYA": 170, "COUSUBA": NaN, "PLACEA": NaN, "TRACTA": 601, "BLKGRPA": NaN, "BLOCKA": NaN, "CONCITA": NaN, "AIANHHA": NaN, "RES_ONLYA": NaN, "TRUSTA": NaN, "AITSCEA": NaN, "TTRACTA": NaN, "TBLKGRPA": NaN, "ANRCA": NaN, "CBSAA": 11260, "METDIVA": 99999, "CSAA": 999, "NECTAA": NaN, "NECTADIVA": NaN, "CNECTAA": NaN, "UAA": NaN, "URBRURALA": NaN, "CDA": NaN, "SLDUA": NaN, "SLDLA": NaN, "ZCTA5A": NaN, "SUBMCDA": NaN, "SDELMA": NaN, "SDSECA": NaN, "SDUNIA": NaN, "NAME": "Census Tract 6.01", "SABINSA": NaN, "TOTPOP": 4481, "H7X001": 4481, "WHITE": 3828, "BLACK": 39, "AIAN": 202, "ASIAN": 68, "NHPI": 29, "H7X007": 11, "H7X008": 304, "H7Y001": 4481, "H7Y002": 4322, "HISP": 159, "C_X": -3049760.1278968183, "C_Y": 3479812.9306, "id": 72890}, {"boundary_node": true, "boundary_perim": 378227.2426652763, "area": 4517195106.663711, "STATEFP10": "02", "COUNTYFP10": "122", "TRACTCE10": "000300", "GEOID10": "02122000300", "NAME10": "3", "NAMELSAD10": "Census Tract 3", "MTFCC10": "G5020", "FUNCSTAT10": "S", "ALAND10": 4422541162, "AWATER10": 257015839, "INTPTLAT10": "+60.6087419", "INTPTLON10": "-149.4586399", "GISJOIN": "G0201220000300", "Shape_area": 4517195106.66, "Shape_len": 407004.096766, "YEAR": 2010, "REGIONA": 4, "DIVISIONA": 9, "STATE": "Alaska", "STATEA": 2, "COUNTY": "Kenai Peninsula Borough", "COUNTYA": 122, "COUSUBA": NaN, "PLACEA": NaN, "TRACTA": 300, "BLKGRPA": NaN, "BLOCKA": NaN, "CONCITA": NaN, "AIANHHA": NaN, "RES_ONLYA": NaN, "TRUSTA": NaN, "AITSCEA": NaN, "TTRACTA": NaN, "TBLKGRPA": NaN, "ANRCA": NaN, "CBSAA": 99999, "METDIVA": 99999, "CSAA": 999, "NECTAA": NaN, "NECTADIVA": NaN, "CNECTAA": NaN, "UAA": NaN, "URBRURALA": NaN, "CDA": NaN, "SLDUA": NaN, "SLDLA": NaN, "ZCTA5A": NaN, "SUBMCDA": NaN, "SDELMA": NaN, "SDSECA": NaN, "SDUNIA": NaN, "NAME": "Census Tract 3", "SABINSA": NaN, "TOTPOP": 895, "H7X001": 895, "WHITE": 822, "BLACK": 6, "AIAN": 23, "ASIAN": 8, "NHPI": 4, "H7X007": 0, "H7X008": 32, "H7Y001": 895, "H7Y002": 880, "HISP": 15, "C_X": -3105145.0597214624, "C_Y": 3404648.519600002, "id": 72911}, {"boundary_node": true, "boundary_perim": 588570.474263157, "area": 11358311516.366947, "STATEFP10": "02", "COUNTYFP10": "170", "TRACTCE10": "000200", "GEOID10": "02170000200", "NAME10": "2", "NAMELSAD10": "Census Tract 2", "MTFCC10": "G5020", "FUNCSTAT10": "S", "ALAND10": 11178523254, "AWATER10": 179958554, "INTPTLAT10": "+62.0062671", "INTPTLON10": "-147.5358782", "GISJOIN": "G0201700000200", "Shape_area": 11358311516.4, "Shape_len": 670955.255299, "YEAR": 2010, "REGIONA": 4, "DIVISIONA": 9, "STATE": "Alaska", "STATEA": 2, "COUNTY": "Matanuska-Susitna Borough", "COUNTYA": 170, "COUSUBA": NaN, "PLACEA": NaN, "TRACTA": 200, "BLKGRPA": NaN, "BLOCKA": NaN, "CONCITA": NaN, "AIANHHA": NaN, "RES_ONLYA": NaN, "TRUSTA": NaN, "AITSCEA": NaN, "TTRACTA": NaN, "TBLKGRPA": NaN, "ANRCA": NaN, "CBSAA": 11260, "METDIVA": 99999, "CSAA": 999, "NECTAA": NaN, "NECTADIVA": NaN, "CNECTAA": NaN, "UAA": NaN, "URBRURALA": NaN, "CDA": NaN, "SLDUA": NaN, "SLDLA": NaN, "ZCTA5A": NaN, "SUBMCDA": NaN, "SDELMA": NaN, "SDSECA": NaN, "SDUNIA": NaN, "NAME": "Census Tract 2", "SABINSA": NaN, "TOTPOP": 2050, "H7X001": 2050, "WHITE": 1554, "BLACK": 35, "AIAN": 265, "ASIAN": 30, "NHPI": 6, "H7X007": 6, "H7X008": 154, "H7Y001": 2050, "H7Y002": 1966, "HISP": 84, "C_X": -2957027.7943348065, "C_Y": 3457198.3981000017, "id": 72919}, {"boundary_node": true, "boundary_perim": 30302.962937192147, "area": 485302617.04806143, "STATEFP10": "02", "COUNTYFP10": "170", "TRACTCE10": "001300", "GEOID10": "02170001300", "NAME10": "13", "NAMELSAD10": "Census Tract 13", "MTFCC10": "G5020", "FUNCSTAT10": "S", "ALAND10": 409504648, "AWATER10": 76005380, "INTPTLAT10": "+61.5255249", "INTPTLON10": "-148.9893411", "GISJOIN": "G0201700001300", "Shape_area": 485302617.048, "Shape_len": 165396.534986, "YEAR": 2010, "REGIONA": 4, "DIVISIONA": 9, "STATE": "Alaska", "STATEA": 2, "COUNTY": "Matanuska-Susitna Borough", "COUNTYA": 170, "COUSUBA": NaN, "PLACEA": NaN, "TRACTA": 1300, "BLKGRPA": NaN, "BLOCKA": NaN, "CONCITA": NaN, "AIANHHA": NaN, "RES_ONLYA": NaN, "TRUSTA": NaN, "AITSCEA": NaN, "TTRACTA": NaN, "TBLKGRPA": NaN, "ANRCA": NaN, "CBSAA": 11260, "METDIVA": 99999, "CSAA": 999, "NECTAA": NaN, "NECTADIVA": NaN, "CNECTAA": NaN, "UAA": NaN, "URBRURALA": NaN, "CDA": NaN, "SLDUA": NaN, "SLDLA": NaN, "ZCTA5A": NaN, "SUBMCDA": NaN, "SDELMA": NaN, "SDSECA": NaN, "SDUNIA": NaN, "NAME": "Census Tract 13", "SABINSA": NaN, "TOTPOP": 5461, "H7X001": 5461, "WHITE": 4914, "BLACK": 25, "AIAN": 219, "ASIAN": 40, "NHPI": 5, "H7X007": 20, "H7X008": 238, "H7Y001": 5461, "H7Y002": 5290, "HISP": 171, "C_X": -3031409.189985495, "C_Y": 3460714.894200001, "id": 72920}, {"boundary_node": true, "boundary_perim": 67588.11379081992, "area": 1642293857.2732646, "STATEFP10": "02", "COUNTYFP10": "020", "TRACTCE10": "000101", "GEOID10": "02020000101", "NAME10": "1.01", "NAMELSAD10": "Census Tract 1.01", "MTFCC10": "G5020", "FUNCSTAT10": "S", "ALAND10": 1598866960, "AWATER10": 66040619, "INTPTLAT10": "+61.2795836", "INTPTLON10": "-148.8753789", "GISJOIN": "G0200200000101", "Shape_area": 1642293857.27, "Shape_len": 226411.026775, "YEAR": 2010, "REGIONA": 4, "DIVISIONA": 9, "STATE": "Alaska", "STATEA": 2, "COUNTY": "Anchorage Municipality", "COUNTYA": 20, "COUSUBA": NaN, "PLACEA": NaN, "TRACTA": 101, "BLKGRPA": NaN, "BLOCKA": NaN, "CONCITA": NaN, "AIANHHA": NaN, "RES_ONLYA": NaN, "TRUSTA": NaN, "AITSCEA": NaN, "TTRACTA": NaN, "TBLKGRPA": NaN, "ANRCA": NaN, "CBSAA": 11260, "METDIVA": 99999, "CSAA": 999, "NECTAA": NaN, "NECTADIVA": NaN, "CNECTAA": NaN, "UAA": NaN, "URBRURALA": NaN, "CDA": NaN, "SLDUA": NaN, "SLDLA": NaN, "ZCTA5A": NaN, "SUBMCDA": NaN, "SDELMA": NaN, "SDSECA": NaN, "SDUNIA": NaN, "NAME": "Census Tract 1.01", "SABINSA": NaN, "TOTPOP": 5736, "H7X001": 5736, "WHITE": 4951, "BLACK": 57, "AIAN": 295, "ASIAN": 73, "NHPI": 4, "H7X007": 35, "H7X008": 321, "H7Y001": 5736, "H7Y002": 5527, "HISP": 209, "C_X": -3027653.5167219965, "C_Y": 3439002.3123499993, "id": 72929}, {"boundary_node": true, "boundary_perim": 6341.940057286571, "area": 169725539.8852275, "STATEFP10": "02", "COUNTYFP10": "020", "TRACTCE10": "000102", "GEOID10": "02020000102", "NAME10": "1.02", "NAMELSAD10": "Census Tract 1.02", "MTFCC10": "G5020", "FUNCSTAT10": "S", "ALAND10": 168779562, "AWATER10": 15088676, "INTPTLAT10": "+61.3488226", "INTPTLON10": "-149.3997910", "GISJOIN": "G0200200000102", "Shape_area": 169725539.885, "Shape_len": 101865.485525, "YEAR": 2010, "REGIONA": 4, "DIVISIONA": 9, "STATE": "Alaska", "STATEA": 2, "COUNTY": "Anchorage Municipality", "COUNTYA": 20, "COUSUBA": NaN, "PLACEA": NaN, "TRACTA": 102, "BLKGRPA": NaN, "BLOCKA": NaN, "CONCITA": NaN, "AIANHHA": NaN, "RES_ONLYA": NaN, "TRUSTA": NaN, "AITSCEA": NaN, "TTRACTA": NaN, "TBLKGRPA": NaN, "ANRCA": NaN, "CBSAA": 11260, "METDIVA": 99999, "CSAA": 999, "NECTAA": NaN, "NECTADIVA": NaN, "CNECTAA": NaN, "UAA": NaN, "URBRURALA": NaN, "CDA": NaN, "SLDUA": NaN, "SLDLA": NaN, "ZCTA5A": NaN, "SUBMCDA": NaN, "SDELMA": NaN, "SDSECA": NaN, "SDUNIA": NaN, "NAME": "Census Tract 1.02", "SABINSA": NaN, "TOTPOP": 5259, "H7X001": 5259, "WHITE": 4391, "BLACK": 48, "AIAN": 286, "ASIAN": 121, "NHPI": 12, "H7X007": 47, "H7X008": 354, "H7Y001": 5259, "H7Y002": 5058, "HISP": 201, "C_X": -3055445.1606856165, "C_Y": 3458027.586900001, "id": 72930}, {"boundary_node": false, "area": 3337095.165376723, "STATEFP10": "02", "COUNTYFP10": "020", "TRACTCE10": "000201", "GEOID10": "02020000201", "NAME10": "2.01", "NAMELSAD10": "Census Tract 2.01", "MTFCC10": "G5020", "FUNCSTAT10": "S", "ALAND10": 3301596, "AWATER10": 35499, "INTPTLAT10": "+61.3330652", "INTPTLON10": "-149.5735705", "GISJOIN": "G0200200000201", "Shape_area": 3337095.16538, "Shape_len": 9493.67523862, "YEAR": 2010, "REGIONA": 4, "DIVISIONA": 9, "STATE": "Alaska", "STATEA": 2, "COUNTY": "Anchorage Municipality", "COUNTYA": 20, "COUSUBA": NaN, "PLACEA": NaN, "TRACTA": 201, "BLKGRPA": NaN, "BLOCKA": NaN, "CONCITA": NaN, "AIANHHA": NaN, "RES_ONLYA": NaN, "TRUSTA": NaN, "AITSCEA": NaN, "TTRACTA": NaN, "TBLKGRPA": NaN, "ANRCA": NaN, "CBSAA": 11260, "METDIVA": 99999, "CSAA": 999, "NECTAA": NaN, "NECTADIVA": NaN, "CNECTAA": NaN, "UAA": NaN, "URBRURALA": NaN, "CDA": NaN, "SLDUA": NaN, "SLDLA": NaN, "ZCTA5A": NaN, "SUBMCDA": NaN, "SDELMA": NaN, "SDSECA": NaN, "SDUNIA": NaN, "NAME": "Census Tract 2.01", "SABINSA": NaN, "TOTPOP": 4110, "H7X001": 4110, "WHITE": 3281, "BLACK": 131, "AIAN": 215, "ASIAN": 107, "NHPI": 26, "H7X007": 36, "H7X008": 314, "H7Y001": 4110, "H7Y002": 3818, "HISP": 292, "C_X": -3068649.073433364, "C_Y": 3468077.9031499997, "id": 72931}, {"boundary_node": false, "area": 9181049.947255073, "STATEFP10": "02", "COUNTYFP10": "020", "TRACTCE10": "000202", "GEOID10": "02020000202", "NAME10": "2.02", "NAMELSAD10": "Census Tract 2.02", "MTFCC10": "G5020", "FUNCSTAT10": "S", "ALAND10": 9181042, "AWATER10": 0, "INTPTLAT10": "+61.3286350", "INTPTLON10": "-149.5379876", "GISJOIN": "G0200200000202", "Shape_area": 9181049.94726, "Shape_len": 17701.0692622, "YEAR": 2010, "REGIONA": 4, "DIVISIONA": 9, "STATE": "Alaska", "STATEA": 2, "COUNTY": "Anchorage Municipality", "COUNTYA": 20, "COUSUBA": NaN, "PLACEA": NaN, "TRACTA": 202, "BLKGRPA": NaN, "BLOCKA": NaN, "CONCITA": NaN, "AIANHHA": NaN, "RES_ONLYA": NaN, "TRUSTA": NaN, "AITSCEA": NaN, "TTRACTA": NaN, "TBLKGRPA": NaN, "ANRCA": NaN, "CBSAA": 11260, "METDIVA": 99999, "CSAA": 999, "NECTAA": NaN, "NECTADIVA": NaN, "CNECTAA": NaN, "UAA": NaN, "URBRURALA": NaN, "CDA": NaN, "SLDUA": NaN, "SLDLA": NaN, "ZCTA5A": NaN, "SUBMCDA": NaN, "SDELMA": NaN, "SDSECA": NaN, "SDUNIA": NaN, "NAME": "Census Tract 2.02", "SABINSA": NaN, "TOTPOP": 5947, "H7X001": 5947, "WHITE": 4987, "BLACK": 97, "AIAN": 265, "ASIAN": 155, "NHPI": 21, "H7X007": 69, "H7X008": 353, "H7Y001": 5947, "H7Y002": 5598, "HISP": 349, "C_X": -3066578.537926418, "C_Y": 3466796.07605, "id": 72932}, {"boundary_node": false, "area": 14987790.215472694, "STATEFP10": "02", "COUNTYFP10": "020", "TRACTCE10": "000203", "GEOID10": "02020000203", "NAME10": "2.03", "NAMELSAD10": "Census Tract 2.03", "MTFCC10": "G5020", "FUNCSTAT10": "S", "ALAND10": 14727415, "AWATER10": 260383, "INTPTLAT10": "+61.3098218", "INTPTLON10": "-149.5060219", "GISJOIN": "G0200200000203", "Shape_area": 14987790.2155, "Shape_len": 25869.5597801, "YEAR": 2010, "REGIONA": 4, "DIVISIONA": 9, "STATE": "Alaska", "STATEA": 2, "COUNTY": "Anchorage Municipality", "COUNTYA": 20, "COUSUBA": NaN, "PLACEA": NaN, "TRACTA": 203, "BLKGRPA": NaN, "BLOCKA": NaN, "CONCITA": NaN, "AIANHHA": NaN, "RES_ONLYA": NaN, "TRUSTA": NaN, "AITSCEA": NaN, "TTRACTA": NaN, "TBLKGRPA": NaN, "ANRCA": NaN, "CBSAA": 11260, "METDIVA": 99999, "CSAA": 999, "NECTAA": NaN, "NECTADIVA": NaN, "CNECTAA": NaN, "UAA": NaN, "URBRURALA": NaN, "CDA": NaN, "SLDUA": NaN, "SLDLA": NaN, "ZCTA5A": NaN, "SUBMCDA": NaN, "SDELMA": NaN, "SDSECA": NaN, "SDUNIA": NaN, "NAME": "Census Tract 2.03", "SABINSA": NaN, "TOTPOP": 10549, "H7X001": 10549, "WHITE": 9071, "BLACK": 289, "AIAN": 248, "ASIAN": 296, "NHPI": 12, "H7X007": 101, "H7X008": 532, "H7Y001": 10549, "H7Y002": 9957, "HISP": 592, "C_X": -3065610.295733072, "C_Y": 3463755.496800002, "id": 72933}, {"boundary_node": false, "area": 511152134.34755045, "STATEFP10": "02", "COUNTYFP10": "020", "TRACTCE10": "000204", "GEOID10": "02020000204", "NAME10": "2.04", "NAMELSAD10": "Census Tract 2.04", "MTFCC10": "G5020", "FUNCSTAT10": "S", "ALAND10": 509240699, "AWATER10": 1859285, "INTPTLAT10": "+61.1775490", "INTPTLON10": "-149.2743541", "GISJOIN": "G0200200000204", "Shape_area": 511152134.348, "Shape_len": 126499.058383, "YEAR": 2010, "REGIONA": 4, "DIVISIONA": 9, "STATE": "Alaska", "STATEA": 2, "COUNTY": "Anchorage Municipality", "COUNTYA": 20, "COUSUBA": NaN, "PLACEA": NaN, "TRACTA": 204, "BLKGRPA": NaN, "BLOCKA": NaN, "CONCITA": NaN, "AIANHHA": NaN, "RES_ONLYA": NaN, "TRUSTA": NaN, "AITSCEA": NaN, "TTRACTA": NaN, "TBLKGRPA": NaN, "ANRCA": NaN, "CBSAA": 11260, "METDIVA": 99999, "CSAA": 999, "NECTAA": NaN, "NECTADIVA": NaN, "CNECTAA": NaN, "UAA": NaN, "URBRURALA": NaN, "CDA": NaN, "SLDUA": NaN, "SLDLA": NaN, "ZCTA5A": NaN, "SUBMCDA": NaN, "SDELMA": NaN, "SDSECA": NaN, "SDUNIA": NaN, "NAME": "Census Tract 2.04", "SABINSA": NaN, "TOTPOP": 3381, "H7X001": 3381, "WHITE": 2873, "BLACK": 56, "AIAN": 188, "ASIAN": 60, "NHPI": 11, "H7X007": 42, "H7X008": 151, "H7Y001": 3381, "H7Y002": 3256, "HISP": 125, "C_X": -3059895.0554623525, "C_Y": 3445760.4482, "id": 72934}, {"boundary_node": true, "boundary_perim": 34007.85638536354, "area": 271693847.7558858, "STATEFP10": "02", "COUNTYFP10": "020", "TRACTCE10": "000300", "GEOID10": "02020000300", "NAME10": "3", "NAMELSAD10": "Census Tract 3", "MTFCC10": "G5020", "FUNCSTAT10": "S", "ALAND10": 270552183, "AWATER10": 66698145, "INTPTLAT10": "+61.2770520", "INTPTLON10": "-149.6659330", "GISJOIN": "G0200200000300", "Shape_area": 271693847.756, "Shape_len": 132725.118391, "YEAR": 2010, "REGIONA": 4, "DIVISIONA": 9, "STATE": "Alaska", "STATEA": 2, "COUNTY": "Anchorage Municipality", "COUNTYA": 20, "COUSUBA": NaN, "PLACEA": NaN, "TRACTA": 300, "BLKGRPA": NaN, "BLOCKA": NaN, "CONCITA": NaN, "AIANHHA": NaN, "RES_ONLYA": NaN, "TRUSTA": NaN, "AITSCEA": NaN, "TTRACTA": NaN, "TBLKGRPA": NaN, "ANRCA": NaN, "CBSAA": 11260, "METDIVA": 99999, "CSAA": 999, "NECTAA": NaN, "NECTADIVA": NaN, "CNECTAA": NaN, "UAA": NaN, "URBRURALA": NaN, "CDA": NaN, "SLDUA": NaN, "SLDLA": NaN, "ZCTA5A": NaN, "SUBMCDA": NaN, "SDELMA": NaN, "SDSECA": NaN, "SDUNIA": NaN, "NAME": "Census Tract 3", "SABINSA": NaN, "TOTPOP": 8000, "H7X001": 8000, "WHITE": 5955, "BLACK": 971, "AIAN": 124, "ASIAN": 154, "NHPI": 64, "H7X007": 251, "H7X008": 481, "H7Y001": 8000, "H7Y002": 6940, "HISP": 1060, "C_X": -3076187.4508775696, "C_Y": 3462305.272250002, "id": 72935}, {"boundary_node": true, "boundary_perim": 10682.43313875925, "area": 54038353.173053995, "STATEFP10": "02", "COUNTYFP10": "020", "TRACTCE10": "000400", "GEOID10": "02020000400", "NAME10": "4", "NAMELSAD10": "Census Tract 4", "MTFCC10": "G5020", "FUNCSTAT10": "S", "ALAND10": 53361417, "AWATER10": 23937877, "INTPTLAT10": "+61.2666682", "INTPTLON10": "-149.8308576", "GISJOIN": "G0200200000400", "Shape_area": 54038353.1731, "Shape_len": 37808.7410821, "YEAR": 2010, "REGIONA": 4, "DIVISIONA": 9, "STATE": "Alaska", "STATEA": 2, "COUNTY": "Anchorage Municipality", "COUNTYA": 20, "COUSUBA": NaN, "PLACEA": NaN, "TRACTA": 400, "BLKGRPA": NaN, "BLOCKA": NaN, "CONCITA": NaN, "AIANHHA": NaN, "RES_ONLYA": NaN, "TRUSTA": NaN, "AITSCEA": NaN, "TTRACTA": NaN, "TBLKGRPA": NaN, "ANRCA": NaN, "CBSAA": 11260, "METDIVA": 99999, "CSAA": 999, "NECTAA": NaN, "NECTADIVA": NaN, "CNECTAA": NaN, "UAA": NaN, "URBRURALA": NaN, "CDA": NaN, "SLDUA": NaN, "SLDLA": NaN, "ZCTA5A": NaN, "SUBMCDA": NaN, "SDELMA": NaN, "SDSECA": NaN, "SDUNIA": NaN, "NAME": "Census Tract 4", "SABINSA": NaN, "TOTPOP": 5937, "H7X001": 5937, "WHITE": 4662, "BLACK": 565, "AIAN": 44, "ASIAN": 137, "NHPI": 25, "H7X007": 106, "H7X008": 398, "H7Y001": 5937, "H7Y002": 5274, "HISP": 663, "C_X": -3084515.7301635123, "C_Y": 3469634.8348500007, "id": 72936}, {"boundary_node": true, "boundary_perim": 5569.75021514262, "area": 2376785.61354583, "STATEFP10": "02", "COUNTYFP10": "020", "TRACTCE10": "000500", "GEOID10": "02020000500", "NAME10": "5", "NAMELSAD10": "Census Tract 5", "MTFCC10": "G5020", "FUNCSTAT10": "S", "ALAND10": 2376786, "AWATER10": 9966854, "INTPTLAT10": "+61.2326867", "INTPTLON10": "-149.8913897", "GISJOIN": "G0200200000500", "Shape_area": 2376785.61355, "Shape_len": 17304.2800312, "YEAR": 2010, "REGIONA": 4, "DIVISIONA": 9, "STATE": "Alaska", "STATEA": 2, "COUNTY": "Anchorage Municipality", "COUNTYA": 20, "COUSUBA": NaN, "PLACEA": NaN, "TRACTA": 500, "BLKGRPA": NaN, "BLOCKA": NaN, "CONCITA": NaN, "AIANHHA": NaN, "RES_ONLYA": NaN, "TRUSTA": NaN, "AITSCEA": NaN, "TTRACTA": NaN, "TBLKGRPA": NaN, "ANRCA": NaN, "CBSAA": 11260, "METDIVA": 99999, "CSAA": 999, "NECTAA": NaN, "NECTADIVA": NaN, "CNECTAA": NaN, "UAA": NaN, "URBRURALA": NaN, "CDA": NaN, "SLDUA": NaN, "SLDLA": NaN, "ZCTA5A": NaN, "SUBMCDA": NaN, "SDELMA": NaN, "SDSECA": NaN, "SDUNIA": NaN, "NAME": "Census Tract 5", "SABINSA": NaN, "TOTPOP": 1988, "H7X001": 1988, "WHITE": 1034, "BLACK": 130, "AIAN": 163, "ASIAN": 311, "NHPI": 67, "H7X007": 124, "H7X008": 159, "H7Y001": 1988, "H7Y002": 1741, "HISP": 247, "C_X": -3089692.9301417116, "C_Y": 3469630.9591202815, "id": 72937}, {"boundary_node": false, "area": 3824955.7855561986, "STATEFP10": "02", "COUNTYFP10": "020", "TRACTCE10": "000600", "GEOID10": "02020000600", "NAME10": "6", "NAMELSAD10": "Census Tract 6", "MTFCC10": "G5020", "FUNCSTAT10": "S", "ALAND10": 3824961, "AWATER10": 0, "INTPTLAT10": "+61.2248647", "INTPTLON10": "-149.8374676", "GISJOIN": "G0200200000600", "Shape_area": 3824955.78556, "Shape_len": 13923.0566553, "YEAR": 2010, "REGIONA": 4, "DIVISIONA": 9, "STATE": "Alaska", "STATEA": 2, "COUNTY": "Anchorage Municipality", "COUNTYA": 20, "COUSUBA": NaN, "PLACEA": NaN, "TRACTA": 600, "BLKGRPA": NaN, "BLOCKA": NaN, "CONCITA": NaN, "AIANHHA": NaN, "RES_ONLYA": NaN, "TRUSTA": NaN, "AITSCEA": NaN, "TTRACTA": NaN, "TBLKGRPA": NaN, "ANRCA": NaN, "CBSAA": 11260, "METDIVA": 99999, "CSAA": 999, "NECTAA": NaN, "NECTADIVA": NaN, "CNECTAA": NaN, "UAA": NaN, "URBRURALA": NaN, "CDA": NaN, "SLDUA": NaN, "SLDLA": NaN, "ZCTA5A": NaN, "SUBMCDA": NaN, "SDELMA": NaN, "SDSECA": NaN, "SDUNIA": NaN, "NAME": "Census Tract 6", "SABINSA": NaN, "TOTPOP": 7747, "H7X001": 7747, "WHITE": 2101, "BLACK": 1069, "AIAN": 1297, "ASIAN": 1356, "NHPI": 668, "H7X007": 391, "H7X008": 865, "H7Y001": 7747, "H7Y002": 6826, "HISP": 921, "C_X": -3087903.0331411227, "C_Y": 3467914.2201500013, "id": 72938}, {"boundary_node": false, "area": 2000767.474487015, "STATEFP10": "02", "COUNTYFP10": "020", "TRACTCE10": "000701", "GEOID10": "02020000701", "NAME10": "7.01", "NAMELSAD10": "Census Tract 7.01", "MTFCC10": "G5020", "FUNCSTAT10": "S", "ALAND10": 2000770, "AWATER10": 0, "INTPTLAT10": "+61.2171612", "INTPTLON10": "-149.7671939", "GISJOIN": "G0200200000701", "Shape_area": 2000767.47449, "Shape_len": 5677.60756322, "YEAR": 2010, "REGIONA": 4, "DIVISIONA": 9, "STATE": "Alaska", "STATEA": 2, "COUNTY": "Anchorage Municipality", "COUNTYA": 20, "COUSUBA": NaN, "PLACEA": NaN, "TRACTA": 701, "BLKGRPA": NaN, "BLOCKA": NaN, "CONCITA": NaN, "AIANHHA": NaN, "RES_ONLYA": NaN, "TRUSTA": NaN, "AITSCEA": NaN, "TTRACTA": NaN, "TBLKGRPA": NaN, "ANRCA": NaN, "CBSAA": 11260, "METDIVA": 99999, "CSAA": 999, "NECTAA": NaN, "NECTADIVA": NaN, "CNECTAA": NaN, "UAA": NaN, "URBRURALA": NaN, "CDA": NaN, "SLDUA": NaN, "SLDLA": NaN, "ZCTA5A": NaN, "SUBMCDA": NaN, "SDELMA": NaN, "SDSECA": NaN, "SDUNIA": NaN, "NAME": "Census Tract 7.01", "SABINSA": NaN, "TOTPOP": 5949, "H7X001": 5949, "WHITE": 3119, "BLACK": 771, "AIAN": 606, "ASIAN": 501, "NHPI": 125, "H7X007": 182, "H7X008": 645, "H7Y001": 5949, "H7Y002": 5283, "HISP": 666, "C_X": -3084419.040680025, "C_Y": 3464955.1104500014, "id": 72939}, {"boundary_node": false, "area": 2089699.9379551548, "STATEFP10": "02", "COUNTYFP10": "020", "TRACTCE10": "000702", "GEOID10": "02020000702", "NAME10": "7.02", "NAMELSAD10": "Census Tract 7.02", "MTFCC10": "G5020", "FUNCSTAT10": "S", "ALAND10": 2089697, "AWATER10": 0, "INTPTLAT10": "+61.2175110", "INTPTLON10": "-149.7443978", "GISJOIN": "G0200200000702", "Shape_area": 2089699.93796, "Shape_len": 5959.06641294, "YEAR": 2010, "REGIONA": 4, "DIVISIONA": 9, "STATE": "Alaska", "STATEA": 2, "COUNTY": "Anchorage Municipality", "COUNTYA": 20, "COUSUBA": NaN, "PLACEA": NaN, "TRACTA": 702, "BLKGRPA": NaN, "BLOCKA": NaN, "CONCITA": NaN, "AIANHHA": NaN, "RES_ONLYA": NaN, "TRUSTA": NaN, "AITSCEA": NaN, "TTRACTA": NaN, "TBLKGRPA": NaN, "ANRCA": NaN, "CBSAA": 11260, "METDIVA": 99999, "CSAA": 999, "NECTAA": NaN, "NECTADIVA": NaN, "CNECTAA": NaN, "UAA": NaN, "URBRURALA": NaN, "CDA": NaN, "SLDUA": NaN, "SLDLA": NaN, "ZCTA5A": NaN, "SUBMCDA": NaN, "SDELMA": NaN, "SDSECA": NaN, "SDUNIA": NaN, "NAME": "Census Tract 7.02", "SABINSA": NaN, "TOTPOP": 5107, "H7X001": 5107, "WHITE": 2640, "BLACK": 683, "AIAN": 462, "ASIAN": 444, "NHPI": 212, "H7X007": 129, "H7X008": 537, "H7Y001": 5107, "H7Y002": 4652, "HISP": 455, "C_X": -3083282.689115836, "C_Y": 3464206.6355000003, "id": 72940}, {"boundary_node": false, "area": 2935638.327718593, "STATEFP10": "02", "COUNTYFP10": "020", "TRACTCE10": "000703", "GEOID10": "02020000703", "NAME10": "7.03", "NAMELSAD10": "Census Tract 7.03", "MTFCC10": "G5020", "FUNCSTAT10": "S", "ALAND10": 2935642, "AWATER10": 0, "INTPTLAT10": "+61.2233708", "INTPTLON10": "-149.7233241", "GISJOIN": "G0200200000703", "Shape_area": 2935638.32772, "Shape_len": 8464.09855454, "YEAR": 2010, "REGIONA": 4, "DIVISIONA": 9, "STATE": "Alaska", "STATEA": 2, "COUNTY": "Anchorage Municipality", "COUNTYA": 20, "COUSUBA": NaN, "PLACEA": NaN, "TRACTA": 703, "BLKGRPA": NaN, "BLOCKA": NaN, "CONCITA": NaN, "AIANHHA": NaN, "RES_ONLYA": NaN, "TRUSTA": NaN, "AITSCEA": NaN, "TTRACTA": NaN, "TBLKGRPA": NaN, "ANRCA": NaN, "CBSAA": 11260, "METDIVA": 99999, "CSAA": 999, "NECTAA": NaN, "NECTADIVA": NaN, "CNECTAA": NaN, "UAA": NaN, "URBRURALA": NaN, "CDA": NaN, "SLDUA": NaN, "SLDLA": NaN, "ZCTA5A": NaN, "SUBMCDA": NaN, "SDELMA": NaN, "SDSECA": NaN, "SDUNIA": NaN, "NAME": "Census Tract 7.03", "SABINSA": NaN, "TOTPOP": 5706, "H7X001": 5706, "WHITE": 2609, "BLACK": 589, "AIAN": 754, "ASIAN": 898, "NHPI": 153, "H7X007": 103, "H7X008": 600, "H7Y001": 5706, "H7Y002": 5257, "HISP": 449, "C_X": -3081746.389423878, "C_Y": 3463976.951050001, "id": 72941}, {"boundary_node": false, "area": 2512590.351773041, "STATEFP10": "02", "COUNTYFP10": "020", "TRACTCE10": "000801", "GEOID10": "02020000801", "NAME10": "8.01", "NAMELSAD10": "Census Tract 8.01", "MTFCC10": "G5020", "FUNCSTAT10": "S", "ALAND10": 2512595, "AWATER10": 0, "INTPTLAT10": "+61.2167531", "INTPTLON10": "-149.7927390", "GISJOIN": "G0200200000801", "Shape_area": 2512590.35177, "Shape_len": 6302.9006815, "YEAR": 2010, "REGIONA": 4, "DIVISIONA": 9, "STATE": "Alaska", "STATEA": 2, "COUNTY": "Anchorage Municipality", "COUNTYA": 20, "COUSUBA": NaN, "PLACEA": NaN, "TRACTA": 801, "BLKGRPA": NaN, "BLOCKA": NaN, "CONCITA": NaN, "AIANHHA": NaN, "RES_ONLYA": NaN, "TRUSTA": NaN, "AITSCEA": NaN, "TTRACTA": NaN, "TBLKGRPA": NaN, "ANRCA": NaN, "CBSAA": 11260, "METDIVA": 99999, "CSAA": 999, "NECTAA": NaN, "NECTADIVA": NaN, "CNECTAA": NaN, "UAA": NaN, "URBRURALA": NaN, "CDA": NaN, "SLDUA": NaN, "SLDLA": NaN, "ZCTA5A": NaN, "SUBMCDA": NaN, "SDELMA": NaN, "SDSECA": NaN, "SDUNIA": NaN, "NAME": "Census Tract 8.01", "SABINSA": NaN, "TOTPOP": 7323, "H7X001": 7323, "WHITE": 2938, "BLACK": 770, "AIAN": 808, "ASIAN": 1129, "NHPI": 507, "H7X007": 329, "H7X008": 842, "H7Y001": 7323, "H7Y002": 6471, "HISP": 852, "C_X": -3085834.1239588894, "C_Y": 3465623.348400001, "id": 72942}, {"boundary_node": false, "area": 2338006.001433453, "STATEFP10": "02", "COUNTYFP10": "020", "TRACTCE10": "000802", "GEOID10": "02020000802", "NAME10": "8.02", "NAMELSAD10": "Census Tract 8.02", "MTFCC10": "G5020", "FUNCSTAT10": "S", "ALAND10": 2338009, "AWATER10": 0, "INTPTLAT10": "+61.2030942", "INTPTLON10": "-149.7923741", "GISJOIN": "G0200200000802", "Shape_area": 2338006.00143, "Shape_len": 6267.06742022, "YEAR": 2010, "REGIONA": 4, "DIVISIONA": 9, "STATE": "Alaska", "STATEA": 2, "COUNTY": "Anchorage Municipality", "COUNTYA": 20, "COUSUBA": NaN, "PLACEA": NaN, "TRACTA": 802, "BLKGRPA": NaN, "BLOCKA": NaN, "CONCITA": NaN, "AIANHHA": NaN, "RES_ONLYA": NaN, "TRUSTA": NaN, "AITSCEA": NaN, "TTRACTA": NaN, "TBLKGRPA": NaN, "ANRCA": NaN, "CBSAA": 11260, "METDIVA": 99999, "CSAA": 999, "NECTAA": NaN, "NECTADIVA": NaN, "CNECTAA": NaN, "UAA": NaN, "URBRURALA": NaN, "CDA": NaN, "SLDUA": NaN, "SLDLA": NaN, "ZCTA5A": NaN, "SUBMCDA": NaN, "SDELMA": NaN, "SDSECA": NaN, "SDUNIA": NaN, "NAME": "Census Tract 8.02", "SABINSA": NaN, "TOTPOP": 4407, "H7X001": 4407, "WHITE": 2083, "BLACK": 504, "AIAN": 514, "ASIAN": 517, "NHPI": 206, "H7X007": 167, "H7X008": 416, "H7Y001": 4407, "H7Y002": 4005, "HISP": 402, "C_X": -3086334.668507074, "C_Y": 3464558.5228500003, "id": 72943}, {"boundary_node": false, "area": 4465353.667729834, "STATEFP10": "02", "COUNTYFP10": "020", "TRACTCE10": "000901", "GEOID10": "02020000901", "NAME10": "9.01", "NAMELSAD10": "Census Tract 9.01", "MTFCC10": "G5020", "FUNCSTAT10": "S", "ALAND10": 4465352, "AWATER10": 0, "INTPTLAT10": "+61.2150626", "INTPTLON10": "-149.8362810", "GISJOIN": "G0200200000901", "Shape_area": 4465353.66773, "Shape_len": 10083.8311379, "YEAR": 2010, "REGIONA": 4, "DIVISIONA": 9, "STATE": "Alaska", "STATEA": 2, "COUNTY": "Anchorage Municipality", "COUNTYA": 20, "COUSUBA": NaN, "PLACEA": NaN, "TRACTA": 901, "BLKGRPA": NaN, "BLOCKA": NaN, "CONCITA": NaN, "AIANHHA": NaN, "RES_ONLYA": NaN, "TRUSTA": NaN, "AITSCEA": NaN, "TTRACTA": NaN, "TBLKGRPA": NaN, "ANRCA": NaN, "CBSAA": 11260, "METDIVA": 99999, "CSAA": 999, "NECTAA": NaN, "NECTADIVA": NaN, "CNECTAA": NaN, "UAA": NaN, "URBRURALA": NaN, "CDA": NaN, "SLDUA": NaN, "SLDLA": NaN, "ZCTA5A": NaN, "SUBMCDA": NaN, "SDELMA": NaN, "SDSECA": NaN, "SDUNIA": NaN, "NAME": "Census Tract 9.01", "SABINSA": NaN, "TOTPOP": 4906, "H7X001": 4906, "WHITE": 1699, "BLACK": 633, "AIAN": 1026, "ASIAN": 523, "NHPI": 232, "H7X007": 214, "H7X008": 579, "H7Y001": 4906, "H7Y002": 4342, "HISP": 564, "C_X": -3087927.9493836593, "C_Y": 3467024.049049999, "id": 72944}, {"boundary_node": false, "area": 1145888.8677180205, "STATEFP10": "02", "COUNTYFP10": "020", "TRACTCE10": "000902", "GEOID10": "02020000902", "NAME10": "9.02", "NAMELSAD10": "Census Tract 9.02", "MTFCC10": "G5020", "FUNCSTAT10": "S", "ALAND10": 1145889, "AWATER10": 0, "INTPTLAT10": "+61.2043834", "INTPTLON10": "-149.8525220", "GISJOIN": "G0200200000902", "Shape_area": 1145888.86772, "Shape_len": 5089.42301981, "YEAR": 2010, "REGIONA": 4, "DIVISIONA": 9, "STATE": "Alaska", "STATEA": 2, "COUNTY": "Anchorage Municipality", "COUNTYA": 20, "COUSUBA": NaN, "PLACEA": NaN, "TRACTA": 902, "BLKGRPA": NaN, "BLOCKA": NaN, "CONCITA": NaN, "AIANHHA": NaN, "RES_ONLYA": NaN, "TRUSTA": NaN, "AITSCEA": NaN, "TTRACTA": NaN, "TBLKGRPA": NaN, "ANRCA": NaN, "CBSAA": 11260, "METDIVA": 99999, "CSAA": 999, "NECTAA": NaN, "NECTADIVA": NaN, "CNECTAA": NaN, "UAA": NaN, "URBRURALA": NaN, "CDA": NaN, "SLDUA": NaN, "SLDLA": NaN, "ZCTA5A": NaN, "SUBMCDA": NaN, "SDELMA": NaN, "SDSECA": NaN, "SDUNIA": NaN, "NAME": "Census Tract 9.02", "SABINSA": NaN, "TOTPOP": 3141, "H7X001": 3141, "WHITE": 1459, "BLACK": 473, "AIAN": 247, "ASIAN": 304, "NHPI": 221, "H7X007": 130, "H7X008": 307, "H7Y001": 3141, "H7Y002": 2862, "HISP": 279, "C_X": -3089382.86660433, "C_Y": 3466595.08755, "id": 72945}, {"boundary_node": false, "area": 1750119.874505642, "STATEFP10": "02", "COUNTYFP10": "020", "TRACTCE10": "001000", "GEOID10": "02020001000", "NAME10": "10", "NAMELSAD10": "Census Tract 10", "MTFCC10": "G5020", "FUNCSTAT10": "S", "ALAND10": 1750123, "AWATER10": 0, "INTPTLAT10": "+61.2102859", "INTPTLON10": "-149.8759830", "GISJOIN": "G0200200001000", "Shape_area": 1750119.87451, "Shape_len": 5888.82205538, "YEAR": 2010, "REGIONA": 4, "DIVISIONA": 9, "STATE": "Alaska", "STATEA": 2, "COUNTY": "Anchorage Municipality", "COUNTYA": 20, "COUSUBA": NaN, "PLACEA": NaN, "TRACTA": 1000, "BLKGRPA": NaN, "BLOCKA": NaN, "CONCITA": NaN, "AIANHHA": NaN, "RES_ONLYA": NaN, "TRUSTA": NaN, "AITSCEA": NaN, "TTRACTA": NaN, "TBLKGRPA": NaN, "ANRCA": NaN, "CBSAA": 11260, "METDIVA": 99999, "CSAA": 999, "NECTAA": NaN, "NECTADIVA": NaN, "CNECTAA": NaN, "UAA": NaN, "URBRURALA": NaN, "CDA": NaN, "SLDUA": NaN, "SLDLA": NaN, "ZCTA5A": NaN, "SUBMCDA": NaN, "SDELMA": NaN, "SDSECA": NaN, "SDUNIA": NaN, "NAME": "Census Tract 10", "SABINSA": NaN, "TOTPOP": 4131, "H7X001": 4131, "WHITE": 2375, "BLACK": 299, "AIAN": 667, "ASIAN": 242, "NHPI": 136, "H7X007": 70, "H7X008": 342, "H7Y001": 4131, "H7Y002": 3819, "HISP": 312, "C_X": -3090470.0776130715, "C_Y": 3467846.521650002, "id": 72946}, {"boundary_node": false, "area": 1197015.5288001688, "STATEFP10": "02", "COUNTYFP10": "020", "TRACTCE10": "001100", "GEOID10": "02020001100", "NAME10": "11", "NAMELSAD10": "Census Tract 11", "MTFCC10": "G5020", "FUNCSTAT10": "S", "ALAND10": 1197017, "AWATER10": 0, "INTPTLAT10": "+61.2177092", "INTPTLON10": "-149.8912604", "GISJOIN": "G0200200001100", "Shape_area": 1197015.5288, "Shape_len": 4555.26806468, "YEAR": 2010, "REGIONA": 4, "DIVISIONA": 9, "STATE": "Alaska", "STATEA": 2, "COUNTY": "Anchorage Municipality", "COUNTYA": 20, "COUSUBA": NaN, "PLACEA": NaN, "TRACTA": 1100, "BLKGRPA": NaN, "BLOCKA": NaN, "CONCITA": NaN, "AIANHHA": NaN, "RES_ONLYA": NaN, "TRUSTA": NaN, "AITSCEA": NaN, "TTRACTA": NaN, "TBLKGRPA": NaN, "ANRCA": NaN, "CBSAA": 11260, "METDIVA": 99999, "CSAA": 999, "NECTAA": NaN, "NECTADIVA": NaN, "CNECTAA": NaN, "UAA": NaN, "URBRURALA": NaN, "CDA": NaN, "SLDUA": NaN, "SLDLA": NaN, "ZCTA5A": NaN, "SUBMCDA": NaN, "SDELMA": NaN, "SDSECA": NaN, "SDUNIA": NaN, "NAME": "Census Tract 11", "SABINSA": NaN, "TOTPOP": 940, "H7X001": 940, "WHITE": 620, "BLACK": 67, "AIAN": 150, "ASIAN": 39, "NHPI": 7, "H7X007": 14, "H7X008": 43, "H7Y001": 940, "H7Y002": 877, "HISP": 63, "C_X": -3090642.5678967508, "C_Y": 3468971.5265500015, "id": 72947}, {"boundary_node": true, "boundary_perim": 1815.3739302851845, "area": 2217043.970017689, "STATEFP10": "02", "COUNTYFP10": "020", "TRACTCE10": "001200", "GEOID10": "02020001200", "NAME10": "12", "NAMELSAD10": "Census Tract 12", "MTFCC10": "G5020", "FUNCSTAT10": "S", "ALAND10": 2010011, "AWATER10": 1216750, "INTPTLAT10": "+61.2121895", "INTPTLON10": "-149.9098168", "GISJOIN": "G0200200001200", "Shape_area": 2217043.97002, "Shape_len": 7136.48071809, "YEAR": 2010, "REGIONA": 4, "DIVISIONA": 9, "STATE": "Alaska", "STATEA": 2, "COUNTY": "Anchorage Municipality", "COUNTYA": 20, "COUSUBA": NaN, "PLACEA": NaN, "TRACTA": 1200, "BLKGRPA": NaN, "BLOCKA": NaN, "CONCITA": NaN, "AIANHHA": NaN, "RES_ONLYA": NaN, "TRUSTA": NaN, "AITSCEA": NaN, "TTRACTA": NaN, "TBLKGRPA": NaN, "ANRCA": NaN, "CBSAA": 11260, "METDIVA": 99999, "CSAA": 999, "NECTAA": NaN, "NECTADIVA": NaN, "CNECTAA": NaN, "UAA": NaN, "URBRURALA": NaN, "CDA": NaN, "SLDUA": NaN, "SLDLA": NaN, "ZCTA5A": NaN, "SUBMCDA": NaN, "SDELMA": NaN, "SDSECA": NaN, "SDUNIA": NaN, "NAME": "Census Tract 12", "SABINSA": NaN, "TOTPOP": 3718, "H7X001": 3718, "WHITE": 3270, "BLACK": 51, "AIAN": 105, "ASIAN": 101, "NHPI": 20, "H7X007": 29, "H7X008": 142, "H7Y001": 3718, "H7Y002": 3583, "HISP": 135, "C_X": -3091880.4763268633, "C_Y": 3468674.0804999988, "id": 72948}, {"boundary_node": true, "boundary_perim": 2514.8396429268378, "area": 2806900.673686607, "STATEFP10": "02", "COUNTYFP10": "020", "TRACTCE10": "001300", "GEOID10": "02020001300", "NAME10": "13", "NAMELSAD10": "Census Tract 13", "MTFCC10": "G5020", "FUNCSTAT10": "S", "ALAND10": 2727301, "AWATER10": 6843544, "INTPTLAT10": "+61.2008501", "INTPTLON10": "-149.9545889", "GISJOIN": "G0200200001300", "Shape_area": 2806900.67369, "Shape_len": 8173.01883254, "YEAR": 2010, "REGIONA": 4, "DIVISIONA": 9, "STATE": "Alaska", "STATEA": 2, "COUNTY": "Anchorage Municipality", "COUNTYA": 20, "COUSUBA": NaN, "PLACEA": NaN, "TRACTA": 1300, "BLKGRPA": NaN, "BLOCKA": NaN, "CONCITA": NaN, "AIANHHA": NaN, "RES_ONLYA": NaN, "TRUSTA": NaN, "AITSCEA": NaN, "TTRACTA": NaN, "TBLKGRPA": NaN, "ANRCA": NaN, "CBSAA": 11260, "METDIVA": 99999, "CSAA": 999, "NECTAA": NaN, "NECTADIVA": NaN, "CNECTAA": NaN, "UAA": NaN, "URBRURALA": NaN, "CDA": NaN, "SLDUA": NaN, "SLDLA": NaN, "ZCTA5A": NaN, "SUBMCDA": NaN, "SDELMA": NaN, "SDSECA": NaN, "SDUNIA": NaN, "NAME": "Census Tract 13", "SABINSA": NaN, "TOTPOP": 3059, "H7X001": 3059, "WHITE": 2665, "BLACK": 24, "AIAN": 98, "ASIAN": 84, "NHPI": 21, "H7X007": 45, "H7X008": 122, "H7Y001": 3059, "H7Y002": 2933, "HISP": 126, "C_X": -3093781.9912456414, "C_Y": 3468914.4154500007, "id": 72949}, {"boundary_node": false, "area": 2202700.348511477, "STATEFP10": "02", "COUNTYFP10": "020", "TRACTCE10": "001400", "GEOID10": "02020001400", "NAME10": "14", "NAMELSAD10": "Census Tract 14", "MTFCC10": "G5020", "FUNCSTAT10": "S", "ALAND10": 2187501, "AWATER10": 15199, "INTPTLAT10": "+61.1996282", "INTPTLON10": "-149.8919211", "GISJOIN": "G0200200001400", "Shape_area": 2202700.34851, "Shape_len": 6992.57424436, "YEAR": 2010, "REGIONA": 4, "DIVISIONA": 9, "STATE": "Alaska", "STATEA": 2, "COUNTY": "Anchorage Municipality", "COUNTYA": 20, "COUSUBA": NaN, "PLACEA": NaN, "TRACTA": 1400, "BLKGRPA": NaN, "BLOCKA": NaN, "CONCITA": NaN, "AIANHHA": NaN, "RES_ONLYA": NaN, "TRUSTA": NaN, "AITSCEA": NaN, "TTRACTA": NaN, "TBLKGRPA": NaN, "ANRCA": NaN, "CBSAA": 11260, "METDIVA": 99999, "CSAA": 999, "NECTAA": NaN, "NECTADIVA": NaN, "CNECTAA": NaN, "UAA": NaN, "URBRURALA": NaN, "CDA": NaN, "SLDUA": NaN, "SLDLA": NaN, "ZCTA5A": NaN, "SUBMCDA": NaN, "SDELMA": NaN, "SDSECA": NaN, "SDUNIA": NaN, "NAME": "Census Tract 14", "SABINSA": NaN, "TOTPOP": 5224, "H7X001": 5224, "WHITE": 2918, "BLACK": 313, "AIAN": 633, "ASIAN": 477, "NHPI": 153, "H7X007": 208, "H7X008": 522, "H7Y001": 5224, "H7Y002": 4694, "HISP": 530, "C_X": -3091684.3062098445, "C_Y": 3467444.403649999, "id": 72950}, {"boundary_node": false, "area": 3351192.5636318843, "STATEFP10": "02", "COUNTYFP10": "020", "TRACTCE10": "001500", "GEOID10": "02020001500", "NAME10": "15", "NAMELSAD10": "Census Tract 15", "MTFCC10": "G5020", "FUNCSTAT10": "S", "ALAND10": 3315014, "AWATER10": 36177, "INTPTLAT10": "+61.1909220", "INTPTLON10": "-149.8503180", "GISJOIN": "G0200200001500", "Shape_area": 3351192.56363, "Shape_len": 7314.04276361, "YEAR": 2010, "REGIONA": 4, "DIVISIONA": 9, "STATE": "Alaska", "STATEA": 2, "COUNTY": "Anchorage Municipality", "COUNTYA": 20, "COUSUBA": NaN, "PLACEA": NaN, "TRACTA": 1500, "BLKGRPA": NaN, "BLOCKA": NaN, "CONCITA": NaN, "AIANHHA": NaN, "RES_ONLYA": NaN, "TRUSTA": NaN, "AITSCEA": NaN, "TTRACTA": NaN, "TBLKGRPA": NaN, "ANRCA": NaN, "CBSAA": 11260, "METDIVA": 99999, "CSAA": 999, "NECTAA": NaN, "NECTADIVA": NaN, "CNECTAA": NaN, "UAA": NaN, "URBRURALA": NaN, "CDA": NaN, "SLDUA": NaN, "SLDLA": NaN, "ZCTA5A": NaN, "SUBMCDA": NaN, "SDELMA": NaN, "SDSECA": NaN, "SDUNIA": NaN, "NAME": "Census Tract 15", "SABINSA": NaN, "TOTPOP": 5104, "H7X001": 5104, "WHITE": 3776, "BLACK": 252, "AIAN": 311, "ASIAN": 293, "NHPI": 106, "H7X007": 65, "H7X008": 301, "H7Y001": 5104, "H7Y002": 4872, "HISP": 232, "C_X": -3090060.47484162, "C_Y": 3465546.4770999993, "id": 72951}, {"boundary_node": false, "area": 2163761.707907644, "STATEFP10": "02", "COUNTYFP10": "020", "TRACTCE10": "001601", "GEOID10": "02020001601", "NAME10": "16.01", "NAMELSAD10": "Census Tract 16.01", "MTFCC10": "G5020", "FUNCSTAT10": "S", "ALAND10": 2163756, "AWATER10": 0, "INTPTLAT10": "+61.2032461", "INTPTLON10": "-149.8240250", "GISJOIN": "G0200200001601", "Shape_area": 2163761.70791, "Shape_len": 6091.95936892, "YEAR": 2010, "REGIONA": 4, "DIVISIONA": 9, "STATE": "Alaska", "STATEA": 2, "COUNTY": "Anchorage Municipality", "COUNTYA": 20, "COUSUBA": NaN, "PLACEA": NaN, "TRACTA": 1601, "BLKGRPA": NaN, "BLOCKA": NaN, "CONCITA": NaN, "AIANHHA": NaN, "RES_ONLYA": NaN, "TRUSTA": NaN, "AITSCEA": NaN, "TTRACTA": NaN, "TBLKGRPA": NaN, "ANRCA": NaN, "CBSAA": 11260, "METDIVA": 99999, "CSAA": 999, "NECTAA": NaN, "NECTADIVA": NaN, "CNECTAA": NaN, "UAA": NaN, "URBRURALA": NaN, "CDA": NaN, "SLDUA": NaN, "SLDLA": NaN, "ZCTA5A": NaN, "SUBMCDA": NaN, "SDELMA": NaN, "SDSECA": NaN, "SDUNIA": NaN, "NAME": "Census Tract 16.01", "SABINSA": NaN, "TOTPOP": 4092, "H7X001": 4092, "WHITE": 2472, "BLACK": 249, "AIAN": 375, "ASIAN": 323, "NHPI": 156, "H7X007": 140, "H7X008": 377, "H7Y001": 4092, "H7Y002": 3751, "HISP": 341, "C_X": -3088052.899162666, "C_Y": 3465574.279200001, "id": 72952}, {"boundary_node": false, "area": 5163769.006127548, "STATEFP10": "02", "COUNTYFP10": "020", "TRACTCE10": "001602", "GEOID10": "02020001602", "NAME10": "16.02", "NAMELSAD10": "Census Tract 16.02", "MTFCC10": "G5020", "FUNCSTAT10": "S", "ALAND10": 4988763, "AWATER10": 175004, "INTPTLAT10": "+61.1909350", "INTPTLON10": "-149.8032155", "GISJOIN": "G0200200001602", "Shape_area": 5163769.00613, "Shape_len": 10418.454447, "YEAR": 2010, "REGIONA": 4, "DIVISIONA": 9, "STATE": "Alaska", "STATEA": 2, "COUNTY": "Anchorage Municipality", "COUNTYA": 20, "COUSUBA": NaN, "PLACEA": NaN, "TRACTA": 1602, "BLKGRPA": NaN, "BLOCKA": NaN, "CONCITA": NaN, "AIANHHA": NaN, "RES_ONLYA": NaN, "TRUSTA": NaN, "AITSCEA": NaN, "TTRACTA": NaN, "TBLKGRPA": NaN, "ANRCA": NaN, "CBSAA": 11260, "METDIVA": 99999, "CSAA": 999, "NECTAA": NaN, "NECTADIVA": NaN, "CNECTAA": NaN, "UAA": NaN, "URBRURALA": NaN, "CDA": NaN, "SLDUA": NaN, "SLDLA": NaN, "ZCTA5A": NaN, "SUBMCDA": NaN, "SDELMA": NaN, "SDSECA": NaN, "SDUNIA": NaN, "NAME": "Census Tract 16.02", "SABINSA": NaN, "TOTPOP": 4224, "H7X001": 4224, "WHITE": 2709, "BLACK": 244, "AIAN": 482, "ASIAN": 233, "NHPI": 89, "H7X007": 80, "H7X008": 387, "H7Y001": 4224, "H7Y002": 3971, "HISP": 253, "C_X": -3087750.684452762, "C_Y": 3463851.7171, "id": 72953}, {"boundary_node": false, "area": 2601806.4205079633, "STATEFP10": "02", "COUNTYFP10": "020", "TRACTCE10": "001701", "GEOID10": "02020001701", "NAME10": "17.01", "NAMELSAD10": "Census Tract 17.01", "MTFCC10": "G5020", "FUNCSTAT10": "S", "ALAND10": 2601804, "AWATER10": 0, "INTPTLAT10": "+61.1880185", "INTPTLON10": "-149.7633967", "GISJOIN": "G0200200001701", "Shape_area": 2601806.42051, "Shape_len": 6506.58858614, "YEAR": 2010, "REGIONA": 4, "DIVISIONA": 9, "STATE": "Alaska", "STATEA": 2, "COUNTY": "Anchorage Municipality", "COUNTYA": 20, "COUSUBA": NaN, "PLACEA": NaN, "TRACTA": 1701, "BLKGRPA": NaN, "BLOCKA": NaN, "CONCITA": NaN, "AIANHHA": NaN, "RES_ONLYA": NaN, "TRUSTA": NaN, "AITSCEA": NaN, "TTRACTA": NaN, "TBLKGRPA": NaN, "ANRCA": NaN, "CBSAA": 11260, "METDIVA": 99999, "CSAA": 999, "NECTAA": NaN, "NECTADIVA": NaN, "CNECTAA": NaN, "UAA": NaN, "URBRURALA": NaN, "CDA": NaN, "SLDUA": NaN, "SLDLA": NaN, "ZCTA5A": NaN, "SUBMCDA": NaN, "SDELMA": NaN, "SDSECA": NaN, "SDUNIA": NaN, "NAME": "Census Tract 17.01", "SABINSA": NaN, "TOTPOP": 6843, "H7X001": 6843, "WHITE": 4424, "BLACK": 600, "AIAN": 499, "ASIAN": 433, "NHPI": 153, "H7X007": 110, "H7X008": 624, "H7Y001": 6843, "H7Y002": 6406, "HISP": 437, "C_X": -3085771.8838197105, "C_Y": 3462396.7452000016, "id": 72954}, {"boundary_node": false, "area": 2628221.4452327723, "STATEFP10": "02", "COUNTYFP10": "020", "TRACTCE10": "001702", "GEOID10": "02020001702", "NAME10": "17.02", "NAMELSAD10": "Census Tract 17.02", "MTFCC10": "G5020", "FUNCSTAT10": "S", "ALAND10": 2525326, "AWATER10": 102891, "INTPTLAT10": "+61.2022012", "INTPTLON10": "-149.7644057", "GISJOIN": "G0200200001702", "Shape_area": 2628221.44523, "Shape_len": 6646.29326434, "YEAR": 2010, "REGIONA": 4, "DIVISIONA": 9, "STATE": "Alaska", "STATEA": 2, "COUNTY": "Anchorage Municipality", "COUNTYA": 20, "COUSUBA": NaN, "PLACEA": NaN, "TRACTA": 1702, "BLKGRPA": NaN, "BLOCKA": NaN, "CONCITA": NaN, "AIANHHA": NaN, "RES_ONLYA": NaN, "TRUSTA": NaN, "AITSCEA": NaN, "TTRACTA": NaN, "TBLKGRPA": NaN, "ANRCA": NaN, "CBSAA": 11260, "METDIVA": 99999, "CSAA": 999, "NECTAA": NaN, "NECTADIVA": NaN, "CNECTAA": NaN, "UAA": NaN, "URBRURALA": NaN, "CDA": NaN, "SLDUA": NaN, "SLDLA": NaN, "ZCTA5A": NaN, "SUBMCDA": NaN, "SDELMA": NaN, "SDSECA": NaN, "SDUNIA": NaN, "NAME": "Census Tract 17.02", "SABINSA": NaN, "TOTPOP": 5258, "H7X001": 5258, "WHITE": 3550, "BLACK": 342, "AIAN": 448, "ASIAN": 287, "NHPI": 89, "H7X007": 75, "H7X008": 467, "H7Y001": 5258, "H7Y002": 4982, "HISP": 276, "C_X": -3085027.186132324, "C_Y": 3463569.4378500003, "id": 72955}, {"boundary_node": false, "area": 2434090.051749882, "STATEFP10": "02", "COUNTYFP10": "020", "TRACTCE10": "001731", "GEOID10": "02020001731", "NAME10": "17.31", "NAMELSAD10": "Census Tract 17.31", "MTFCC10": "G5020", "FUNCSTAT10": "S", "ALAND10": 2434086, "AWATER10": 0, "INTPTLAT10": "+61.2023634", "INTPTLON10": "-149.7338011", "GISJOIN": "G0200200001731", "Shape_area": 2434090.05175, "Shape_len": 6541.77562287, "YEAR": 2010, "REGIONA": 4, "DIVISIONA": 9, "STATE": "Alaska", "STATEA": 2, "COUNTY": "Anchorage Municipality", "COUNTYA": 20, "COUSUBA": NaN, "PLACEA": NaN, "TRACTA": 1731, "BLKGRPA": NaN, "BLOCKA": NaN, "CONCITA": NaN, "AIANHHA": NaN, "RES_ONLYA": NaN, "TRUSTA": NaN, "AITSCEA": NaN, "TTRACTA": NaN, "TBLKGRPA": NaN, "ANRCA": NaN, "CBSAA": 11260, "METDIVA": 99999, "CSAA": 999, "NECTAA": NaN, "NECTADIVA": NaN, "CNECTAA": NaN, "UAA": NaN, "URBRURALA": NaN, "CDA": NaN, "SLDUA": NaN, "SLDLA": NaN, "ZCTA5A": NaN, "SUBMCDA": NaN, "SDELMA": NaN, "SDSECA": NaN, "SDUNIA": NaN, "NAME": "Census Tract 17.31", "SABINSA": NaN, "TOTPOP": 5823, "H7X001": 5823, "WHITE": 3365, "BLACK": 566, "AIAN": 580, "ASIAN": 405, "NHPI": 180, "H7X007": 95, "H7X008": 632, "H7Y001": 5823, "H7Y002": 5411, "HISP": 412, "C_X": -3083451.894459079, "C_Y": 3462641.3592500016, "id": 72956}, {"boundary_node": false, "area": 2576379.1840663888, "STATEFP10": "02", "COUNTYFP10": "020", "TRACTCE10": "001732", "GEOID10": "02020001732", "NAME10": "17.32", "NAMELSAD10": "Census Tract 17.32", "MTFCC10": "G5020", "FUNCSTAT10": "S", "ALAND10": 2576380, "AWATER10": 0, "INTPTLAT10": "+61.1880640", "INTPTLON10": "-149.7336484", "GISJOIN": "G0200200001732", "Shape_area": 2576379.18407, "Shape_len": 6468.49868173, "YEAR": 2010, "REGIONA": 4, "DIVISIONA": 9, "STATE": "Alaska", "STATEA": 2, "COUNTY": "Anchorage Municipality", "COUNTYA": 20, "COUSUBA": NaN, "PLACEA": NaN, "TRACTA": 1732, "BLKGRPA": NaN, "BLOCKA": NaN, "CONCITA": NaN, "AIANHHA": NaN, "RES_ONLYA": NaN, "TRUSTA": NaN, "AITSCEA": NaN, "TTRACTA": NaN, "TBLKGRPA": NaN, "ANRCA": NaN, "CBSAA": 11260, "METDIVA": 99999, "CSAA": 999, "NECTAA": NaN, "NECTADIVA": NaN, "CNECTAA": NaN, "UAA": NaN, "URBRURALA": NaN, "CDA": NaN, "SLDUA": NaN, "SLDLA": NaN, "ZCTA5A": NaN, "SUBMCDA": NaN, "SDELMA": NaN, "SDSECA": NaN, "SDUNIA": NaN, "NAME": "Census Tract 17.32", "SABINSA": NaN, "TOTPOP": 6179, "H7X001": 6179, "WHITE": 4018, "BLACK": 533, "AIAN": 377, "ASIAN": 361, "NHPI": 119, "H7X007": 125, "H7X008": 646, "H7Y001": 6179, "H7Y002": 5719, "HISP": 460, "C_X": -3084264.011019908, "C_Y": 3461412.474750002, "id": 72957}, {"boundary_node": false, "area": 1733948.1354156155, "STATEFP10": "02", "COUNTYFP10": "020", "TRACTCE10": "001801", "GEOID10": "02020001801", "NAME10": "18.01", "NAMELSAD10": "Census Tract 18.01", "MTFCC10": "G5020", "FUNCSTAT10": "S", "ALAND10": 1733949, "AWATER10": 0, "INTPTLAT10": "+61.1738811", "INTPTLON10": "-149.8482088", "GISJOIN": "G0200200001801", "Shape_area": 1733948.13542, "Shape_len": 5344.56815301, "YEAR": 2010, "REGIONA": 4, "DIVISIONA": 9, "STATE": "Alaska", "STATEA": 2, "COUNTY": "Anchorage Municipality", "COUNTYA": 20, "COUSUBA": NaN, "PLACEA": NaN, "TRACTA": 1801, "BLKGRPA": NaN, "BLOCKA": NaN, "CONCITA": NaN, "AIANHHA": NaN, "RES_ONLYA": NaN, "TRUSTA": NaN, "AITSCEA": NaN, "TTRACTA": NaN, "TBLKGRPA": NaN, "ANRCA": NaN, "CBSAA": 11260, "METDIVA": 99999, "CSAA": 999, "NECTAA": NaN, "NECTADIVA": NaN, "CNECTAA": NaN, "UAA": NaN, "URBRURALA": NaN, "CDA": NaN, "SLDUA": NaN, "SLDLA": NaN, "ZCTA5A": NaN, "SUBMCDA": NaN, "SDELMA": NaN, "SDSECA": NaN, "SDUNIA": NaN, "NAME": "Census Tract 18.01", "SABINSA": NaN, "TOTPOP": 4907, "H7X001": 4907, "WHITE": 3161, "BLACK": 233, "AIAN": 439, "ASIAN": 465, "NHPI": 65, "H7X007": 141, "H7X008": 403, "H7Y001": 4907, "H7Y002": 4486, "HISP": 421, "C_X": -3090812.4679083107, "C_Y": 3463980.8212, "id": 72958}, {"boundary_node": false, "area": 3258593.4928208087, "STATEFP10": "02", "COUNTYFP10": "020", "TRACTCE10": "001802", "GEOID10": "02020001802", "NAME10": "18.02", "NAMELSAD10": "Census Tract 18.02", "MTFCC10": "G5020", "FUNCSTAT10": "S", "ALAND10": 3258592, "AWATER10": 0, "INTPTLAT10": "+61.1753194", "INTPTLON10": "-149.8230877", "GISJOIN": "G0200200001802", "Shape_area": 3258593.49282, "Shape_len": 7194.76179969, "YEAR": 2010, "REGIONA": 4, "DIVISIONA": 9, "STATE": "Alaska", "STATEA": 2, "COUNTY": "Anchorage Municipality", "COUNTYA": 20, "COUSUBA": NaN, "PLACEA": NaN, "TRACTA": 1802, "BLKGRPA": NaN, "BLOCKA": NaN, "CONCITA": NaN, "AIANHHA": NaN, "RES_ONLYA": NaN, "TRUSTA": NaN, "AITSCEA": NaN, "TTRACTA": NaN, "TBLKGRPA": NaN, "ANRCA": NaN, "CBSAA": 11260, "METDIVA": 99999, "CSAA": 999, "NECTAA": NaN, "NECTADIVA": NaN, "CNECTAA": NaN, "UAA": NaN, "URBRURALA": NaN, "CDA": NaN, "SLDUA": NaN, "SLDLA": NaN, "ZCTA5A": NaN, "SUBMCDA": NaN, "SDELMA": NaN, "SDSECA": NaN, "SDUNIA": NaN, "NAME": "Census Tract 18.02", "SABINSA": NaN, "TOTPOP": 5537, "H7X001": 5537, "WHITE": 2839, "BLACK": 304, "AIAN": 747, "ASIAN": 701, "NHPI": 75, "H7X007": 255, "H7X008": 616, "H7Y001": 5537, "H7Y002": 4946, "HISP": 591, "C_X": -3089513.312953325, "C_Y": 3463265.0144, "id": 72959}, {"boundary_node": false, "area": 4503363.418017441, "STATEFP10": "02", "COUNTYFP10": "020", "TRACTCE10": "001900", "GEOID10": "02020001900", "NAME10": "19", "NAMELSAD10": "Census Tract 19", "MTFCC10": "G5020", "FUNCSTAT10": "S", "ALAND10": 4503372, "AWATER10": 0, "INTPTLAT10": "+61.1839098", "INTPTLON10": "-149.8804704", "GISJOIN": "G0200200001900", "Shape_area": 4503363.41802, "Shape_len": 8939.37683252, "YEAR": 2010, "REGIONA": 4, "DIVISIONA": 9, "STATE": "Alaska", "STATEA": 2, "COUNTY": "Anchorage Municipality", "COUNTYA": 20, "COUSUBA": NaN, "PLACEA": NaN, "TRACTA": 1900, "BLKGRPA": NaN, "BLOCKA": NaN, "CONCITA": NaN, "AIANHHA": NaN, "RES_ONLYA": NaN, "TRUSTA": NaN, "AITSCEA": NaN, "TTRACTA": NaN, "TBLKGRPA": NaN, "ANRCA": NaN, "CBSAA": 11260, "METDIVA": 99999, "CSAA": 999, "NECTAA": NaN, "NECTADIVA": NaN, "CNECTAA": NaN, "UAA": NaN, "URBRURALA": NaN, "CDA": NaN, "SLDUA": NaN, "SLDLA": NaN, "ZCTA5A": NaN, "SUBMCDA": NaN, "SDELMA": NaN, "SDSECA": NaN, "SDUNIA": NaN, "NAME": "Census Tract 19", "SABINSA": NaN, "TOTPOP": 4194, "H7X001": 4194, "WHITE": 1866, "BLACK": 297, "AIAN": 529, "ASIAN": 724, "NHPI": 157, "H7X007": 205, "H7X008": 416, "H7Y001": 4194, "H7Y002": 3699, "HISP": 495, "C_X": -3092087.901884658, "C_Y": 3465910.8800000004, "id": 72960}, {"boundary_node": false, "area": 1326216.6004638537, "STATEFP10": "02", "COUNTYFP10": "020", "TRACTCE10": "002000", "GEOID10": "02020002000", "NAME10": "20", "NAMELSAD10": "Census Tract 20", "MTFCC10": "G5020", "FUNCSTAT10": "S", "ALAND10": 1326218, "AWATER10": 0, "INTPTLAT10": "+61.1879864", "INTPTLON10": "-149.9055565", "GISJOIN": "G0200200002000", "Shape_area": 1326216.60046, "Shape_len": 4722.79853216, "YEAR": 2010, "REGIONA": 4, "DIVISIONA": 9, "STATE": "Alaska", "STATEA": 2, "COUNTY": "Anchorage Municipality", "COUNTYA": 20, "COUSUBA": NaN, "PLACEA": NaN, "TRACTA": 2000, "BLKGRPA": NaN, "BLOCKA": NaN, "CONCITA": NaN, "AIANHHA": NaN, "RES_ONLYA": NaN, "TRUSTA": NaN, "AITSCEA": NaN, "TTRACTA": NaN, "TBLKGRPA": NaN, "ANRCA": NaN, "CBSAA": 11260, "METDIVA": 99999, "CSAA": 999, "NECTAA": NaN, "NECTADIVA": NaN, "CNECTAA": NaN, "UAA": NaN, "URBRURALA": NaN, "CDA": NaN, "SLDUA": NaN, "SLDLA": NaN, "ZCTA5A": NaN, "SUBMCDA": NaN, "SDELMA": NaN, "SDSECA": NaN, "SDUNIA": NaN, "NAME": "Census Tract 20", "SABINSA": NaN, "TOTPOP": 3748, "H7X001": 3748, "WHITE": 1779, "BLACK": 143, "AIAN": 517, "ASIAN": 571, "NHPI": 137, "H7X007": 209, "H7X008": 392, "H7Y001": 3748, "H7Y002": 3278, "HISP": 470, "C_X": -3093040.290382669, "C_Y": 3467014.7508000005, "id": 72961}, {"boundary_node": false, "area": 1621347.985892183, "STATEFP10": "02", "COUNTYFP10": "020", "TRACTCE10": "002100", "GEOID10": "02020002100", "NAME10": "21", "NAMELSAD10": "Census Tract 21", "MTFCC10": "G5020", "FUNCSTAT10": "S", "ALAND10": 1621349, "AWATER10": 0, "INTPTLAT10": "+61.1879613", "INTPTLON10": "-149.9226474", "GISJOIN": "G0200200002100", "Shape_area": 1621347.98589, "Shape_len": 5854.00906741, "YEAR": 2010, "REGIONA": 4, "DIVISIONA": 9, "STATE": "Alaska", "STATEA": 2, "COUNTY": "Anchorage Municipality", "COUNTYA": 20, "COUSUBA": NaN, "PLACEA": NaN, "TRACTA": 2100, "BLKGRPA": NaN, "BLOCKA": NaN, "CONCITA": NaN, "AIANHHA": NaN, "RES_ONLYA": NaN, "TRUSTA": NaN, "AITSCEA": NaN, "TTRACTA": NaN, "TBLKGRPA": NaN, "ANRCA": NaN, "CBSAA": 11260, "METDIVA": 99999, "CSAA": 999, "NECTAA": NaN, "NECTADIVA": NaN, "CNECTAA": NaN, "UAA": NaN, "URBRURALA": NaN, "CDA": NaN, "SLDUA": NaN, "SLDLA": NaN, "ZCTA5A": NaN, "SUBMCDA": NaN, "SDELMA": NaN, "SDSECA": NaN, "SDUNIA": NaN, "NAME": "Census Tract 21", "SABINSA": NaN, "TOTPOP": 3787, "H7X001": 3787, "WHITE": 2369, "BLACK": 121, "AIAN": 403, "ASIAN": 329, "NHPI": 170, "H7X007": 65, "H7X008": 330, "H7Y001": 3787, "H7Y002": 3538, "HISP": 249, "C_X": -3093964.16320449, "C_Y": 3467529.4758499996, "id": 72962}, {"boundary_node": false, "area": 2124582.274654449, "STATEFP10": "02", "COUNTYFP10": "020", "TRACTCE10": "002201", "GEOID10": "02020002201", "NAME10": "22.01", "NAMELSAD10": "Census Tract 22.01", "MTFCC10": "G5020", "FUNCSTAT10": "S", "ALAND10": 1884145, "AWATER10": 240433, "INTPTLAT10": "+61.1864422", "INTPTLON10": "-149.9523881", "GISJOIN": "G0200200002201", "Shape_area": 2124582.27465, "Shape_len": 7101.64526526, "YEAR": 2010, "REGIONA": 4, "DIVISIONA": 9, "STATE": "Alaska", "STATEA": 2, "COUNTY": "Anchorage Municipality", "COUNTYA": 20, "COUSUBA": NaN, "PLACEA": NaN, "TRACTA": 2201, "BLKGRPA": NaN, "BLOCKA": NaN, "CONCITA": NaN, "AIANHHA": NaN, "RES_ONLYA": NaN, "TRUSTA": NaN, "AITSCEA": NaN, "TTRACTA": NaN, "TBLKGRPA": NaN, "ANRCA": NaN, "CBSAA": 11260, "METDIVA": 99999, "CSAA": 999, "NECTAA": NaN, "NECTADIVA": NaN, "CNECTAA": NaN, "UAA": NaN, "URBRURALA": NaN, "CDA": NaN, "SLDUA": NaN, "SLDLA": NaN, "ZCTA5A": NaN, "SUBMCDA": NaN, "SDELMA": NaN, "SDSECA": NaN, "SDUNIA": NaN, "NAME": "Census Tract 22.01", "SABINSA": NaN, "TOTPOP": 5053, "H7X001": 5053, "WHITE": 3078, "BLACK": 162, "AIAN": 359, "ASIAN": 873, "NHPI": 72, "H7X007": 116, "H7X008": 393, "H7Y001": 5053, "H7Y002": 4709, "HISP": 344, "C_X": -3095352.142368117, "C_Y": 3468445.7478000014, "id": 72963}, {"boundary_node": false, "area": 922185.2764204552, "STATEFP10": "02", "COUNTYFP10": "020", "TRACTCE10": "002202", "GEOID10": "02020002202", "NAME10": "22.02", "NAMELSAD10": "Census Tract 22.02", "MTFCC10": "G5020", "FUNCSTAT10": "S", "ALAND10": 922188, "AWATER10": 0, "INTPTLAT10": "+61.1885496", "INTPTLON10": "-149.9376008", "GISJOIN": "G0200200002202", "Shape_area": 922185.27642, "Shape_len": 4750.21732956, "YEAR": 2010, "REGIONA": 4, "DIVISIONA": 9, "STATE": "Alaska", "STATEA": 2, "COUNTY": "Anchorage Municipality", "COUNTYA": 20, "COUSUBA": NaN, "PLACEA": NaN, "TRACTA": 2202, "BLKGRPA": NaN, "BLOCKA": NaN, "CONCITA": NaN, "AIANHHA": NaN, "RES_ONLYA": NaN, "TRUSTA": NaN, "AITSCEA": NaN, "TTRACTA": NaN, "TBLKGRPA": NaN, "ANRCA": NaN, "CBSAA": 11260, "METDIVA": 99999, "CSAA": 999, "NECTAA": NaN, "NECTADIVA": NaN, "CNECTAA": NaN, "UAA": NaN, "URBRURALA": NaN, "CDA": NaN, "SLDUA": NaN, "SLDLA": NaN, "ZCTA5A": NaN, "SUBMCDA": NaN, "SDELMA": NaN, "SDSECA": NaN, "SDUNIA": NaN, "NAME": "Census Tract 22.02", "SABINSA": NaN, "TOTPOP": 2960, "H7X001": 2960, "WHITE": 1914, "BLACK": 130, "AIAN": 279, "ASIAN": 237, "NHPI": 57, "H7X007": 71, "H7X008": 272, "H7Y001": 2960, "H7Y002": 2708, "HISP": 252, "C_X": -3094625.312726584, "C_Y": 3468088.6523000016, "id": 72964}, {"boundary_node": true, "boundary_perim": 34611.02481349005, "area": 51955069.246082865, "STATEFP10": "02", "COUNTYFP10": "020", "TRACTCE10": "002301", "GEOID10": "02020002301", "NAME10": "23.01", "NAMELSAD10": "Census Tract 23.01", "MTFCC10": "G5020", "FUNCSTAT10": "S", "ALAND10": 50814189, "AWATER10": 225502416, "INTPTLAT10": "+61.1648107", "INTPTLON10": "-150.1778033", "GISJOIN": "G0200200002301", "Shape_area": 51955069.2461, "Shape_len": 47568.4489516, "YEAR": 2010, "REGIONA": 4, "DIVISIONA": 9, "STATE": "Alaska", "STATEA": 2, "COUNTY": "Anchorage Municipality", "COUNTYA": 20, "COUSUBA": NaN, "PLACEA": NaN, "TRACTA": 2301, "BLKGRPA": NaN, "BLOCKA": NaN, "CONCITA": NaN, "AIANHHA": NaN, "RES_ONLYA": NaN, "TRUSTA": NaN, "AITSCEA": NaN, "TTRACTA": NaN, "TBLKGRPA": NaN, "ANRCA": NaN, "CBSAA": 11260, "METDIVA": 99999, "CSAA": 999, "NECTAA": NaN, "NECTADIVA": NaN, "CNECTAA": NaN, "UAA": NaN, "URBRURALA": NaN, "CDA": NaN, "SLDUA": NaN, "SLDLA": NaN, "ZCTA5A": NaN, "SUBMCDA": NaN, "SDELMA": NaN, "SDSECA": NaN, "SDUNIA": NaN, "NAME": "Census Tract 23.01", "SABINSA": NaN, "TOTPOP": 7088, "H7X001": 7088, "WHITE": 5194, "BLACK": 166, "AIAN": 387, "ASIAN": 725, "NHPI": 42, "H7X007": 70, "H7X008": 504, "H7Y001": 7088, "H7Y002": 6737, "HISP": 351, "C_X": -3099211.82242766, "C_Y": 3468158.9762956, "id": 72965}, {"boundary_node": false, "area": 3878168.775804597, "STATEFP10": "02", "COUNTYFP10": "020", "TRACTCE10": "002302", "GEOID10": "02020002302", "NAME10": "23.02", "NAMELSAD10": "Census Tract 23.02", "MTFCC10": "G5020", "FUNCSTAT10": "S", "ALAND10": 3760134, "AWATER10": 118037, "INTPTLAT10": "+61.1649455", "INTPTLON10": "-149.9247540", "GISJOIN": "G0200200002302", "Shape_area": 3878168.7758, "Shape_len": 8925.06078514, "YEAR": 2010, "REGIONA": 4, "DIVISIONA": 9, "STATE": "Alaska", "STATEA": 2, "COUNTY": "Anchorage Municipality", "COUNTYA": 20, "COUSUBA": NaN, "PLACEA": NaN, "TRACTA": 2302, "BLKGRPA": NaN, "BLOCKA": NaN, "CONCITA": NaN, "AIANHHA": NaN, "RES_ONLYA": NaN, "TRUSTA": NaN, "AITSCEA": NaN, "TTRACTA": NaN, "TBLKGRPA": NaN, "ANRCA": NaN, "CBSAA": 11260, "METDIVA": 99999, "CSAA": 999, "NECTAA": NaN, "NECTADIVA": NaN, "CNECTAA": NaN, "UAA": NaN, "URBRURALA": NaN, "CDA": NaN, "SLDUA": NaN, "SLDLA": NaN, "ZCTA5A": NaN, "SUBMCDA": NaN, "SDELMA": NaN, "SDSECA": NaN, "SDUNIA": NaN, "NAME": "Census Tract 23.02", "SABINSA": NaN, "TOTPOP": 4791, "H7X001": 4791, "WHITE": 3184, "BLACK": 124, "AIAN": 448, "ASIAN": 367, "NHPI": 145, "H7X007": 76, "H7X008": 447, "H7Y001": 4791, "H7Y002": 4477, "HISP": 314, "C_X": -3095868.703687925, "C_Y": 3465794.5092000016, "id": 72966}, {"boundary_node": false, "area": 4229916.144794564, "STATEFP10": "02", "COUNTYFP10": "020", "TRACTCE10": "002303", "GEOID10": "02020002303", "NAME10": "23.03", "NAMELSAD10": "Census Tract 23.03", "MTFCC10": "G5020", "FUNCSTAT10": "S", "ALAND10": 4213707, "AWATER10": 16209, "INTPTLAT10": "+61.1478499", "INTPTLON10": "-149.9252509", "GISJOIN": "G0200200002303", "Shape_area": 4229916.14479, "Shape_len": 9169.24270082, "YEAR": 2010, "REGIONA": 4, "DIVISIONA": 9, "STATE": "Alaska", "STATEA": 2, "COUNTY": "Anchorage Municipality", "COUNTYA": 20, "COUSUBA": NaN, "PLACEA": NaN, "TRACTA": 2303, "BLKGRPA": NaN, "BLOCKA": NaN, "CONCITA": NaN, "AIANHHA": NaN, "RES_ONLYA": NaN, "TRUSTA": NaN, "AITSCEA": NaN, "TTRACTA": NaN, "TBLKGRPA": NaN, "ANRCA": NaN, "CBSAA": 11260, "METDIVA": 99999, "CSAA": 999, "NECTAA": NaN, "NECTADIVA": NaN, "CNECTAA": NaN, "UAA": NaN, "URBRURALA": NaN, "CDA": NaN, "SLDUA": NaN, "SLDLA": NaN, "ZCTA5A": NaN, "SUBMCDA": NaN, "SDELMA": NaN, "SDSECA": NaN, "SDUNIA": NaN, "NAME": "Census Tract 23.03", "SABINSA": NaN, "TOTPOP": 9273, "H7X001": 9273, "WHITE": 5739, "BLACK": 382, "AIAN": 828, "ASIAN": 979, "NHPI": 265, "H7X007": 182, "H7X008": 898, "H7Y001": 9273, "H7Y002": 8509, "HISP": 764, "C_X": -3096569.060173477, "C_Y": 3464312.5357000004, "id": 72967}, {"boundary_node": false, "area": 2082235.5012034844, "STATEFP10": "02", "COUNTYFP10": "020", "TRACTCE10": "002400", "GEOID10": "02020002400", "NAME10": "24", "NAMELSAD10": "Census Tract 24", "MTFCC10": "G5020", "FUNCSTAT10": "S", "ALAND10": 2082234, "AWATER10": 0, "INTPTLAT10": "+61.1769667", "INTPTLON10": "-149.9202508", "GISJOIN": "G0200200002400", "Shape_area": 2082235.5012, "Shape_len": 7006.83313729, "YEAR": 2010, "REGIONA": 4, "DIVISIONA": 9, "STATE": "Alaska", "STATEA": 2, "COUNTY": "Anchorage Municipality", "COUNTYA": 20, "COUSUBA": NaN, "PLACEA": NaN, "TRACTA": 2400, "BLKGRPA": NaN, "BLOCKA": NaN, "CONCITA": NaN, "AIANHHA": NaN, "RES_ONLYA": NaN, "TRUSTA": NaN, "AITSCEA": NaN, "TTRACTA": NaN, "TBLKGRPA": NaN, "ANRCA": NaN, "CBSAA": 11260, "METDIVA": 99999, "CSAA": 999, "NECTAA": NaN, "NECTADIVA": NaN, "CNECTAA": NaN, "UAA": NaN, "URBRURALA": NaN, "CDA": NaN, "SLDUA": NaN, "SLDLA": NaN, "ZCTA5A": NaN, "SUBMCDA": NaN, "SDELMA": NaN, "SDSECA": NaN, "SDUNIA": NaN, "NAME": "Census Tract 24", "SABINSA": NaN, "TOTPOP": 3299, "H7X001": 3299, "WHITE": 2151, "BLACK": 98, "AIAN": 339, "ASIAN": 273, "NHPI": 112, "H7X007": 74, "H7X008": 252, "H7Y001": 3299, "H7Y002": 3070, "HISP": 229, "C_X": -3094326.866051412, "C_Y": 3466497.2340999995, "id": 72968}, {"boundary_node": false, "area": 4542298.340786463, "STATEFP10": "02", "COUNTYFP10": "020", "TRACTCE10": "002501", "GEOID10": "02020002501", "NAME10": "25.01", "NAMELSAD10": "Census Tract 25.01", "MTFCC10": "G5020", "FUNCSTAT10": "S", "ALAND10": 4542299, "AWATER10": 0, "INTPTLAT10": "+61.1593923", "INTPTLON10": "-149.8998662", "GISJOIN": "G0200200002501", "Shape_area": 4542298.34079, "Shape_len": 9445.9967032, "YEAR": 2010, "REGIONA": 4, "DIVISIONA": 9, "STATE": "Alaska", "STATEA": 2, "COUNTY": "Anchorage Municipality", "COUNTYA": 20, "COUSUBA": NaN, "PLACEA": NaN, "TRACTA": 2501, "BLKGRPA": NaN, "BLOCKA": NaN, "CONCITA": NaN, "AIANHHA": NaN, "RES_ONLYA": NaN, "TRUSTA": NaN, "AITSCEA": NaN, "TTRACTA": NaN, "TBLKGRPA": NaN, "ANRCA": NaN, "CBSAA": 11260, "METDIVA": 99999, "CSAA": 999, "NECTAA": NaN, "NECTADIVA": NaN, "CNECTAA": NaN, "UAA": NaN, "URBRURALA": NaN, "CDA": NaN, "SLDUA": NaN, "SLDLA": NaN, "ZCTA5A": NaN, "SUBMCDA": NaN, "SDELMA": NaN, "SDSECA": NaN, "SDUNIA": NaN, "NAME": "Census Tract 25.01", "SABINSA": NaN, "TOTPOP": 4993, "H7X001": 4993, "WHITE": 3245, "BLACK": 198, "AIAN": 447, "ASIAN": 376, "NHPI": 102, "H7X007": 197, "H7X008": 428, "H7Y001": 4993, "H7Y002": 4540, "HISP": 453, "C_X": -3094177.2226872947, "C_Y": 3464447.9243000015, "id": 72969}, {"boundary_node": false, "area": 5365017.706182752, "STATEFP10": "02", "COUNTYFP10": "020", "TRACTCE10": "002502", "GEOID10": "02020002502", "NAME10": "25.02", "NAMELSAD10": "Census Tract 25.02", "MTFCC10": "G5020", "FUNCSTAT10": "S", "ALAND10": 5365015, "AWATER10": 0, "INTPTLAT10": "+61.1591204", "INTPTLON10": "-149.8715728", "GISJOIN": "G0200200002502", "Shape_area": 5365017.70618, "Shape_len": 9993.0283271, "YEAR": 2010, "REGIONA": 4, "DIVISIONA": 9, "STATE": "Alaska", "STATEA": 2, "COUNTY": "Anchorage Municipality", "COUNTYA": 20, "COUSUBA": NaN, "PLACEA": NaN, "TRACTA": 2502, "BLKGRPA": NaN, "BLOCKA": NaN, "CONCITA": NaN, "AIANHHA": NaN, "RES_ONLYA": NaN, "TRUSTA": NaN, "AITSCEA": NaN, "TTRACTA": NaN, "TBLKGRPA": NaN, "ANRCA": NaN, "CBSAA": 11260, "METDIVA": 99999, "CSAA": 999, "NECTAA": NaN, "NECTADIVA": NaN, "CNECTAA": NaN, "UAA": NaN, "URBRURALA": NaN, "CDA": NaN, "SLDUA": NaN, "SLDLA": NaN, "ZCTA5A": NaN, "SUBMCDA": NaN, "SDELMA": NaN, "SDSECA": NaN, "SDUNIA": NaN, "NAME": "Census Tract 25.02", "SABINSA": NaN, "TOTPOP": 5236, "H7X001": 5236, "WHITE": 3373, "BLACK": 304, "AIAN": 374, "ASIAN": 469, "NHPI": 140, "H7X007": 111, "H7X008": 465, "H7Y001": 5236, "H7Y002": 4844, "HISP": 392, "C_X": -3092879.9615091234, "C_Y": 3463460.233250001, "id": 72970}, {"boundary_node": false, "area": 3723253.4478491764, "STATEFP10": "02", "COUNTYFP10": "020", "TRACTCE10": "002601", "GEOID10": "02020002601", "NAME10": "26.01", "NAMELSAD10": "Census Tract 26.01", "MTFCC10": "G5020", "FUNCSTAT10": "S", "ALAND10": 3723254, "AWATER10": 0, "INTPTLAT10": "+61.1517554", "INTPTLON10": "-149.8453139", "GISJOIN": "G0200200002601", "Shape_area": 3723253.44785, "Shape_len": 8412.11887647, "YEAR": 2010, "REGIONA": 4, "DIVISIONA": 9, "STATE": "Alaska", "STATEA": 2, "COUNTY": "Anchorage Municipality", "COUNTYA": 20, "COUSUBA": NaN, "PLACEA": NaN, "TRACTA": 2601, "BLKGRPA": NaN, "BLOCKA": NaN, "CONCITA": NaN, "AIANHHA": NaN, "RES_ONLYA": NaN, "TRUSTA": NaN, "AITSCEA": NaN, "TTRACTA": NaN, "TBLKGRPA": NaN, "ANRCA": NaN, "CBSAA": 11260, "METDIVA": 99999, "CSAA": 999, "NECTAA": NaN, "NECTADIVA": NaN, "CNECTAA": NaN, "UAA": NaN, "URBRURALA": NaN, "CDA": NaN, "SLDUA": NaN, "SLDLA": NaN, "ZCTA5A": NaN, "SUBMCDA": NaN, "SDELMA": NaN, "SDSECA": NaN, "SDUNIA": NaN, "NAME": "Census Tract 26.01", "SABINSA": NaN, "TOTPOP": 4784, "H7X001": 4784, "WHITE": 2622, "BLACK": 279, "AIAN": 450, "ASIAN": 629, "NHPI": 84, "H7X007": 165, "H7X008": 555, "H7Y001": 4784, "H7Y002": 4320, "HISP": 464, "C_X": -3091876.2302274434, "C_Y": 3462040.232950001, "id": 72971}, {"boundary_node": false, "area": 2670517.496281163, "STATEFP10": "02", "COUNTYFP10": "020", "TRACTCE10": "002602", "GEOID10": "02020002602", "NAME10": "26.02", "NAMELSAD10": "Census Tract 26.02", "MTFCC10": "G5020", "FUNCSTAT10": "S", "ALAND10": 2670520, "AWATER10": 0, "INTPTLAT10": "+61.1592737", "INTPTLON10": "-149.8194688", "GISJOIN": "G0200200002602", "Shape_area": 2670517.49628, "Shape_len": 6827.29076658, "YEAR": 2010, "REGIONA": 4, "DIVISIONA": 9, "STATE": "Alaska", "STATEA": 2, "COUNTY": "Anchorage Municipality", "COUNTYA": 20, "COUSUBA": NaN, "PLACEA": NaN, "TRACTA": 2602, "BLKGRPA": NaN, "BLOCKA": NaN, "CONCITA": NaN, "AIANHHA": NaN, "RES_ONLYA": NaN, "TRUSTA": NaN, "AITSCEA": NaN, "TTRACTA": NaN, "TBLKGRPA": NaN, "ANRCA": NaN, "CBSAA": 11260, "METDIVA": 99999, "CSAA": 999, "NECTAA": NaN, "NECTADIVA": NaN, "CNECTAA": NaN, "UAA": NaN, "URBRURALA": NaN, "CDA": NaN, "SLDUA": NaN, "SLDLA": NaN, "ZCTA5A": NaN, "SUBMCDA": NaN, "SDELMA": NaN, "SDSECA": NaN, "SDUNIA": NaN, "NAME": "Census Tract 26.02", "SABINSA": NaN, "TOTPOP": 5805, "H7X001": 5805, "WHITE": 3643, "BLACK": 208, "AIAN": 449, "ASIAN": 724, "NHPI": 97, "H7X007": 171, "H7X008": 513, "H7Y001": 5805, "H7Y002": 5311, "HISP": 494, "C_X": -3090119.002957221, "C_Y": 3461841.118250001, "id": 72972}, {"boundary_node": false, "area": 2589264.691700827, "STATEFP10": "02", "COUNTYFP10": "020", "TRACTCE10": "002603", "GEOID10": "02020002603", "NAME10": "26.03", "NAMELSAD10": "Census Tract 26.03", "MTFCC10": "G5020", "FUNCSTAT10": "S", "ALAND10": 2589266, "AWATER10": 0, "INTPTLAT10": "+61.1447412", "INTPTLON10": "-149.8192078", "GISJOIN": "G0200200002603", "Shape_area": 2589264.6917, "Shape_len": 6480.2119097, "YEAR": 2010, "REGIONA": 4, "DIVISIONA": 9, "STATE": "Alaska", "STATEA": 2, "COUNTY": "Anchorage Municipality", "COUNTYA": 20, "COUSUBA": NaN, "PLACEA": NaN, "TRACTA": 2603, "BLKGRPA": NaN, "BLOCKA": NaN, "CONCITA": NaN, "AIANHHA": NaN, "RES_ONLYA": NaN, "TRUSTA": NaN, "AITSCEA": NaN, "TTRACTA": NaN, "TBLKGRPA": NaN, "ANRCA": NaN, "CBSAA": 11260, "METDIVA": 99999, "CSAA": 999, "NECTAA": NaN, "NECTADIVA": NaN, "CNECTAA": NaN, "UAA": NaN, "URBRURALA": NaN, "CDA": NaN, "SLDUA": NaN, "SLDLA": NaN, "ZCTA5A": NaN, "SUBMCDA": NaN, "SDELMA": NaN, "SDSECA": NaN, "SDUNIA": NaN, "NAME": "Census Tract 26.03", "SABINSA": NaN, "TOTPOP": 6341, "H7X001": 6341, "WHITE": 4151, "BLACK": 263, "AIAN": 555, "ASIAN": 599, "NHPI": 102, "H7X007": 128, "H7X008": 543, "H7Y001": 6341, "H7Y002": 5904, "HISP": 437, "C_X": -3090925.935998953, "C_Y": 3460590.6141500017, "id": 72973}, {"boundary_node": true, "boundary_perim": 12526.656238246062, "area": 12313198.565133478, "STATEFP10": "02", "COUNTYFP10": "020", "TRACTCE10": "002702", "GEOID10": "02020002702", "NAME10": "27.02", "NAMELSAD10": "Census Tract 27.02", "MTFCC10": "G5020", "FUNCSTAT10": "S", "ALAND10": 12313181, "AWATER10": 56645169, "INTPTLAT10": "+61.0933123", "INTPTLON10": "-149.8674822", "GISJOIN": "G0200200002702", "Shape_area": 12313198.5651, "Shape_len": 25917.8924047, "YEAR": 2010, "REGIONA": 4, "DIVISIONA": 9, "STATE": "Alaska", "STATEA": 2, "COUNTY": "Anchorage Municipality", "COUNTYA": 20, "COUSUBA": NaN, "PLACEA": NaN, "TRACTA": 2702, "BLKGRPA": NaN, "BLOCKA": NaN, "CONCITA": NaN, "AIANHHA": NaN, "RES_ONLYA": NaN, "TRUSTA": NaN, "AITSCEA": NaN, "TTRACTA": NaN, "TBLKGRPA": NaN, "ANRCA": NaN, "CBSAA": 11260, "METDIVA": 99999, "CSAA": 999, "NECTAA": NaN, "NECTADIVA": NaN, "CNECTAA": NaN, "UAA": NaN, "URBRURALA": NaN, "CDA": NaN, "SLDUA": NaN, "SLDLA": NaN, "ZCTA5A": NaN, "SUBMCDA": NaN, "SDELMA": NaN, "SDSECA": NaN, "SDUNIA": NaN, "NAME": "Census Tract 27.02", "SABINSA": NaN, "TOTPOP": 9670, "H7X001": 9670, "WHITE": 7384, "BLACK": 239, "AIAN": 591, "ASIAN": 507, "NHPI": 53, "H7X007": 137, "H7X008": 759, "H7Y001": 9670, "H7Y002": 9072, "HISP": 598, "C_X": -3095365.45099037, "C_Y": 3457055.45575, "id": 72974}, {"boundary_node": true, "boundary_perim": 4836.30947050145, "area": 7932071.582182258, "STATEFP10": "02", "COUNTYFP10": "020", "TRACTCE10": "002711", "GEOID10": "02020002711", "NAME10": "27.11", "NAMELSAD10": "Census Tract 27.11", "MTFCC10": "G5020", "FUNCSTAT10": "S", "ALAND10": 7432074, "AWATER10": 22756716, "INTPTLAT10": "+61.1242929", "INTPTLON10": "-149.9564551", "GISJOIN": "G0200200002711", "Shape_area": 7932071.58218, "Shape_len": 14492.5987932, "YEAR": 2010, "REGIONA": 4, "DIVISIONA": 9, "STATE": "Alaska", "STATEA": 2, "COUNTY": "Anchorage Municipality", "COUNTYA": 20, "COUSUBA": NaN, "PLACEA": NaN, "TRACTA": 2711, "BLKGRPA": NaN, "BLOCKA": NaN, "CONCITA": NaN, "AIANHHA": NaN, "RES_ONLYA": NaN, "TRUSTA": NaN, "AITSCEA": NaN, "TTRACTA": NaN, "TBLKGRPA": NaN, "ANRCA": NaN, "CBSAA": 11260, "METDIVA": 99999, "CSAA": 999, "NECTAA": NaN, "NECTADIVA": NaN, "CNECTAA": NaN, "UAA": NaN, "URBRURALA": NaN, "CDA": NaN, "SLDUA": NaN, "SLDLA": NaN, "ZCTA5A": NaN, "SUBMCDA": NaN, "SDELMA": NaN, "SDSECA": NaN, "SDUNIA": NaN, "NAME": "Census Tract 27.11", "SABINSA": NaN, "TOTPOP": 6589, "H7X001": 6589, "WHITE": 4926, "BLACK": 182, "AIAN": 328, "ASIAN": 588, "NHPI": 63, "H7X007": 80, "H7X008": 422, "H7Y001": 6589, "H7Y002": 6291, "HISP": 298, "C_X": -3099101.509537847, "C_Y": 3464221.5882000006, "id": 72975}, {"boundary_node": false, "area": 11544576.96555211, "STATEFP10": "02", "COUNTYFP10": "020", "TRACTCE10": "002712", "GEOID10": "02020002712", "NAME10": "27.12", "NAMELSAD10": "Census Tract 27.12", "MTFCC10": "G5020", "FUNCSTAT10": "S", "ALAND10": 11544577, "AWATER10": 0, "INTPTLAT10": "+61.1285900", "INTPTLON10": "-149.8901918", "GISJOIN": "G0200200002712", "Shape_area": 11544576.9656, "Shape_len": 14639.1225128, "YEAR": 2010, "REGIONA": 4, "DIVISIONA": 9, "STATE": "Alaska", "STATEA": 2, "COUNTY": "Anchorage Municipality", "COUNTYA": 20, "COUSUBA": NaN, "PLACEA": NaN, "TRACTA": 2712, "BLKGRPA": NaN, "BLOCKA": NaN, "CONCITA": NaN, "AIANHHA": NaN, "RES_ONLYA": NaN, "TRUSTA": NaN, "AITSCEA": NaN, "TTRACTA": NaN, "TBLKGRPA": NaN, "ANRCA": NaN, "CBSAA": 11260, "METDIVA": 99999, "CSAA": 999, "NECTAA": NaN, "NECTADIVA": NaN, "CNECTAA": NaN, "UAA": NaN, "URBRURALA": NaN, "CDA": NaN, "SLDUA": NaN, "SLDLA": NaN, "ZCTA5A": NaN, "SUBMCDA": NaN, "SDELMA": NaN, "SDSECA": NaN, "SDUNIA": NaN, "NAME": "Census Tract 27.12", "SABINSA": NaN, "TOTPOP": 9068, "H7X001": 9068, "WHITE": 5296, "BLACK": 349, "AIAN": 840, "ASIAN": 1281, "NHPI": 85, "H7X007": 385, "H7X008": 832, "H7Y001": 9068, "H7Y002": 8105, "HISP": 963, "C_X": -3095391.7276037773, "C_Y": 3461347.5989500005, "id": 72976}, {"boundary_node": false, "area": 1961261.0166895567, "STATEFP10": "02", "COUNTYFP10": "020", "TRACTCE10": "002811", "GEOID10": "02020002811", "NAME10": "28.11", "NAMELSAD10": "Census Tract 28.11", "MTFCC10": "G5020", "FUNCSTAT10": "S", "ALAND10": 1961261, "AWATER10": 0, "INTPTLAT10": "+61.1303796", "INTPTLON10": "-149.8452258", "GISJOIN": "G0200200002811", "Shape_area": 1961261.01669, "Shape_len": 5723.79587273, "YEAR": 2010, "REGIONA": 4, "DIVISIONA": 9, "STATE": "Alaska", "STATEA": 2, "COUNTY": "Anchorage Municipality", "COUNTYA": 20, "COUSUBA": NaN, "PLACEA": NaN, "TRACTA": 2811, "BLKGRPA": NaN, "BLOCKA": NaN, "CONCITA": NaN, "AIANHHA": NaN, "RES_ONLYA": NaN, "TRUSTA": NaN, "AITSCEA": NaN, "TTRACTA": NaN, "TBLKGRPA": NaN, "ANRCA": NaN, "CBSAA": 11260, "METDIVA": 99999, "CSAA": 999, "NECTAA": NaN, "NECTADIVA": NaN, "CNECTAA": NaN, "UAA": NaN, "URBRURALA": NaN, "CDA": NaN, "SLDUA": NaN, "SLDLA": NaN, "ZCTA5A": NaN, "SUBMCDA": NaN, "SDELMA": NaN, "SDSECA": NaN, "SDUNIA": NaN, "NAME": "Census Tract 28.11", "SABINSA": NaN, "TOTPOP": 6313, "H7X001": 6313, "WHITE": 3721, "BLACK": 274, "AIAN": 631, "ASIAN": 794, "NHPI": 46, "H7X007": 275, "H7X008": 572, "H7Y001": 6313, "H7Y002": 5709, "HISP": 604, "C_X": -3093031.809361634, "C_Y": 3460224.430700002, "id": 72977}, {"boundary_node": false, "area": 14793098.641298067, "STATEFP10": "02", "COUNTYFP10": "020", "TRACTCE10": "002812", "GEOID10": "02020002812", "NAME10": "28.12", "NAMELSAD10": "Census Tract 28.12", "MTFCC10": "G5020", "FUNCSTAT10": "S", "ALAND10": 14793115, "AWATER10": 0, "INTPTLAT10": "+61.1254151", "INTPTLON10": "-149.8038233", "GISJOIN": "G0200200002812", "Shape_area": 14793098.6413, "Shape_len": 20982.9207897, "YEAR": 2010, "REGIONA": 4, "DIVISIONA": 9, "STATE": "Alaska", "STATEA": 2, "COUNTY": "Anchorage Municipality", "COUNTYA": 20, "COUSUBA": NaN, "PLACEA": NaN, "TRACTA": 2812, "BLKGRPA": NaN, "BLOCKA": NaN, "CONCITA": NaN, "AIANHHA": NaN, "RES_ONLYA": NaN, "TRUSTA": NaN, "AITSCEA": NaN, "TTRACTA": NaN, "TBLKGRPA": NaN, "ANRCA": NaN, "CBSAA": 11260, "METDIVA": 99999, "CSAA": 999, "NECTAA": NaN, "NECTADIVA": NaN, "CNECTAA": NaN, "UAA": NaN, "URBRURALA": NaN, "CDA": NaN, "SLDUA": NaN, "SLDLA": NaN, "ZCTA5A": NaN, "SUBMCDA": NaN, "SDELMA": NaN, "SDSECA": NaN, "SDUNIA": NaN, "NAME": "Census Tract 28.12", "SABINSA": NaN, "TOTPOP": 7166, "H7X001": 7166, "WHITE": 6014, "BLACK": 118, "AIAN": 268, "ASIAN": 369, "NHPI": 12, "H7X007": 55, "H7X008": 330, "H7Y001": 7166, "H7Y002": 6897, "HISP": 269, "C_X": -3091590.332078278, "C_Y": 3458316.4783999985, "id": 72978}, {"boundary_node": false, "area": 86201689.98472424, "STATEFP10": "02", "COUNTYFP10": "020", "TRACTCE10": "002813", "GEOID10": "02020002813", "NAME10": "28.13", "NAMELSAD10": "Census Tract 28.13", "MTFCC10": "G5020", "FUNCSTAT10": "S", "ALAND10": 86139769, "AWATER10": 60591, "INTPTLAT10": "+61.1151498", "INTPTLON10": "-149.6162214", "GISJOIN": "G0200200002813", "Shape_area": 86201689.9847, "Shape_len": 46653.7703625, "YEAR": 2010, "REGIONA": 4, "DIVISIONA": 9, "STATE": "Alaska", "STATEA": 2, "COUNTY": "Anchorage Municipality", "COUNTYA": 20, "COUSUBA": NaN, "PLACEA": NaN, "TRACTA": 2813, "BLKGRPA": NaN, "BLOCKA": NaN, "CONCITA": NaN, "AIANHHA": NaN, "RES_ONLYA": NaN, "TRUSTA": NaN, "AITSCEA": NaN, "TTRACTA": NaN, "TBLKGRPA": NaN, "ANRCA": NaN, "CBSAA": 11260, "METDIVA": 99999, "CSAA": 999, "NECTAA": NaN, "NECTADIVA": NaN, "CNECTAA": NaN, "UAA": NaN, "URBRURALA": NaN, "CDA": NaN, "SLDUA": NaN, "SLDLA": NaN, "ZCTA5A": NaN, "SUBMCDA": NaN, "SDELMA": NaN, "SDSECA": NaN, "SDUNIA": NaN, "NAME": "Census Tract 28.13", "SABINSA": NaN, "TOTPOP": 4579, "H7X001": 4579, "WHITE": 4147, "BLACK": 46, "AIAN": 122, "ASIAN": 85, "NHPI": 5, "H7X007": 31, "H7X008": 143, "H7Y001": 4579, "H7Y002": 4470, "HISP": 109, "C_X": -3081999.424451245, "C_Y": 3451968.994750001, "id": 72979}, {"boundary_node": false, "area": 3579535.430077075, "STATEFP10": "02", "COUNTYFP10": "020", "TRACTCE10": "002821", "GEOID10": "02020002821", "NAME10": "28.21", "NAMELSAD10": "Census Tract 28.21", "MTFCC10": "G5020", "FUNCSTAT10": "S", "ALAND10": 3579532, "AWATER10": 0, "INTPTLAT10": "+61.1015718", "INTPTLON10": "-149.8225005", "GISJOIN": "G0200200002821", "Shape_area": 3579535.43008, "Shape_len": 8813.32477047, "YEAR": 2010, "REGIONA": 4, "DIVISIONA": 9, "STATE": "Alaska", "STATEA": 2, "COUNTY": "Anchorage Municipality", "COUNTYA": 20, "COUSUBA": NaN, "PLACEA": NaN, "TRACTA": 2821, "BLKGRPA": NaN, "BLOCKA": NaN, "CONCITA": NaN, "AIANHHA": NaN, "RES_ONLYA": NaN, "TRUSTA": NaN, "AITSCEA": NaN, "TTRACTA": NaN, "TBLKGRPA": NaN, "ANRCA": NaN, "CBSAA": 11260, "METDIVA": 99999, "CSAA": 999, "NECTAA": NaN, "NECTADIVA": NaN, "CNECTAA": NaN, "UAA": NaN, "URBRURALA": NaN, "CDA": NaN, "SLDUA": NaN, "SLDLA": NaN, "ZCTA5A": NaN, "SUBMCDA": NaN, "SDELMA": NaN, "SDSECA": NaN, "SDUNIA": NaN, "NAME": "Census Tract 28.21", "SABINSA": NaN, "TOTPOP": 5050, "H7X001": 5050, "WHITE": 4249, "BLACK": 112, "AIAN": 177, "ASIAN": 214, "NHPI": 11, "H7X007": 43, "H7X008": 244, "H7Y001": 5050, "H7Y002": 4845, "HISP": 205, "C_X": -3093302.699540428, "C_Y": 3457117.236900001, "id": 72980}, {"boundary_node": false, "area": 10861576.236554654, "STATEFP10": "02", "COUNTYFP10": "020", "TRACTCE10": "002822", "GEOID10": "02020002822", "NAME10": "28.22", "NAMELSAD10": "Census Tract 28.22", "MTFCC10": "G5020", "FUNCSTAT10": "S", "ALAND10": 10861578, "AWATER10": 0, "INTPTLAT10": "+61.0948196", "INTPTLON10": "-149.7823099", "GISJOIN": "G0200200002822", "Shape_area": 10861576.2366, "Shape_len": 17538.0225149, "YEAR": 2010, "REGIONA": 4, "DIVISIONA": 9, "STATE": "Alaska", "STATEA": 2, "COUNTY": "Anchorage Municipality", "COUNTYA": 20, "COUSUBA": NaN, "PLACEA": NaN, "TRACTA": 2822, "BLKGRPA": NaN, "BLOCKA": NaN, "CONCITA": NaN, "AIANHHA": NaN, "RES_ONLYA": NaN, "TRUSTA": NaN, "AITSCEA": NaN, "TTRACTA": NaN, "TBLKGRPA": NaN, "ANRCA": NaN, "CBSAA": 11260, "METDIVA": 99999, "CSAA": 999, "NECTAA": NaN, "NECTADIVA": NaN, "CNECTAA": NaN, "UAA": NaN, "URBRURALA": NaN, "CDA": NaN, "SLDUA": NaN, "SLDLA": NaN, "ZCTA5A": NaN, "SUBMCDA": NaN, "SDELMA": NaN, "SDSECA": NaN, "SDUNIA": NaN, "NAME": "Census Tract 28.22", "SABINSA": NaN, "TOTPOP": 4020, "H7X001": 4020, "WHITE": 3563, "BLACK": 34, "AIAN": 169, "ASIAN": 71, "NHPI": 0, "H7X007": 31, "H7X008": 152, "H7Y001": 4020, "H7Y002": 3908, "HISP": 112, "C_X": -3091592.8383816285, "C_Y": 3455283.721250001, "id": 72981}, {"boundary_node": true, "boundary_perim": 5787.270670076672, "area": 85721689.81760262, "STATEFP10": "02", "COUNTYFP10": "020", "TRACTCE10": "002823", "GEOID10": "02020002823", "NAME10": "28.23", "NAMELSAD10": "Census Tract 28.23", "MTFCC10": "G5020", "FUNCSTAT10": "S", "ALAND10": 85721950, "AWATER10": 11963943, "INTPTLAT10": "+61.0532891", "INTPTLON10": "-149.7028074", "GISJOIN": "G0200200002823", "Shape_area": 85721689.8176, "Shape_len": 45259.3293876, "YEAR": 2010, "REGIONA": 4, "DIVISIONA": 9, "STATE": "Alaska", "STATEA": 2, "COUNTY": "Anchorage Municipality", "COUNTYA": 20, "COUSUBA": NaN, "PLACEA": NaN, "TRACTA": 2823, "BLKGRPA": NaN, "BLOCKA": NaN, "CONCITA": NaN, "AIANHHA": NaN, "RES_ONLYA": NaN, "TRUSTA": NaN, "AITSCEA": NaN, "TTRACTA": NaN, "TBLKGRPA": NaN, "ANRCA": NaN, "CBSAA": 11260, "METDIVA": 99999, "CSAA": 999, "NECTAA": NaN, "NECTADIVA": NaN, "CNECTAA": NaN, "UAA": NaN, "URBRURALA": NaN, "CDA": NaN, "SLDUA": NaN, "SLDLA": NaN, "ZCTA5A": NaN, "SUBMCDA": NaN, "SDELMA": NaN, "SDSECA": NaN, "SDUNIA": NaN, "NAME": "Census Tract 28.23", "SABINSA": NaN, "TOTPOP": 5217, "H7X001": 5217, "WHITE": 4525, "BLACK": 79, "AIAN": 133, "ASIAN": 200, "NHPI": 7, "H7X007": 40, "H7X008": 233, "H7Y001": 5217, "H7Y002": 5029, "HISP": 188, "C_X": -3089715.1777338185, "C_Y": 3450092.771255979, "id": 72982}, {"boundary_node": true, "boundary_perim": 107751.46696627163, "area": 1415292909.595698, "STATEFP10": "02", "COUNTYFP10": "020", "TRACTCE10": "002900", "GEOID10": "02020002900", "NAME10": "29", "NAMELSAD10": "Census Tract 29", "MTFCC10": "G5020", "FUNCSTAT10": "S", "ALAND10": 1403573838, "AWATER10": 154280567, "INTPTLAT10": "+60.9724750", "INTPTLON10": "-149.0854386", "GISJOIN": "G0200200002900", "Shape_area": 1415292909.6, "Shape_len": 260784.121094, "YEAR": 2010, "REGIONA": 4, "DIVISIONA": 9, "STATE": "Alaska", "STATEA": 2, "COUNTY": "Anchorage Municipality", "COUNTYA": 20, "COUSUBA": NaN, "PLACEA": NaN, "TRACTA": 2900, "BLKGRPA": NaN, "BLOCKA": NaN, "CONCITA": NaN, "AIANHHA": NaN, "RES_ONLYA": NaN, "TRUSTA": NaN, "AITSCEA": NaN, "TTRACTA": NaN, "TBLKGRPA": NaN, "ANRCA": NaN, "CBSAA": 11260, "METDIVA": 99999, "CSAA": 999, "NECTAA": NaN, "NECTADIVA": NaN, "CNECTAA": NaN, "UAA": NaN, "URBRURALA": NaN, "CDA": NaN, "SLDUA": NaN, "SLDLA": NaN, "ZCTA5A": NaN, "SUBMCDA": NaN, "SDELMA": NaN, "SDSECA": NaN, "SDUNIA": NaN, "NAME": "Census Tract 29", "SABINSA": NaN, "TOTPOP": 2570, "H7X001": 2570, "WHITE": 2350, "BLACK": 5, "AIAN": 54, "ASIAN": 66, "NHPI": 2, "H7X007": 21, "H7X008": 72, "H7Y001": 2570, "H7Y002": 2478, "HISP": 92, "C_X": -3065012.4176789355, "C_Y": 3426001.169150001, "id": 72983}], "adjacency": [[{"shared_perim": 3625.274754359254, "id": 72929}, {"shared_perim": 2086.133955616476, "id": 72920}], [{"shared_perim": 28776.854100873617, "id": 72983}], [{"shared_perim": 1377.960862170052, "id": 72929}, {"shared_perim": 81006.82017347352, "id": 72920}], [{"shared_perim": 2086.133955616476, "id": 72890}, {"shared_perim": 81006.82017347352, "id": 72919}, {"shared_perim": 52000.61791947578, "id": 72929}], [{"shared_perim": 3625.274754359254, "id": 72890}, {"shared_perim": 1377.960862170052, "id": 72919}, {"shared_perim": 52000.61791947578, "id": 72920}, {"shared_perim": 38081.50108750514, "id": 72983}, {"shared_perim": 23549.686308457145, "id": 72934}, {"shared_perim": 40187.87205173205, "id": 72930}], [{"shared_perim": 40187.87205173205, "id": 72929}, {"shared_perim": 28864.901564460248, "id": 72934}, {"shared_perim": 11587.472123332573, "id": 72935}, {"shared_perim": 2367.7926641400795, "id": 72933}, {"shared_perim": 9429.886745310781, "id": 72932}, {"shared_perim": 3085.6203184769993, "id": 72931}], [{"shared_perim": 3085.6203184769993, "id": 72930}, {"shared_perim": 851.1778786875001, "id": 72934}, {"shared_perim": 2181.08177996516, "id": 72935}, {"shared_perim": 648.6749352629828, "id": 72933}, {"shared_perim": 2727.1203262257277, "id": 72932}], [{"shared_perim": 9429.886745310781, "id": 72930}, {"shared_perim": 2727.1203262257277, "id": 72931}, {"shared_perim": 5544.062190667359, "id": 72933}], [{"shared_perim": 2367.7926641400795, "id": 72930}, {"shared_perim": 648.6749352629828, "id": 72931}, {"shared_perim": 5544.062190667359, "id": 72932}, {"shared_perim": 17309.029990045707, "id": 72934}], [{"shared_perim": 23549.686308457145, "id": 72929}, {"shared_perim": 28864.901564460248, "id": 72930}, {"shared_perim": 851.1778786875001, "id": 72931}, {"shared_perim": 17309.029990045707, "id": 72933}, {"shared_perim": 46254.29946046146, "id": 72983}, {"shared_perim": 9669.96318074451, "id": 72935}], [{"shared_perim": 11587.472123332573, "id": 72930}, {"shared_perim": 2181.08177996516, "id": 72931}, {"shared_perim": 9669.96318074451, "id": 72934}, {"shared_perim": 20857.107084423445, "id": 72983}, {"shared_perim": 20623.366506378316, "id": 72979}, {"shared_perim": 4338.844155945021, "id": 72978}, {"shared_perim": 714.8923309904694, "id": 72973}, {"shared_perim": 3249.508548309947, "id": 72957}, {"shared_perim": 1665.7868634271751, "id": 72972}, {"shared_perim": 1813.777194603492, "id": 72954}, {"shared_perim": 1273.6474593609028, "id": 72956}, {"shared_perim": 1436.0771711806158, "id": 72959}, {"shared_perim": 1813.2171969972653, "id": 72953}, {"shared_perim": 5181.626206915218, "id": 72941}, {"shared_perim": 12310.894203047743, "id": 72936}], [{"shared_perim": 12310.894203047743, "id": 72935}, {"shared_perim": 568.5561772729072, "id": 72941}, {"shared_perim": 1407.9695854230893, "id": 72940}, {"shared_perim": 1356.0677202113236, "id": 72939}, {"shared_perim": 903.1086694884227, "id": 72942}, {"shared_perim": 3694.6558673051827, "id": 72938}, {"shared_perim": 6885.0557206031635, "id": 72937}], [{"shared_perim": 6885.0557206031635, "id": 72936}, {"shared_perim": 3679.317896096155, "id": 72938}, {"shared_perim": 28.09791408734751, "id": 72948}, {"shared_perim": 1142.058285301916, "id": 72947}], [{"shared_perim": 3694.6558673051827, "id": 72936}, {"shared_perim": 3679.317896096155, "id": 72937}, {"shared_perim": 968.0492426845079, "id": 72942}, {"shared_perim": 4181.918818811839, "id": 72944}, {"shared_perim": 741.7089613822976, "id": 72946}, {"shared_perim": 657.4058690145955, "id": 72947}], [{"shared_perim": 1356.0677202113236, "id": 72936}, {"shared_perim": 1361.4108901398206, "id": 72955}, {"shared_perim": 1470.4612913403585, "id": 72940}, {"shared_perim": 1489.667661531738, "id": 72942}], [{"shared_perim": 1407.9695854230893, "id": 72936}, {"shared_perim": 1470.4612913403585, "id": 72939}, {"shared_perim": 906.8406155003785, "id": 72956}, {"shared_perim": 453.54078956678154, "id": 72955}, {"shared_perim": 1720.2541311090088, "id": 72941}], [{"shared_perim": 5181.626206915218, "id": 72935}, {"shared_perim": 568.5561772729072, "id": 72936}, {"shared_perim": 1720.2541311090088, "id": 72940}, {"shared_perim": 993.6620392461446, "id": 72956}], [{"shared_perim": 903.1086694884227, "id": 72936}, {"shared_perim": 968.0492426845079, "id": 72938}, {"shared_perim": 1489.667661531738, "id": 72939}, {"shared_perim": 1813.6822071910908, "id": 72943}, {"shared_perim": 1128.3929006009273, "id": 72944}], [{"shared_perim": 1813.6822071910908, "id": 72942}, {"shared_perim": 1431.7365909606206, "id": 72955}, {"shared_perim": 1946.6061868021272, "id": 72953}, {"shared_perim": 1075.0424352700716, "id": 72952}], [{"shared_perim": 4181.918818811839, "id": 72938}, {"shared_perim": 1128.3929006009273, "id": 72942}, {"shared_perim": 1868.5951220317447, "id": 72952}, {"shared_perim": 1736.1169257576253, "id": 72945}, {"shared_perim": 1168.8073707123808, "id": 72946}], [{"shared_perim": 1736.1169257576253, "id": 72944}, {"shared_perim": 1940.9982277792242, "id": 72951}, {"shared_perim": 801.1781450326542, "id": 72952}, {"shared_perim": 611.1297212375026, "id": 72946}], [{"shared_perim": 741.7089613822976, "id": 72938}, {"shared_perim": 1168.8073707123808, "id": 72944}, {"shared_perim": 611.1297212375026, "id": 72945}, {"shared_perim": 1273.4447471043577, "id": 72950}, {"shared_perim": 1014.6899787932329, "id": 72948}, {"shared_perim": 1079.0412761509215, "id": 72947}], [{"shared_perim": 1142.058285301916, "id": 72937}, {"shared_perim": 657.4058690145955, "id": 72938}, {"shared_perim": 1079.0412761509215, "id": 72946}, {"shared_perim": 1676.7626342164526, "id": 72948}], [{"shared_perim": 28.09791408734751, "id": 72937}, {"shared_perim": 1014.6899787932329, "id": 72946}, {"shared_perim": 1676.7626342164526, "id": 72947}, {"shared_perim": 1600.4243973874109, "id": 72950}, {"shared_perim": 1001.1318633204902, "id": 72949}], [{"shared_perim": 1001.1318633204902, "id": 72948}, {"shared_perim": 765.2105996224196, "id": 72950}, {"shared_perim": 1005.9729876224317, "id": 72962}, {"shared_perim": 795.8052455217065, "id": 72964}, {"shared_perim": 1509.0277306303306, "id": 72963}, {"shared_perim": 581.0307628913696, "id": 72965}], [{"shared_perim": 1273.4447471043577, "id": 72946}, {"shared_perim": 1600.4243973874109, "id": 72948}, {"shared_perim": 765.2105996224196, "id": 72949}, {"shared_perim": 624.78796525171, "id": 72951}, {"shared_perim": 1811.8907484354647, "id": 72960}, {"shared_perim": 916.8157865540169, "id": 72961}], [{"shared_perim": 1940.9982277792242, "id": 72945}, {"shared_perim": 624.78796525171, "id": 72950}, {"shared_perim": 317.64289168247325, "id": 72959}, {"shared_perim": 1120.6306034531694, "id": 72953}, {"shared_perim": 1352.094704175946, "id": 72958}, {"shared_perim": 418.5807085996756, "id": 72952}, {"shared_perim": 1539.3076626719353, "id": 72960}], [{"shared_perim": 1075.0424352700716, "id": 72943}, {"shared_perim": 1868.5951220317447, "id": 72944}, {"shared_perim": 801.1781450326542, "id": 72945}, {"shared_perim": 418.5807085996756, "id": 72951}, {"shared_perim": 1928.5629579829517, "id": 72953}], [{"shared_perim": 1813.2171969972653, "id": 72935}, {"shared_perim": 1946.6061868021272, "id": 72943}, {"shared_perim": 1120.6306034531694, "id": 72951}, {"shared_perim": 1928.5629579829517, "id": 72952}, {"shared_perim": 1441.841773207149, "id": 72954}, {"shared_perim": 2167.5957286067105, "id": 72959}], [{"shared_perim": 1813.777194603492, "id": 72935}, {"shared_perim": 1441.841773207149, "id": 72953}, {"shared_perim": 1437.6811710151, "id": 72957}, {"shared_perim": 1813.2884473132908, "id": 72955}], [{"shared_perim": 1361.4108901398206, "id": 72939}, {"shared_perim": 453.54078956678154, "id": 72940}, {"shared_perim": 1431.7365909606206, "id": 72943}, {"shared_perim": 1813.2884473132908, "id": 72954}, {"shared_perim": 1586.3165463595556, "id": 72956}], [{"shared_perim": 1273.6474593609028, "id": 72935}, {"shared_perim": 906.8406155003785, "id": 72940}, {"shared_perim": 993.6620392461446, "id": 72941}, {"shared_perim": 1586.3165463595556, "id": 72955}, {"shared_perim": 1781.308962406219, "id": 72957}], [{"shared_perim": 3249.508548309947, "id": 72935}, {"shared_perim": 1437.6811710151, "id": 72954}, {"shared_perim": 1781.308962406219, "id": 72956}], [{"shared_perim": 1352.094704175946, "id": 72951}, {"shared_perim": 1110.6346076228926, "id": 72971}, {"shared_perim": 1428.4779518067276, "id": 72959}, {"shared_perim": 906.3079879012449, "id": 72970}, {"shared_perim": 547.0529015077769, "id": 72960}], [{"shared_perim": 1436.0771711806158, "id": 72935}, {"shared_perim": 317.64289168247325, "id": 72951}, {"shared_perim": 2167.5957286067105, "id": 72953}, {"shared_perim": 1428.4779518067276, "id": 72958}, {"shared_perim": 1844.968056412688, "id": 72972}], [{"shared_perim": 1811.8907484354647, "id": 72950}, {"shared_perim": 1539.3076626719353, "id": 72951}, {"shared_perim": 547.0529015077769, "id": 72958}, {"shared_perim": 2206.6723982514973, "id": 72970}, {"shared_perim": 690.9737495324728, "id": 72969}, {"shared_perim": 706.6773497344373, "id": 72968}, {"shared_perim": 1436.8020223888136, "id": 72961}], [{"shared_perim": 916.8157865540169, "id": 72950}, {"shared_perim": 1436.8020223888136, "id": 72960}, {"shared_perim": 929.786059064555, "id": 72968}, {"shared_perim": 1439.3946641545099, "id": 72962}], [{"shared_perim": 1005.9729876224317, "id": 72949}, {"shared_perim": 1439.3946641545099, "id": 72961}, {"shared_perim": 1551.4191500665506, "id": 72968}, {"shared_perim": 1857.2222655656537, "id": 72964}], [{"shared_perim": 1509.0277306303306, "id": 72949}, {"shared_perim": 419.92382851849396, "id": 72968}, {"shared_perim": 1736.7568380455596, "id": 72964}, {"shared_perim": 3435.936868064821, "id": 72965}], [{"shared_perim": 795.8052455217065, "id": 72949}, {"shared_perim": 1857.2222655656537, "id": 72962}, {"shared_perim": 1736.7568380455596, "id": 72963}, {"shared_perim": 360.43298042733414, "id": 72968}], [{"shared_perim": 581.0307628913696, "id": 72949}, {"shared_perim": 3435.936868064821, "id": 72963}, {"shared_perim": 4420.221841066779, "id": 72975}, {"shared_perim": 1430.8441253265632, "id": 72967}, {"shared_perim": 2841.2717553088346, "id": 72966}, {"shared_perim": 248.1187854697958, "id": 72968}], [{"shared_perim": 2841.2717553088346, "id": 72965}, {"shared_perim": 3103.46859459652, "id": 72967}, {"shared_perim": 1356.1486856933718, "id": 72969}, {"shared_perim": 1624.1717495436214, "id": 72968}], [{"shared_perim": 1430.8441253265632, "id": 72965}, {"shared_perim": 3103.46859459652, "id": 72966}, {"shared_perim": 887.2938641275766, "id": 72976}, {"shared_perim": 1812.8484787034897, "id": 72975}, {"shared_perim": 1934.7876380704788, "id": 72969}], [{"shared_perim": 706.6773497344373, "id": 72960}, {"shared_perim": 929.786059064555, "id": 72961}, {"shared_perim": 1551.4191500665506, "id": 72962}, {"shared_perim": 419.92382851849396, "id": 72963}, {"shared_perim": 360.43298042733414, "id": 72964}, {"shared_perim": 248.1187854697958, "id": 72965}, {"shared_perim": 1624.1717495436214, "id": 72966}, {"shared_perim": 1166.303234469412, "id": 72969}], [{"shared_perim": 690.9737495324728, "id": 72960}, {"shared_perim": 1356.1486856933718, "id": 72966}, {"shared_perim": 1934.7876380704788, "id": 72967}, {"shared_perim": 1166.303234469412, "id": 72968}, {"shared_perim": 1434.7321548380742, "id": 72976}, {"shared_perim": 2863.051240598716, "id": 72970}], [{"shared_perim": 906.3079879012449, "id": 72958}, {"shared_perim": 2206.6723982514973, "id": 72960}, {"shared_perim": 2863.051240598716, "id": 72969}, {"shared_perim": 1866.8761793175047, "id": 72976}, {"shared_perim": 2150.1205210264147, "id": 72971}], [{"shared_perim": 1110.6346076228926, "id": 72958}, {"shared_perim": 2150.1205210264147, "id": 72970}, {"shared_perim": 1502.5976374811964, "id": 72977}, {"shared_perim": 1429.8553226424604, "id": 72973}, {"shared_perim": 713.8014615980221, "id": 72976}, {"shared_perim": 1505.1093260948924, "id": 72972}], [{"shared_perim": 1665.7868634271751, "id": 72935}, {"shared_perim": 1844.968056412688, "id": 72959}, {"shared_perim": 1505.1093260948924, "id": 72971}, {"shared_perim": 1811.4265206436564, "id": 72973}], [{"shared_perim": 714.8923309904694, "id": 72935}, {"shared_perim": 1429.8553226424604, "id": 72971}, {"shared_perim": 1811.4265206436564, "id": 72972}, {"shared_perim": 2524.0377354231837, "id": 72978}], [{"shared_perim": 4610.282139091055, "id": 72982}, {"shared_perim": 700.2459446187491, "id": 72981}, {"shared_perim": 1683.1065316667002, "id": 72980}, {"shared_perim": 784.0468460923395, "id": 72978}, {"shared_perim": 4888.721906204485, "id": 72976}, {"shared_perim": 724.8327987559625, "id": 72975}], [{"shared_perim": 4420.221841066779, "id": 72965}, {"shared_perim": 1812.8484787034897, "id": 72967}, {"shared_perim": 724.8327987559625, "id": 72974}, {"shared_perim": 2698.386204183861, "id": 72976}], [{"shared_perim": 887.2938641275766, "id": 72967}, {"shared_perim": 1434.7321548380742, "id": 72969}, {"shared_perim": 1866.8761793175047, "id": 72970}, {"shared_perim": 713.8014615980221, "id": 72971}, {"shared_perim": 4888.721906204485, "id": 72974}, {"shared_perim": 2698.386204183861, "id": 72975}, {"shared_perim": 717.9205272192719, "id": 72978}, {"shared_perim": 1431.3902152824796, "id": 72977}], [{"shared_perim": 1502.5976374811964, "id": 72971}, {"shared_perim": 1431.3902152824796, "id": 72976}, {"shared_perim": 2789.808019970938, "id": 72978}], [{"shared_perim": 4338.844155945021, "id": 72935}, {"shared_perim": 2524.0377354231837, "id": 72973}, {"shared_perim": 784.0468460923395, "id": 72974}, {"shared_perim": 717.9205272192719, "id": 72976}, {"shared_perim": 2789.808019970938, "id": 72977}, {"shared_perim": 5116.38767835773, "id": 72979}, {"shared_perim": 1852.1250441266477, "id": 72981}, {"shared_perim": 2859.7507825157113, "id": 72980}], [{"shared_perim": 20623.366506378316, "id": 72935}, {"shared_perim": 5116.38767835773, "id": 72978}, {"shared_perim": 6003.078220968258, "id": 72983}, {"shared_perim": 12998.858145732698, "id": 72982}, {"shared_perim": 1912.0798110375229, "id": 72981}], [{"shared_perim": 1683.1065316667002, "id": 72974}, {"shared_perim": 2859.7507825157113, "id": 72978}, {"shared_perim": 4270.467456286883, "id": 72981}], [{"shared_perim": 700.2459446187491, "id": 72974}, {"shared_perim": 1852.1250441266477, "id": 72978}, {"shared_perim": 1912.0798110375229, "id": 72979}, {"shared_perim": 4270.467456286883, "id": 72980}, {"shared_perim": 8803.104258844598, "id": 72982}], [{"shared_perim": 4610.282139091055, "id": 72974}, {"shared_perim": 12998.858145732698, "id": 72979}, {"shared_perim": 8803.104258844598, "id": 72981}, {"shared_perim": 13059.81417390466, "id": 72983}], [{"shared_perim": 28776.854100873617, "id": 72911}, {"shared_perim": 38081.50108750514, "id": 72929}, {"shared_perim": 46254.29946046146, "id": 72934}, {"shared_perim": 20857.107084423445, "id": 72935}, {"shared_perim": 6003.078220968258, "id": 72979}, {"shared_perim": 13059.81417390466, "id": 72982}]]}