{"directed": false, "multigraph": false, "graph": [], "nodes": [{"boundary_node": true, "boundary_perim": 2665.634915260114, "area": 1553283.255343513, "STATEFP10": "51", "COUNTYFP10": "550", "TRACTCE10": "020001", "GEOID10": "51550020001", "NAME10": "200.01", "NAMELSAD10": "Census Tract 200.01", "MTFCC10": "G5020", "FUNCSTAT10": "S", "ALAND10": 1365392, "AWATER10": 577756, "INTPTLAT10": "+36.8307555", "INTPTLON10": "-076.2316607", "GISJOIN": "G5105500020001", "Shape_area": 1553283.25534, "Shape_len": 7332.67190625, "YEAR": 2010, "REGIONA": 3, "DIVISIONA": 5, "STATE": "Virginia", "STATEA": 51, "COUNTY": "Chesapeake City", "COUNTYA": 550, "COUSUBA": NaN, "PLACEA": NaN, "TRACTA": 20001, "BLKGRPA": NaN, "BLOCKA": NaN, "CONCITA": NaN, "AIANHHA": NaN, "RES_ONLYA": NaN, "TRUSTA": NaN, "AITSCEA": NaN, "TTRACTA": NaN, "TBLKGRPA": NaN, "ANRCA": NaN, "CBSAA": 47260, "METDIVA": 99999, "CSAA": 999, "NECTAA": NaN, "NECTADIVA": NaN, "CNECTAA": NaN, "UAA": NaN, "URBRURALA": NaN, "CDA": NaN, "SLDUA": NaN, "SLDLA": NaN, "ZCTA5A": NaN, "SUBMCDA": NaN, "SDELMA": NaN, "SDSECA": NaN, "SDUNIA": NaN, "NAME": "Census Tract 200.01", "SABINSA": NaN, "TOTPOP": 1530, "H7X001": 1530, "WHITE": 1396, "BLACK": 65, "AIAN": 8, "ASIAN": 21, "NHPI": 1, "H7X007": 9, "H7X008": 30, "H7Y001": 1530, "H7Y002": 1503, "HISP": 27, "C_X": 1734246.0571213758, "C_Y": 105914.79965000018, "id": 70851}, {"boundary_node": true, "boundary_perim": 310.81580645422036, "area": 2489618.4937919267, "STATEFP10": "51", "COUNTYFP10": "550", "TRACTCE10": "020002", "GEOID10": "51550020002", "NAME10": "200.02", "NAMELSAD10": "Census Tract 200.02", "MTFCC10": "G5020", "FUNCSTAT10": "S", "ALAND10": 2215874, "AWATER10": 338227, "INTPTLAT10": "+36.8242067", "INTPTLON10": "-076.2458297", "GISJOIN": "G5105500020002", "Shape_area": 2489618.49379, "Shape_len": 6715.91777382, "YEAR": 2010, "REGIONA": 3, "DIVISIONA": 5, "STATE": "Virginia", "STATEA": 51, "COUNTY": "Chesapeake City", "COUNTYA": 550, "COUSUBA": NaN, "PLACEA": NaN, "TRACTA": 20002, "BLKGRPA": NaN, "BLOCKA": NaN, "CONCITA": NaN, "AIANHHA": NaN, "RES_ONLYA": NaN, "TRUSTA": NaN, "AITSCEA": NaN, "TTRACTA": NaN, "TBLKGRPA": NaN, "ANRCA": NaN, "CBSAA": 47260, "METDIVA": 99999, "CSAA": 999, "NECTAA": NaN, "NECTADIVA": NaN, "CNECTAA": NaN, "UAA": NaN, "URBRURALA": NaN, "CDA": NaN, "SLDUA": NaN, "SLDLA": NaN, "ZCTA5A": NaN, "SUBMCDA": NaN, "SDELMA": NaN, "SDSECA": NaN, "SDUNIA": NaN, "NAME": "Census Tract 200.02", "SABINSA": NaN, "TOTPOP": 4607, "H7X001": 4607, "WHITE": 2233, "BLACK": 2046, "AIAN": 13, "ASIAN": 65, "NHPI": 6, "H7X007": 85, "H7X008": 159, "H7Y001": 4607, "H7Y002": 4371, "HISP": 236, "C_X": 1733193.843701978, "C_Y": 105140.23720000056, "id": 70852}, {"boundary_node": false, "area": 2743772.037239798, "STATEFP10": "51", "COUNTYFP10": "550", "TRACTCE10": "020003", "GEOID10": "51550020003", "NAME10": "200.03", "NAMELSAD10": "Census Tract 200.03", "MTFCC10": "G5020", "FUNCSTAT10": "S", "ALAND10": 2600375, "AWATER10": 143398, "INTPTLAT10": "+36.8168620", "INTPTLON10": "-076.2318453", "GISJOIN": "G5105500020003", "Shape_area": 2743772.03724, "Shape_len": 6853.81403144, "YEAR": 2010, "REGIONA": 3, "DIVISIONA": 5, "STATE": "Virginia", "STATEA": 51, "COUNTY": "Chesapeake City", "COUNTYA": 550, "COUSUBA": NaN, "PLACEA": NaN, "TRACTA": 20003, "BLKGRPA": NaN, "BLOCKA": NaN, "CONCITA": NaN, "AIANHHA": NaN, "RES_ONLYA": NaN, "TRUSTA": NaN, "AITSCEA": NaN, "TTRACTA": NaN, "TBLKGRPA": NaN, "ANRCA": NaN, "CBSAA": 47260, "METDIVA": 99999, "CSAA": 999, "NECTAA": NaN, "NECTADIVA": NaN, "CNECTAA": NaN, "UAA": NaN, "URBRURALA": NaN, "CDA": NaN, "SLDUA": NaN, "SLDLA": NaN, "ZCTA5A": NaN, "SUBMCDA": NaN, "SDELMA": NaN, "SDSECA": NaN, "SDUNIA": NaN, "NAME": "Census Tract 200.03", "SABINSA": NaN, "TOTPOP": 5634, "H7X001": 5634, "WHITE": 3932, "BLACK": 1340, "AIAN": 30, "ASIAN": 87, "NHPI": 3, "H7X007": 78, "H7X008": 164, "H7Y001": 5634, "H7Y002": 5367, "HISP": 267, "C_X": 1734588.901266348, "C_Y": 104228.11279999907, "id": 70853}, {"boundary_node": false, "area": 1623858.0063711656, "STATEFP10": "51", "COUNTYFP10": "550", "TRACTCE10": "020100", "GEOID10": "51550020100", "NAME10": "201", "NAMELSAD10": "Census Tract 201", "MTFCC10": "G5020", "FUNCSTAT10": "S", "ALAND10": 1560707, "AWATER10": 63151, "INTPTLAT10": "+36.8125493", "INTPTLON10": "-076.2515478", "GISJOIN": "G5105500020100", "Shape_area": 1623858.00637, "Shape_len": 7127.60367583, "YEAR": 2010, "REGIONA": 3, "DIVISIONA": 5, "STATE": "Virginia", "STATEA": 51, "COUNTY": "Chesapeake City", "COUNTYA": 550, "COUSUBA": NaN, "PLACEA": NaN, "TRACTA": 20100, "BLKGRPA": NaN, "BLOCKA": NaN, "CONCITA": NaN, "AIANHHA": NaN, "RES_ONLYA": NaN, "TRUSTA": NaN, "AITSCEA": NaN, "TTRACTA": NaN, "TBLKGRPA": NaN, "ANRCA": NaN, "CBSAA": 47260, "METDIVA": 99999, "CSAA": 999, "NECTAA": NaN, "NECTADIVA": NaN, "CNECTAA": NaN, "UAA": NaN, "URBRURALA": NaN, "CDA": NaN, "SLDUA": NaN, "SLDLA": NaN, "ZCTA5A": NaN, "SUBMCDA": NaN, "SDELMA": NaN, "SDSECA": NaN, "SDUNIA": NaN, "NAME": "Census Tract 201", "SABINSA": NaN, "TOTPOP": 4532, "H7X001": 4532, "WHITE": 532, "BLACK": 3816, "AIAN": 8, "ASIAN": 27, "NHPI": 0, "H7X007": 37, "H7X008": 112, "H7Y001": 4532, "H7Y002": 4384, "HISP": 148, "C_X": 1732952.1948439865, "C_Y": 103422.7075499997, "id": 70854}, {"boundary_node": false, "area": 2925515.95453409, "STATEFP10": "51", "COUNTYFP10": "550", "TRACTCE10": "020200", "GEOID10": "51550020200", "NAME10": "202", "NAMELSAD10": "Census Tract 202", "MTFCC10": "G5020", "FUNCSTAT10": "S", "ALAND10": 2925517, "AWATER10": 0, "INTPTLAT10": "+36.8112693", "INTPTLON10": "-076.2637582", "GISJOIN": "G5105500020200", "Shape_area": 2925515.95453, "Shape_len": 8946.35040417, "YEAR": 2010, "REGIONA": 3, "DIVISIONA": 5, "STATE": "Virginia", "STATEA": 51, "COUNTY": "Chesapeake City", "COUNTYA": 550, "COUSUBA": NaN, "PLACEA": NaN, "TRACTA": 20200, "BLKGRPA": NaN, "BLOCKA": NaN, "CONCITA": NaN, "AIANHHA": NaN, "RES_ONLYA": NaN, "TRUSTA": NaN, "AITSCEA": NaN, "TTRACTA": NaN, "TBLKGRPA": NaN, "ANRCA": NaN, "CBSAA": 47260, "METDIVA": 99999, "CSAA": 999, "NECTAA": NaN, "NECTADIVA": NaN, "CNECTAA": NaN, "UAA": NaN, "URBRURALA": NaN, "CDA": NaN, "SLDUA": NaN, "SLDLA": NaN, "ZCTA5A": NaN, "SUBMCDA": NaN, "SDELMA": NaN, "SDSECA": NaN, "SDUNIA": NaN, "NAME": "Census Tract 202", "SABINSA": NaN, "TOTPOP": 4121, "H7X001": 4121, "WHITE": 222, "BLACK": 3758, "AIAN": 8, "ASIAN": 7, "NHPI": 0, "H7X007": 48, "H7X008": 78, "H7Y001": 4121, "H7Y002": 4010, "HISP": 111, "C_X": 1731997.8500762787, "C_Y": 103106.01575000142, "id": 70855}, {"boundary_node": false, "area": 1219799.7289632591, "STATEFP10": "51", "COUNTYFP10": "550", "TRACTCE10": "020300", "GEOID10": "51550020300", "NAME10": "203", "NAMELSAD10": "Census Tract 203", "MTFCC10": "G5020", "FUNCSTAT10": "S", "ALAND10": 1219799, "AWATER10": 0, "INTPTLAT10": "+36.8196110", "INTPTLON10": "-076.2769380", "GISJOIN": "G5105500020300", "Shape_area": 1219799.72896, "Shape_len": 5290.18219231, "YEAR": 2010, "REGIONA": 3, "DIVISIONA": 5, "STATE": "Virginia", "STATEA": 51, "COUNTY": "Chesapeake City", "COUNTYA": 550, "COUSUBA": NaN, "PLACEA": NaN, "TRACTA": 20300, "BLKGRPA": NaN, "BLOCKA": NaN, "CONCITA": NaN, "AIANHHA": NaN, "RES_ONLYA": NaN, "TRUSTA": NaN, "AITSCEA": NaN, "TTRACTA": NaN, "TBLKGRPA": NaN, "ANRCA": NaN, "CBSAA": 47260, "METDIVA": 99999, "CSAA": 999, "NECTAA": NaN, "NECTADIVA": NaN, "CNECTAA": NaN, "UAA": NaN, "URBRURALA": NaN, "CDA": NaN, "SLDUA": NaN, "SLDLA": NaN, "ZCTA5A": NaN, "SUBMCDA": NaN, "SDELMA": NaN, "SDSECA": NaN, "SDUNIA": NaN, "NAME": "Census Tract 203", "SABINSA": NaN, "TOTPOP": 1695, "H7X001": 1695, "WHITE": 596, "BLACK": 955, "AIAN": 8, "ASIAN": 48, "NHPI": 0, "H7X007": 28, "H7X008": 60, "H7Y001": 1695, "H7Y002": 1606, "HISP": 89, "C_X": 1730566.3292353526, "C_Y": 103980.46179999993, "id": 70856}, {"boundary_node": false, "area": 4008801.2134572864, "STATEFP10": "51", "COUNTYFP10": "550", "TRACTCE10": "020807", "GEOID10": "51550020807", "NAME10": "208.07", "NAMELSAD10": "Census Tract 208.07", "MTFCC10": "G5020", "FUNCSTAT10": "S", "ALAND10": 3948592, "AWATER10": 60207, "INTPTLAT10": "+36.7623340", "INTPTLON10": "-076.2116495", "GISJOIN": "G5105500020807", "Shape_area": 4008801.21346, "Shape_len": 8434.31300449, "YEAR": 2010, "REGIONA": 3, "DIVISIONA": 5, "STATE": "Virginia", "STATEA": 51, "COUNTY": "Chesapeake City", "COUNTYA": 550, "COUSUBA": NaN, "PLACEA": NaN, "TRACTA": 20807, "BLKGRPA": NaN, "BLOCKA": NaN, "CONCITA": NaN, "AIANHHA": NaN, "RES_ONLYA": NaN, "TRUSTA": NaN, "AITSCEA": NaN, "TTRACTA": NaN, "TBLKGRPA": NaN, "ANRCA": NaN, "CBSAA": 47260, "METDIVA": 99999, "CSAA": 999, "NECTAA": NaN, "NECTADIVA": NaN, "CNECTAA": NaN, "UAA": NaN, "URBRURALA": NaN, "CDA": NaN, "SLDUA": NaN, "SLDLA": NaN, "ZCTA5A": NaN, "SUBMCDA": NaN, "SDELMA": NaN, "SDSECA": NaN, "SDUNIA": NaN, "NAME": "Census Tract 208.07", "SABINSA": NaN, "TOTPOP": 7456, "H7X001": 7456, "WHITE": 5190, "BLACK": 1570, "AIAN": 38, "ASIAN": 313, "NHPI": 0, "H7X007": 66, "H7X008": 279, "H7Y001": 7456, "H7Y002": 7045, "HISP": 411, "C_X": 1737292.2715594736, "C_Y": 98036.60269999923, "id": 70857}, {"boundary_node": false, "area": 1709690.6280541816, "STATEFP10": "51", "COUNTYFP10": "550", "TRACTCE10": "020400", "GEOID10": "51550020400", "NAME10": "204", "NAMELSAD10": "Census Tract 204", "MTFCC10": "G5020", "FUNCSTAT10": "S", "ALAND10": 1579223, "AWATER10": 130467, "INTPTLAT10": "+36.8085862", "INTPTLON10": "-076.2761974", "GISJOIN": "G5105500020400", "Shape_area": 1709690.62805, "Shape_len": 6015.57884531, "YEAR": 2010, "REGIONA": 3, "DIVISIONA": 5, "STATE": "Virginia", "STATEA": 51, "COUNTY": "Chesapeake City", "COUNTYA": 550, "COUSUBA": NaN, "PLACEA": NaN, "TRACTA": 20400, "BLKGRPA": NaN, "BLOCKA": NaN, "CONCITA": NaN, "AIANHHA": NaN, "RES_ONLYA": NaN, "TRUSTA": NaN, "AITSCEA": NaN, "TTRACTA": NaN, "TBLKGRPA": NaN, "ANRCA": NaN, "CBSAA": 47260, "METDIVA": 99999, "CSAA": 999, "NECTAA": NaN, "NECTADIVA": NaN, "CNECTAA": NaN, "UAA": NaN, "URBRURALA": NaN, "CDA": NaN, "SLDUA": NaN, "SLDLA": NaN, "ZCTA5A": NaN, "SUBMCDA": NaN, "SDELMA": NaN, "SDSECA": NaN, "SDUNIA": NaN, "NAME": "Census Tract 204", "SABINSA": NaN, "TOTPOP": 2973, "H7X001": 2973, "WHITE": 1836, "BLACK": 898, "AIAN": 19, "ASIAN": 32, "NHPI": 6, "H7X007": 73, "H7X008": 109, "H7Y001": 2973, "H7Y002": 2787, "HISP": 186, "C_X": 1730688.5558641222, "C_Y": 102608.91950000008, "id": 70858}, {"boundary_node": false, "area": 2848890.5784457857, "STATEFP10": "51", "COUNTYFP10": "550", "TRACTCE10": "020600", "GEOID10": "51550020600", "NAME10": "206", "NAMELSAD10": "Census Tract 206", "MTFCC10": "G5020", "FUNCSTAT10": "S", "ALAND10": 2848885, "AWATER10": 0, "INTPTLAT10": "+36.7922292", "INTPTLON10": "-076.2742583", "GISJOIN": "G5105500020600", "Shape_area": 2848890.57845, "Shape_len": 8931.95688588, "YEAR": 2010, "REGIONA": 3, "DIVISIONA": 5, "STATE": "Virginia", "STATEA": 51, "COUNTY": "Chesapeake City", "COUNTYA": 550, "COUSUBA": NaN, "PLACEA": NaN, "TRACTA": 20600, "BLKGRPA": NaN, "BLOCKA": NaN, "CONCITA": NaN, "AIANHHA": NaN, "RES_ONLYA": NaN, "TRUSTA": NaN, "AITSCEA": NaN, "TTRACTA": NaN, "TBLKGRPA": NaN, "ANRCA": NaN, "CBSAA": 47260, "METDIVA": 99999, "CSAA": 999, "NECTAA": NaN, "NECTADIVA": NaN, "CNECTAA": NaN, "UAA": NaN, "URBRURALA": NaN, "CDA": NaN, "SLDUA": NaN, "SLDLA": NaN, "ZCTA5A": NaN, "SUBMCDA": NaN, "SDELMA": NaN, "SDSECA": NaN, "SDUNIA": NaN, "NAME": "Census Tract 206", "SABINSA": NaN, "TOTPOP": 4053, "H7X001": 4053, "WHITE": 2971, "BLACK": 819, "AIAN": 18, "ASIAN": 59, "NHPI": 0, "H7X007": 58, "H7X008": 128, "H7Y001": 4053, "H7Y002": 3867, "HISP": 186, "C_X": 1731467.2828425986, "C_Y": 101168.74990000087, "id": 70859}, {"boundary_node": false, "area": 3291667.2727442076, "STATEFP10": "51", "COUNTYFP10": "550", "TRACTCE10": "020700", "GEOID10": "51550020700", "NAME10": "207", "NAMELSAD10": "Census Tract 207", "MTFCC10": "G5020", "FUNCSTAT10": "S", "ALAND10": 3291667, "AWATER10": 0, "INTPTLAT10": "+36.7866467", "INTPTLON10": "-076.2646373", "GISJOIN": "G5105500020700", "Shape_area": 3291667.27274, "Shape_len": 9436.08249482, "YEAR": 2010, "REGIONA": 3, "DIVISIONA": 5, "STATE": "Virginia", "STATEA": 51, "COUNTY": "Chesapeake City", "COUNTYA": 550, "COUSUBA": NaN, "PLACEA": NaN, "TRACTA": 20700, "BLKGRPA": NaN, "BLOCKA": NaN, "CONCITA": NaN, "AIANHHA": NaN, "RES_ONLYA": NaN, "TRUSTA": NaN, "AITSCEA": NaN, "TTRACTA": NaN, "TBLKGRPA": NaN, "ANRCA": NaN, "CBSAA": 47260, "METDIVA": 99999, "CSAA": 999, "NECTAA": NaN, "NECTADIVA": NaN, "CNECTAA": NaN, "UAA": NaN, "URBRURALA": NaN, "CDA": NaN, "SLDUA": NaN, "SLDLA": NaN, "ZCTA5A": NaN, "SUBMCDA": NaN, "SDELMA": NaN, "SDSECA": NaN, "SDUNIA": NaN, "NAME": "Census Tract 207", "SABINSA": NaN, "TOTPOP": 5318, "H7X001": 5318, "WHITE": 1881, "BLACK": 3087, "AIAN": 19, "ASIAN": 40, "NHPI": 10, "H7X007": 130, "H7X008": 151, "H7Y001": 5318, "H7Y002": 4983, "HISP": 335, "C_X": 1732593.0045326268, "C_Y": 100671.6855000006, "id": 70863}, {"boundary_node": true, "boundary_perim": 2854.1850387069526, "area": 5283301.451882025, "STATEFP10": "51", "COUNTYFP10": "550", "TRACTCE10": "020806", "GEOID10": "51550020806", "NAME10": "208.06", "NAMELSAD10": "Census Tract 208.06", "MTFCC10": "G5020", "FUNCSTAT10": "S", "ALAND10": 5029121, "AWATER10": 254172, "INTPTLAT10": "+36.7777290", "INTPTLON10": "-076.2179737", "GISJOIN": "G5105500020806", "Shape_area": 5283301.45188, "Shape_len": 9803.26380081, "YEAR": 2010, "REGIONA": 3, "DIVISIONA": 5, "STATE": "Virginia", "STATEA": 51, "COUNTY": "Chesapeake City", "COUNTYA": 550, "COUSUBA": NaN, "PLACEA": NaN, "TRACTA": 20806, "BLKGRPA": NaN, "BLOCKA": NaN, "CONCITA": NaN, "AIANHHA": NaN, "RES_ONLYA": NaN, "TRUSTA": NaN, "AITSCEA": NaN, "TTRACTA": NaN, "TBLKGRPA": NaN, "ANRCA": NaN, "CBSAA": 47260, "METDIVA": 99999, "CSAA": 999, "NECTAA": NaN, "NECTADIVA": NaN, "CNECTAA": NaN, "UAA": NaN, "URBRURALA": NaN, "CDA": NaN, "SLDUA": NaN, "SLDLA": NaN, "ZCTA5A": NaN, "SUBMCDA": NaN, "SDELMA": NaN, "SDSECA": NaN, "SDUNIA": NaN, "NAME": "Census Tract 208.06", "SABINSA": NaN, "TOTPOP": 6839, "H7X001": 6839, "WHITE": 4350, "BLACK": 1730, "AIAN": 39, "ASIAN": 362, "NHPI": 0, "H7X007": 95, "H7X008": 263, "H7Y001": 6839, "H7Y002": 6524, "HISP": 315, "C_X": 1736314.6107370695, "C_Y": 100798.26474999962, "id": 70864}, {"boundary_node": true, "boundary_perim": 5793.897934175471, "area": 37979798.60184855, "STATEFP10": "51", "COUNTYFP10": "550", "TRACTCE10": "020804", "GEOID10": "51550020804", "NAME10": "208.04", "NAMELSAD10": "Census Tract 208.04", "MTFCC10": "G5020", "FUNCSTAT10": "S", "ALAND10": 37295657, "AWATER10": 684118, "INTPTLAT10": "+36.7417000", "INTPTLON10": "-076.1820213", "GISJOIN": "G5105500020804", "Shape_area": 37979798.6018, "Shape_len": 31481.3829314, "YEAR": 2010, "REGIONA": 3, "DIVISIONA": 5, "STATE": "Virginia", "STATEA": 51, "COUNTY": "Chesapeake City", "COUNTYA": 550, "COUSUBA": NaN, "PLACEA": NaN, "TRACTA": 20804, "BLKGRPA": NaN, "BLOCKA": NaN, "CONCITA": NaN, "AIANHHA": NaN, "RES_ONLYA": NaN, "TRUSTA": NaN, "AITSCEA": NaN, "TTRACTA": NaN, "TBLKGRPA": NaN, "ANRCA": NaN, "CBSAA": 47260, "METDIVA": 99999, "CSAA": 999, "NECTAA": NaN, "NECTADIVA": NaN, "CNECTAA": NaN, "UAA": NaN, "URBRURALA": NaN, "CDA": NaN, "SLDUA": NaN, "SLDLA": NaN, "ZCTA5A": NaN, "SUBMCDA": NaN, "SDELMA": NaN, "SDSECA": NaN, "SDUNIA": NaN, "NAME": "Census Tract 208.04", "SABINSA": NaN, "TOTPOP": 6814, "H7X001": 6814, "WHITE": 4613, "BLACK": 1257, "AIAN": 28, "ASIAN": 626, "NHPI": 9, "H7X007": 52, "H7X008": 229, "H7Y001": 6814, "H7Y002": 6473, "HISP": 341, "C_X": 1742168.0897930937, "C_Y": 96820.28315000096, "id": 70865}, {"boundary_node": false, "area": 4498186.554127423, "STATEFP10": "51", "COUNTYFP10": "550", "TRACTCE10": "020903", "GEOID10": "51550020903", "NAME10": "209.03", "NAMELSAD10": "Census Tract 209.03", "MTFCC10": "G5020", "FUNCSTAT10": "S", "ALAND10": 3913751, "AWATER10": 584436, "INTPTLAT10": "+36.7656745", "INTPTLON10": "-076.2847014", "GISJOIN": "G5105500020903", "Shape_area": 4498186.55413, "Shape_len": 8002.31674576, "YEAR": 2010, "REGIONA": 3, "DIVISIONA": 5, "STATE": "Virginia", "STATEA": 51, "COUNTY": "Chesapeake City", "COUNTYA": 550, "COUSUBA": NaN, "PLACEA": NaN, "TRACTA": 20903, "BLKGRPA": NaN, "BLOCKA": NaN, "CONCITA": NaN, "AIANHHA": NaN, "RES_ONLYA": NaN, "TRUSTA": NaN, "AITSCEA": NaN, "TTRACTA": NaN, "TBLKGRPA": NaN, "ANRCA": NaN, "CBSAA": 47260, "METDIVA": 99999, "CSAA": 999, "NECTAA": NaN, "NECTADIVA": NaN, "CNECTAA": NaN, "UAA": NaN, "URBRURALA": NaN, "CDA": NaN, "SLDUA": NaN, "SLDLA": NaN, "ZCTA5A": NaN, "SUBMCDA": NaN, "SDELMA": NaN, "SDSECA": NaN, "SDUNIA": NaN, "NAME": "Census Tract 209.03", "SABINSA": NaN, "TOTPOP": 2795, "H7X001": 2795, "WHITE": 584, "BLACK": 2005, "AIAN": 4, "ASIAN": 73, "NHPI": 4, "H7X007": 40, "H7X008": 85, "H7Y001": 2795, "H7Y002": 2672, "HISP": 123, "C_X": 1731189.0096222223, "C_Y": 97981.31845000037, "id": 70866}, {"boundary_node": false, "area": 11459271.237055037, "STATEFP10": "51", "COUNTYFP10": "550", "TRACTCE10": "020904", "GEOID10": "51550020904", "NAME10": "209.04", "NAMELSAD10": "Census Tract 209.04", "MTFCC10": "G5020", "FUNCSTAT10": "S", "ALAND10": 10418708, "AWATER10": 1040561, "INTPTLAT10": "+36.7437877", "INTPTLON10": "-076.2747876", "GISJOIN": "G5105500020904", "Shape_area": 11459271.2371, "Shape_len": 17394.3205814, "YEAR": 2010, "REGIONA": 3, "DIVISIONA": 5, "STATE": "Virginia", "STATEA": 51, "COUNTY": "Chesapeake City", "COUNTYA": 550, "COUSUBA": NaN, "PLACEA": NaN, "TRACTA": 20904, "BLKGRPA": NaN, "BLOCKA": NaN, "CONCITA": NaN, "AIANHHA": NaN, "RES_ONLYA": NaN, "TRUSTA": NaN, "AITSCEA": NaN, "TTRACTA": NaN, "TBLKGRPA": NaN, "ANRCA": NaN, "CBSAA": 47260, "METDIVA": 99999, "CSAA": 999, "NECTAA": NaN, "NECTADIVA": NaN, "CNECTAA": NaN, "UAA": NaN, "URBRURALA": NaN, "CDA": NaN, "SLDUA": NaN, "SLDLA": NaN, "ZCTA5A": NaN, "SUBMCDA": NaN, "SDELMA": NaN, "SDSECA": NaN, "SDUNIA": NaN, "NAME": "Census Tract 209.04", "SABINSA": NaN, "TOTPOP": 8638, "H7X001": 8638, "WHITE": 4726, "BLACK": 3163, "AIAN": 30, "ASIAN": 299, "NHPI": 1, "H7X007": 105, "H7X008": 314, "H7Y001": 8638, "H7Y002": 8282, "HISP": 356, "C_X": 1732284.4163409998, "C_Y": 95808.28405000153, "id": 70867}, {"boundary_node": false, "area": 28437923.553502474, "STATEFP10": "51", "COUNTYFP10": "550", "TRACTCE10": "021006", "GEOID10": "51550021006", "NAME10": "210.06", "NAMELSAD10": "Census Tract 210.06", "MTFCC10": "G5020", "FUNCSTAT10": "S", "ALAND10": 28437918, "AWATER10": 0, "INTPTLAT10": "+36.6796625", "INTPTLON10": "-076.2821982", "GISJOIN": "G5105500021006", "Shape_area": 28437923.5535, "Shape_len": 28897.2572327, "YEAR": 2010, "REGIONA": 3, "DIVISIONA": 5, "STATE": "Virginia", "STATEA": 51, "COUNTY": "Chesapeake City", "COUNTYA": 550, "COUSUBA": NaN, "PLACEA": NaN, "TRACTA": 21006, "BLKGRPA": NaN, "BLOCKA": NaN, "CONCITA": NaN, "AIANHHA": NaN, "RES_ONLYA": NaN, "TRUSTA": NaN, "AITSCEA": NaN, "TTRACTA": NaN, "TBLKGRPA": NaN, "ANRCA": NaN, "CBSAA": 47260, "METDIVA": 99999, "CSAA": 999, "NECTAA": NaN, "NECTADIVA": NaN, "CNECTAA": NaN, "UAA": NaN, "URBRURALA": NaN, "CDA": NaN, "SLDUA": NaN, "SLDLA": NaN, "ZCTA5A": NaN, "SUBMCDA": NaN, "SDELMA": NaN, "SDSECA": NaN, "SDUNIA": NaN, "NAME": "Census Tract 210.06", "SABINSA": NaN, "TOTPOP": 7933, "H7X001": 7933, "WHITE": 6765, "BLACK": 664, "AIAN": 29, "ASIAN": 237, "NHPI": 5, "H7X007": 40, "H7X008": 193, "H7Y001": 7933, "H7Y002": 7676, "HISP": 257, "C_X": 1733981.1385189164, "C_Y": 88108.54059999948, "id": 70868}, {"boundary_node": false, "area": 8283381.371553981, "STATEFP10": "51", "COUNTYFP10": "550", "TRACTCE10": "021005", "GEOID10": "51550021005", "NAME10": "210.05", "NAMELSAD10": "Census Tract 210.05", "MTFCC10": "G5020", "FUNCSTAT10": "S", "ALAND10": 7756369, "AWATER10": 527015, "INTPTLAT10": "+36.7188771", "INTPTLON10": "-076.2737867", "GISJOIN": "G5105500021005", "Shape_area": 8283381.37155, "Shape_len": 14234.9128342, "YEAR": 2010, "REGIONA": 3, "DIVISIONA": 5, "STATE": "Virginia", "STATEA": 51, "COUNTY": "Chesapeake City", "COUNTYA": 550, "COUSUBA": NaN, "PLACEA": NaN, "TRACTA": 21005, "BLKGRPA": NaN, "BLOCKA": NaN, "CONCITA": NaN, "AIANHHA": NaN, "RES_ONLYA": NaN, "TRUSTA": NaN, "AITSCEA": NaN, "TTRACTA": NaN, "TBLKGRPA": NaN, "ANRCA": NaN, "CBSAA": 47260, "METDIVA": 99999, "CSAA": 999, "NECTAA": NaN, "NECTADIVA": NaN, "CNECTAA": NaN, "UAA": NaN, "URBRURALA": NaN, "CDA": NaN, "SLDUA": NaN, "SLDLA": NaN, "ZCTA5A": NaN, "SUBMCDA": NaN, "SDELMA": NaN, "SDSECA": NaN, "SDUNIA": NaN, "NAME": "Census Tract 210.05", "SABINSA": NaN, "TOTPOP": 5482, "H7X001": 5482, "WHITE": 3786, "BLACK": 1383, "AIAN": 13, "ASIAN": 101, "NHPI": 2, "H7X007": 50, "H7X008": 147, "H7Y001": 5482, "H7Y002": 5253, "HISP": 229, "C_X": 1733495.5772834588, "C_Y": 93325.82359999837, "id": 70871}, {"boundary_node": false, "area": 20265492.473587535, "STATEFP10": "51", "COUNTYFP10": "550", "TRACTCE10": "021004", "GEOID10": "51550021004", "NAME10": "210.04", "NAMELSAD10": "Census Tract 210.04", "MTFCC10": "G5020", "FUNCSTAT10": "S", "ALAND10": 20265491, "AWATER10": 0, "INTPTLAT10": "+36.6634237", "INTPTLON10": "-076.2462863", "GISJOIN": "G5105500021004", "Shape_area": 20265492.4736, "Shape_len": 24674.5531387, "YEAR": 2010, "REGIONA": 3, "DIVISIONA": 5, "STATE": "Virginia", "STATEA": 51, "COUNTY": "Chesapeake City", "COUNTYA": 550, "COUSUBA": NaN, "PLACEA": NaN, "TRACTA": 21004, "BLKGRPA": NaN, "BLOCKA": NaN, "CONCITA": NaN, "AIANHHA": NaN, "RES_ONLYA": NaN, "TRUSTA": NaN, "AITSCEA": NaN, "TTRACTA": NaN, "TBLKGRPA": NaN, "ANRCA": NaN, "CBSAA": 47260, "METDIVA": 99999, "CSAA": 999, "NECTAA": NaN, "NECTADIVA": NaN, "CNECTAA": NaN, "UAA": NaN, "URBRURALA": NaN, "CDA": NaN, "SLDUA": NaN, "SLDLA": NaN, "ZCTA5A": NaN, "SUBMCDA": NaN, "SDELMA": NaN, "SDSECA": NaN, "SDUNIA": NaN, "NAME": "Census Tract 210.04", "SABINSA": NaN, "TOTPOP": 5608, "H7X001": 5608, "WHITE": 4626, "BLACK": 513, "AIAN": 18, "ASIAN": 219, "NHPI": 2, "H7X007": 47, "H7X008": 183, "H7Y001": 5608, "H7Y002": 5398, "HISP": 210, "C_X": 1736989.6498541294, "C_Y": 88070.53189999913, "id": 70872}, {"boundary_node": false, "area": 8827755.855126334, "STATEFP10": "51", "COUNTYFP10": "550", "TRACTCE10": "021101", "GEOID10": "51550021101", "NAME10": "211.01", "NAMELSAD10": "Census Tract 211.01", "MTFCC10": "G5020", "FUNCSTAT10": "S", "ALAND10": 8579906, "AWATER10": 247851, "INTPTLAT10": "+36.7122597", "INTPTLON10": "-076.2077137", "GISJOIN": "G5105500021101", "Shape_area": 8827755.85513, "Shape_len": 13847.9720695, "YEAR": 2010, "REGIONA": 3, "DIVISIONA": 5, "STATE": "Virginia", "STATEA": 51, "COUNTY": "Chesapeake City", "COUNTYA": 550, "COUSUBA": NaN, "PLACEA": NaN, "TRACTA": 21101, "BLKGRPA": NaN, "BLOCKA": NaN, "CONCITA": NaN, "AIANHHA": NaN, "RES_ONLYA": NaN, "TRUSTA": NaN, "AITSCEA": NaN, "TTRACTA": NaN, "TBLKGRPA": NaN, "ANRCA": NaN, "CBSAA": 47260, "METDIVA": 99999, "CSAA": 999, "NECTAA": NaN, "NECTADIVA": NaN, "CNECTAA": NaN, "UAA": NaN, "URBRURALA": NaN, "CDA": NaN, "SLDUA": NaN, "SLDLA": NaN, "ZCTA5A": NaN, "SUBMCDA": NaN, "SDELMA": NaN, "SDSECA": NaN, "SDUNIA": NaN, "NAME": "Census Tract 211.01", "SABINSA": NaN, "TOTPOP": 5079, "H7X001": 5079, "WHITE": 4641, "BLACK": 231, "AIAN": 12, "ASIAN": 90, "NHPI": 0, "H7X007": 16, "H7X008": 89, "H7Y001": 5079, "H7Y002": 4932, "HISP": 147, "C_X": 1738488.0457178317, "C_Y": 93692.50954999961, "id": 70873}, {"boundary_node": true, "boundary_perim": 25381.29252001758, "area": 153096854.95287463, "STATEFP10": "51", "COUNTYFP10": "550", "TRACTCE10": "021102", "GEOID10": "51550021102", "NAME10": "211.02", "NAMELSAD10": "Census Tract 211.02", "MTFCC10": "G5020", "FUNCSTAT10": "S", "ALAND10": 150316675, "AWATER10": 2780173, "INTPTLAT10": "+36.6297744", "INTPTLON10": "-076.1418442", "GISJOIN": "G5105500021102", "Shape_area": 153096854.953, "Shape_len": 58539.1244967, "YEAR": 2010, "REGIONA": 3, "DIVISIONA": 5, "STATE": "Virginia", "STATEA": 51, "COUNTY": "Chesapeake City", "COUNTYA": 550, "COUSUBA": NaN, "PLACEA": NaN, "TRACTA": 21102, "BLKGRPA": NaN, "BLOCKA": NaN, "CONCITA": NaN, "AIANHHA": NaN, "RES_ONLYA": NaN, "TRUSTA": NaN, "AITSCEA": NaN, "TTRACTA": NaN, "TBLKGRPA": NaN, "ANRCA": NaN, "CBSAA": 47260, "METDIVA": 99999, "CSAA": 999, "NECTAA": NaN, "NECTADIVA": NaN, "CNECTAA": NaN, "UAA": NaN, "URBRURALA": NaN, "CDA": NaN, "SLDUA": NaN, "SLDLA": NaN, "ZCTA5A": NaN, "SUBMCDA": NaN, "SDELMA": NaN, "SDSECA": NaN, "SDUNIA": NaN, "NAME": "Census Tract 211.02", "SABINSA": NaN, "TOTPOP": 7898, "H7X001": 7898, "WHITE": 5720, "BLACK": 1785, "AIAN": 30, "ASIAN": 185, "NHPI": 5, "H7X007": 26, "H7X008": 147, "H7Y001": 7898, "H7Y002": 7698, "HISP": 200, "C_X": 1744626.4794126013, "C_Y": 86105.92699999921, "id": 70874}, {"boundary_node": true, "boundary_perim": 16273.632959740295, "area": 193841791.87845585, "STATEFP10": "51", "COUNTYFP10": "550", "TRACTCE10": "021200", "GEOID10": "51550021200", "NAME10": "212", "NAMELSAD10": "Census Tract 212", "MTFCC10": "G5020", "FUNCSTAT10": "S", "ALAND10": 193414486, "AWATER10": 427289, "INTPTLAT10": "+36.6112513", "INTPTLON10": "-076.3073585", "GISJOIN": "G5105500021200", "Shape_area": 193841791.878, "Shape_len": 66613.7951109, "YEAR": 2010, "REGIONA": 3, "DIVISIONA": 5, "STATE": "Virginia", "STATEA": 51, "COUNTY": "Chesapeake City", "COUNTYA": 550, "COUSUBA": NaN, "PLACEA": NaN, "TRACTA": 21200, "BLKGRPA": NaN, "BLOCKA": NaN, "CONCITA": NaN, "AIANHHA": NaN, "RES_ONLYA": NaN, "TRUSTA": NaN, "AITSCEA": NaN, "TTRACTA": NaN, "TBLKGRPA": NaN, "ANRCA": NaN, "CBSAA": 47260, "METDIVA": 99999, "CSAA": 999, "NECTAA": NaN, "NECTADIVA": NaN, "CNECTAA": NaN, "UAA": NaN, "URBRURALA": NaN, "CDA": NaN, "SLDUA": NaN, "SLDLA": NaN, "ZCTA5A": NaN, "SUBMCDA": NaN, "SDELMA": NaN, "SDSECA": NaN, "SDUNIA": NaN, "NAME": "Census Tract 212", "SABINSA": NaN, "TOTPOP": 5730, "H7X001": 5730, "WHITE": 5132, "BLACK": 378, "AIAN": 28, "ASIAN": 35, "NHPI": 12, "H7X007": 26, "H7X008": 119, "H7Y001": 5730, "H7Y002": 5532, "HISP": 198, "C_X": 1733644.1039513387, "C_Y": 82678.51419999893, "id": 70875}, {"boundary_node": true, "boundary_perim": 10187.241534594628, "area": 247049995.30006665, "STATEFP10": "51", "COUNTYFP10": "550", "TRACTCE10": "021301", "GEOID10": "51550021301", "NAME10": "213.01", "NAMELSAD10": "Census Tract 213.01", "MTFCC10": "G5020", "FUNCSTAT10": "S", "ALAND10": 235058834, "AWATER10": 11982589, "INTPTLAT10": "+36.6954101", "INTPTLON10": "-076.4365011", "GISJOIN": "G5105500021301", "Shape_area": 247049995.3, "Shape_len": 71027.9549705, "YEAR": 2010, "REGIONA": 3, "DIVISIONA": 5, "STATE": "Virginia", "STATEA": 51, "COUNTY": "Chesapeake City", "COUNTYA": 550, "COUSUBA": NaN, "PLACEA": NaN, "TRACTA": 21301, "BLKGRPA": NaN, "BLOCKA": NaN, "CONCITA": NaN, "AIANHHA": NaN, "RES_ONLYA": NaN, "TRUSTA": NaN, "AITSCEA": NaN, "TTRACTA": NaN, "TBLKGRPA": NaN, "ANRCA": NaN, "CBSAA": 47260, "METDIVA": 99999, "CSAA": 999, "NECTAA": NaN, "NECTADIVA": NaN, "CNECTAA": NaN, "UAA": NaN, "URBRURALA": NaN, "CDA": NaN, "SLDUA": NaN, "SLDLA": NaN, "ZCTA5A": NaN, "SUBMCDA": NaN, "SDELMA": NaN, "SDSECA": NaN, "SDUNIA": NaN, "NAME": "Census Tract 213.01", "SABINSA": NaN, "TOTPOP": 5396, "H7X001": 5396, "WHITE": 3568, "BLACK": 1406, "AIAN": 22, "ASIAN": 156, "NHPI": 4, "H7X007": 71, "H7X008": 169, "H7Y001": 5396, "H7Y002": 5159, "HISP": 237, "C_X": 1721502.0753516224, "C_Y": 84184.7728499996, "id": 70876}, {"boundary_node": false, "area": 20856623.355508585, "STATEFP10": "51", "COUNTYFP10": "550", "TRACTCE10": "021302", "GEOID10": "51550021302", "NAME10": "213.02", "NAMELSAD10": "Census Tract 213.02", "MTFCC10": "G5020", "FUNCSTAT10": "S", "ALAND10": 19999732, "AWATER10": 856892, "INTPTLAT10": "+36.7336341", "INTPTLON10": "-076.3231115", "GISJOIN": "G5105500021302", "Shape_area": 20856623.3555, "Shape_len": 21380.2149979, "YEAR": 2010, "REGIONA": 3, "DIVISIONA": 5, "STATE": "Virginia", "STATEA": 51, "COUNTY": "Chesapeake City", "COUNTYA": 550, "COUSUBA": NaN, "PLACEA": NaN, "TRACTA": 21302, "BLKGRPA": NaN, "BLOCKA": NaN, "CONCITA": NaN, "AIANHHA": NaN, "RES_ONLYA": NaN, "TRUSTA": NaN, "AITSCEA": NaN, "TTRACTA": NaN, "TBLKGRPA": NaN, "ANRCA": NaN, "CBSAA": 47260, "METDIVA": 99999, "CSAA": 999, "NECTAA": NaN, "NECTADIVA": NaN, "CNECTAA": NaN, "UAA": NaN, "URBRURALA": NaN, "CDA": NaN, "SLDUA": NaN, "SLDLA": NaN, "ZCTA5A": NaN, "SUBMCDA": NaN, "SDELMA": NaN, "SDSECA": NaN, "SDUNIA": NaN, "NAME": "Census Tract 213.02", "SABINSA": NaN, "TOTPOP": 9658, "H7X001": 9658, "WHITE": 5417, "BLACK": 3334, "AIAN": 43, "ASIAN": 329, "NHPI": 5, "H7X007": 103, "H7X008": 427, "H7Y001": 9658, "H7Y002": 9236, "HISP": 422, "C_X": 1728125.509759956, "C_Y": 92678.5850999991, "id": 70877}, {"boundary_node": false, "area": 4132671.9280908518, "STATEFP10": "51", "COUNTYFP10": "550", "TRACTCE10": "021401", "GEOID10": "51550021401", "NAME10": "214.01", "NAMELSAD10": "Census Tract 214.01", "MTFCC10": "G5020", "FUNCSTAT10": "S", "ALAND10": 4112874, "AWATER10": 19798, "INTPTLAT10": "+36.7626918", "INTPTLON10": "-076.3509749", "GISJOIN": "G5105500021401", "Shape_area": 4132671.92809, "Shape_len": 10227.8752288, "YEAR": 2010, "REGIONA": 3, "DIVISIONA": 5, "STATE": "Virginia", "STATEA": 51, "COUNTY": "Chesapeake City", "COUNTYA": 550, "COUSUBA": NaN, "PLACEA": NaN, "TRACTA": 21401, "BLKGRPA": NaN, "BLOCKA": NaN, "CONCITA": NaN, "AIANHHA": NaN, "RES_ONLYA": NaN, "TRUSTA": NaN, "AITSCEA": NaN, "TTRACTA": NaN, "TBLKGRPA": NaN, "ANRCA": NaN, "CBSAA": 47260, "METDIVA": 99999, "CSAA": 999, "NECTAA": NaN, "NECTADIVA": NaN, "CNECTAA": NaN, "UAA": NaN, "URBRURALA": NaN, "CDA": NaN, "SLDUA": NaN, "SLDLA": NaN, "ZCTA5A": NaN, "SUBMCDA": NaN, "SDELMA": NaN, "SDSECA": NaN, "SDUNIA": NaN, "NAME": "Census Tract 214.01", "SABINSA": NaN, "TOTPOP": 2028, "H7X001": 2028, "WHITE": 1287, "BLACK": 556, "AIAN": 9, "ASIAN": 47, "NHPI": 2, "H7X007": 98, "H7X008": 29, "H7Y001": 2028, "H7Y002": 1868, "HISP": 160, "C_X": 1725257.5953919739, "C_Y": 96134.78954999917, "id": 70880}, {"boundary_node": false, "area": 8531667.753236363, "STATEFP10": "51", "COUNTYFP10": "550", "TRACTCE10": "021402", "GEOID10": "51550021402", "NAME10": "214.02", "NAMELSAD10": "Census Tract 214.02", "MTFCC10": "G5020", "FUNCSTAT10": "S", "ALAND10": 7900091, "AWATER10": 631579, "INTPTLAT10": "+36.7614008", "INTPTLON10": "-076.3245597", "GISJOIN": "G5105500021402", "Shape_area": 8531667.75324, "Shape_len": 14290.6287575, "YEAR": 2010, "REGIONA": 3, "DIVISIONA": 5, "STATE": "Virginia", "STATEA": 51, "COUNTY": "Chesapeake City", "COUNTYA": 550, "COUSUBA": NaN, "PLACEA": NaN, "TRACTA": 21402, "BLKGRPA": NaN, "BLOCKA": NaN, "CONCITA": NaN, "AIANHHA": NaN, "RES_ONLYA": NaN, "TRUSTA": NaN, "AITSCEA": NaN, "TTRACTA": NaN, "TBLKGRPA": NaN, "ANRCA": NaN, "CBSAA": 47260, "METDIVA": 99999, "CSAA": 999, "NECTAA": NaN, "NECTADIVA": NaN, "CNECTAA": NaN, "UAA": NaN, "URBRURALA": NaN, "CDA": NaN, "SLDUA": NaN, "SLDLA": NaN, "ZCTA5A": NaN, "SUBMCDA": NaN, "SDELMA": NaN, "SDSECA": NaN, "SDUNIA": NaN, "NAME": "Census Tract 214.02", "SABINSA": NaN, "TOTPOP": 6317, "H7X001": 6317, "WHITE": 4833, "BLACK": 1075, "AIAN": 34, "ASIAN": 118, "NHPI": 3, "H7X007": 70, "H7X008": 184, "H7Y001": 6317, "H7Y002": 6075, "HISP": 242, "C_X": 1727714.2613641126, "C_Y": 96715.44089999958, "id": 70881}, {"boundary_node": false, "area": 7376698.013109746, "STATEFP10": "51", "COUNTYFP10": "550", "TRACTCE10": "021403", "GEOID10": "51550021403", "NAME10": "214.03", "NAMELSAD10": "Census Tract 214.03", "MTFCC10": "G5020", "FUNCSTAT10": "S", "ALAND10": 6231037, "AWATER10": 1145662, "INTPTLAT10": "+36.7820583", "INTPTLON10": "-076.3236387", "GISJOIN": "G5105500021403", "Shape_area": 7376698.01311, "Shape_len": 14358.3956395, "YEAR": 2010, "REGIONA": 3, "DIVISIONA": 5, "STATE": "Virginia", "STATEA": 51, "COUNTY": "Chesapeake City", "COUNTYA": 550, "COUSUBA": NaN, "PLACEA": NaN, "TRACTA": 21403, "BLKGRPA": NaN, "BLOCKA": NaN, "CONCITA": NaN, "AIANHHA": NaN, "RES_ONLYA": NaN, "TRUSTA": NaN, "AITSCEA": NaN, "TTRACTA": NaN, "TBLKGRPA": NaN, "ANRCA": NaN, "CBSAA": 47260, "METDIVA": 99999, "CSAA": 999, "NECTAA": NaN, "NECTADIVA": NaN, "CNECTAA": NaN, "UAA": NaN, "URBRURALA": NaN, "CDA": NaN, "SLDUA": NaN, "SLDLA": NaN, "ZCTA5A": NaN, "SUBMCDA": NaN, "SDELMA": NaN, "SDSECA": NaN, "SDUNIA": NaN, "NAME": "Census Tract 214.03", "SABINSA": NaN, "TOTPOP": 4890, "H7X001": 4890, "WHITE": 3030, "BLACK": 1425, "AIAN": 25, "ASIAN": 56, "NHPI": 4, "H7X007": 189, "H7X008": 161, "H7Y001": 4890, "H7Y002": 4445, "HISP": 445, "C_X": 1727649.9779169513, "C_Y": 99488.50464999932, "id": 70882}, {"boundary_node": false, "area": 11533702.357572123, "STATEFP10": "51", "COUNTYFP10": "550", "TRACTCE10": "021404", "GEOID10": "51550021404", "NAME10": "214.04", "NAMELSAD10": "Census Tract 214.04", "MTFCC10": "G5020", "FUNCSTAT10": "S", "ALAND10": 11324192, "AWATER10": 209514, "INTPTLAT10": "+36.7807227", "INTPTLON10": "-076.3716705", "GISJOIN": "G5105500021404", "Shape_area": 11533702.3576, "Shape_len": 18210.434247, "YEAR": 2010, "REGIONA": 3, "DIVISIONA": 5, "STATE": "Virginia", "STATEA": 51, "COUNTY": "Chesapeake City", "COUNTYA": 550, "COUSUBA": NaN, "PLACEA": NaN, "TRACTA": 21404, "BLKGRPA": NaN, "BLOCKA": NaN, "CONCITA": NaN, "AIANHHA": NaN, "RES_ONLYA": NaN, "TRUSTA": NaN, "AITSCEA": NaN, "TTRACTA": NaN, "TBLKGRPA": NaN, "ANRCA": NaN, "CBSAA": 47260, "METDIVA": 99999, "CSAA": 999, "NECTAA": NaN, "NECTADIVA": NaN, "CNECTAA": NaN, "UAA": NaN, "URBRURALA": NaN, "CDA": NaN, "SLDUA": NaN, "SLDLA": NaN, "ZCTA5A": NaN, "SUBMCDA": NaN, "SDELMA": NaN, "SDSECA": NaN, "SDUNIA": NaN, "NAME": "Census Tract 214.04", "SABINSA": NaN, "TOTPOP": 7671, "H7X001": 7671, "WHITE": 1624, "BLACK": 5615, "AIAN": 17, "ASIAN": 91, "NHPI": 2, "H7X007": 98, "H7X008": 224, "H7Y001": 7671, "H7Y002": 7418, "HISP": 253, "C_X": 1724532.7780647199, "C_Y": 98544.56365000224, "id": 70883}, {"boundary_node": false, "area": 20012026.66349121, "STATEFP10": "51", "COUNTYFP10": "550", "TRACTCE10": "021501", "GEOID10": "51550021501", "NAME10": "215.01", "NAMELSAD10": "Census Tract 215.01", "MTFCC10": "G5020", "FUNCSTAT10": "S", "ALAND10": 19712242, "AWATER10": 299785, "INTPTLAT10": "+36.7994067", "INTPTLON10": "-076.4301852", "GISJOIN": "G5105500021501", "Shape_area": 20012026.6635, "Shape_len": 20466.024537, "YEAR": 2010, "REGIONA": 3, "DIVISIONA": 5, "STATE": "Virginia", "STATEA": 51, "COUNTY": "Chesapeake City", "COUNTYA": 550, "COUSUBA": NaN, "PLACEA": NaN, "TRACTA": 21501, "BLKGRPA": NaN, "BLOCKA": NaN, "CONCITA": NaN, "AIANHHA": NaN, "RES_ONLYA": NaN, "TRUSTA": NaN, "AITSCEA": NaN, "TTRACTA": NaN, "TBLKGRPA": NaN, "ANRCA": NaN, "CBSAA": 47260, "METDIVA": 99999, "CSAA": 999, "NECTAA": NaN, "NECTADIVA": NaN, "CNECTAA": NaN, "UAA": NaN, "URBRURALA": NaN, "CDA": NaN, "SLDUA": NaN, "SLDLA": NaN, "ZCTA5A": NaN, "SUBMCDA": NaN, "SDELMA": NaN, "SDSECA": NaN, "SDUNIA": NaN, "NAME": "Census Tract 215.01", "SABINSA": NaN, "TOTPOP": 10150, "H7X001": 10150, "WHITE": 5031, "BLACK": 4446, "AIAN": 36, "ASIAN": 255, "NHPI": 5, "H7X007": 73, "H7X008": 304, "H7Y001": 10150, "H7Y002": 9853, "HISP": 297, "C_X": 1717421.4127079095, "C_Y": 97883.03904999979, "id": 70884}, {"boundary_node": true, "boundary_perim": 2580.275919629641, "area": 13499556.296453156, "STATEFP10": "51", "COUNTYFP10": "550", "TRACTCE10": "021502", "GEOID10": "51550021502", "NAME10": "215.02", "NAMELSAD10": "Census Tract 215.02", "MTFCC10": "G5020", "FUNCSTAT10": "S", "ALAND10": 13341096, "AWATER10": 439771, "INTPTLAT10": "+36.8277544", "INTPTLON10": "-076.4255019", "GISJOIN": "G5105500021502", "Shape_area": 13499556.2965, "Shape_len": 17207.0672584, "YEAR": 2010, "REGIONA": 3, "DIVISIONA": 5, "STATE": "Virginia", "STATEA": 51, "COUNTY": "Chesapeake City", "COUNTYA": 550, "COUSUBA": NaN, "PLACEA": NaN, "TRACTA": 21502, "BLKGRPA": NaN, "BLOCKA": NaN, "CONCITA": NaN, "AIANHHA": NaN, "RES_ONLYA": NaN, "TRUSTA": NaN, "AITSCEA": NaN, "TTRACTA": NaN, "TBLKGRPA": NaN, "ANRCA": NaN, "CBSAA": 47260, "METDIVA": 99999, "CSAA": 999, "NECTAA": NaN, "NECTADIVA": NaN, "CNECTAA": NaN, "UAA": NaN, "URBRURALA": NaN, "CDA": NaN, "SLDUA": NaN, "SLDLA": NaN, "ZCTA5A": NaN, "SUBMCDA": NaN, "SDELMA": NaN, "SDSECA": NaN, "SDUNIA": NaN, "NAME": "Census Tract 215.02", "SABINSA": NaN, "TOTPOP": 7173, "H7X001": 7173, "WHITE": 5558, "BLACK": 1161, "AIAN": 31, "ASIAN": 168, "NHPI": 0, "H7X007": 43, "H7X008": 212, "H7Y001": 7173, "H7Y002": 6944, "HISP": 229, "C_X": 1717575.7622798472, "C_Y": 102049.50225000246, "id": 70885}, {"boundary_node": true, "boundary_perim": 2296.713954999057, "area": 7365457.012843142, "STATEFP10": "51", "COUNTYFP10": "550", "TRACTCE10": "021601", "GEOID10": "51550021601", "NAME10": "216.01", "NAMELSAD10": "Census Tract 216.01", "MTFCC10": "G5020", "FUNCSTAT10": "S", "ALAND10": 7141167, "AWATER10": 544058, "INTPTLAT10": "+36.8437539", "INTPTLON10": "-076.4050104", "GISJOIN": "G5105500021601", "Shape_area": 7365457.01284, "Shape_len": 13571.3395255, "YEAR": 2010, "REGIONA": 3, "DIVISIONA": 5, "STATE": "Virginia", "STATEA": 51, "COUNTY": "Chesapeake City", "COUNTYA": 550, "COUSUBA": NaN, "PLACEA": NaN, "TRACTA": 21601, "BLKGRPA": NaN, "BLOCKA": NaN, "CONCITA": NaN, "AIANHHA": NaN, "RES_ONLYA": NaN, "TRUSTA": NaN, "AITSCEA": NaN, "TTRACTA": NaN, "TBLKGRPA": NaN, "ANRCA": NaN, "CBSAA": 47260, "METDIVA": 99999, "CSAA": 999, "NECTAA": NaN, "NECTADIVA": NaN, "CNECTAA": NaN, "UAA": NaN, "URBRURALA": NaN, "CDA": NaN, "SLDUA": NaN, "SLDLA": NaN, "ZCTA5A": NaN, "SUBMCDA": NaN, "SDELMA": NaN, "SDSECA": NaN, "SDUNIA": NaN, "NAME": "Census Tract 216.01", "SABINSA": NaN, "TOTPOP": 8183, "H7X001": 8183, "WHITE": 6453, "BLACK": 1087, "AIAN": 12, "ASIAN": 366, "NHPI": 9, "H7X007": 44, "H7X008": 212, "H7Y001": 8183, "H7Y002": 7990, "HISP": 193, "C_X": 1718864.3246995746, "C_Y": 104606.43350000028, "id": 70886}, {"boundary_node": false, "area": 4326968.002112117, "STATEFP10": "51", "COUNTYFP10": "550", "TRACTCE10": "021602", "GEOID10": "51550021602", "NAME10": "216.02", "NAMELSAD10": "Census Tract 216.02", "MTFCC10": "G5020", "FUNCSTAT10": "S", "ALAND10": 4326961, "AWATER10": 0, "INTPTLAT10": "+36.8564332", "INTPTLON10": "-076.4191937", "GISJOIN": "G5105500021602", "Shape_area": 4326968.00211, "Shape_len": 10184.83113, "YEAR": 2010, "REGIONA": 3, "DIVISIONA": 5, "STATE": "Virginia", "STATEA": 51, "COUNTY": "Chesapeake City", "COUNTYA": 550, "COUSUBA": NaN, "PLACEA": NaN, "TRACTA": 21602, "BLKGRPA": NaN, "BLOCKA": NaN, "CONCITA": NaN, "AIANHHA": NaN, "RES_ONLYA": NaN, "TRUSTA": NaN, "AITSCEA": NaN, "TTRACTA": NaN, "TBLKGRPA": NaN, "ANRCA": NaN, "CBSAA": 47260, "METDIVA": 99999, "CSAA": 999, "NECTAA": NaN, "NECTADIVA": NaN, "CNECTAA": NaN, "UAA": NaN, "URBRURALA": NaN, "CDA": NaN, "SLDUA": NaN, "SLDLA": NaN, "ZCTA5A": NaN, "SUBMCDA": NaN, "SDELMA": NaN, "SDSECA": NaN, "SDUNIA": NaN, "NAME": "Census Tract 216.02", "SABINSA": NaN, "TOTPOP": 6590, "H7X001": 6590, "WHITE": 2681, "BLACK": 3256, "AIAN": 28, "ASIAN": 240, "NHPI": 16, "H7X007": 93, "H7X008": 276, "H7Y001": 6590, "H7Y002": 6322, "HISP": 268, "C_X": 1717156.7092903021, "C_Y": 105161.84570000041, "id": 70887}, {"boundary_node": false, "area": 10950267.768732477, "STATEFP10": "51", "COUNTYFP10": "550", "TRACTCE10": "020805", "GEOID10": "51550020805", "NAME10": "208.05", "NAMELSAD10": "Census Tract 208.05", "MTFCC10": "G5020", "FUNCSTAT10": "S", "ALAND10": 10833556, "AWATER10": 116714, "INTPTLAT10": "+36.7638289", "INTPTLON10": "-076.2393363", "GISJOIN": "G5105500020805", "Shape_area": 10950267.7687, "Shape_len": 16613.9556383, "YEAR": 2010, "REGIONA": 3, "DIVISIONA": 5, "STATE": "Virginia", "STATEA": 51, "COUNTY": "Chesapeake City", "COUNTYA": 550, "COUSUBA": NaN, "PLACEA": NaN, "TRACTA": 20805, "BLKGRPA": NaN, "BLOCKA": NaN, "CONCITA": NaN, "AIANHHA": NaN, "RES_ONLYA": NaN, "TRUSTA": NaN, "AITSCEA": NaN, "TTRACTA": NaN, "TBLKGRPA": NaN, "ANRCA": NaN, "CBSAA": 47260, "METDIVA": 99999, "CSAA": 999, "NECTAA": NaN, "NECTADIVA": NaN, "CNECTAA": NaN, "UAA": NaN, "URBRURALA": NaN, "CDA": NaN, "SLDUA": NaN, "SLDLA": NaN, "ZCTA5A": NaN, "SUBMCDA": NaN, "SDELMA": NaN, "SDSECA": NaN, "SDUNIA": NaN, "NAME": "Census Tract 208.05", "SABINSA": NaN, "TOTPOP": 5373, "H7X001": 5373, "WHITE": 2849, "BLACK": 1738, "AIAN": 21, "ASIAN": 432, "NHPI": 1, "H7X007": 112, "H7X008": 220, "H7Y001": 5373, "H7Y002": 5035, "HISP": 338, "C_X": 1735204.8311768998, "C_Y": 98411.32355000009, "id": 70888}, {"boundary_node": false, "area": 18262596.06120742, "STATEFP10": "51", "COUNTYFP10": "550", "TRACTCE10": "021009", "GEOID10": "51550021009", "NAME10": "210.09", "NAMELSAD10": "Census Tract 210.09", "MTFCC10": "G5020", "FUNCSTAT10": "S", "ALAND10": 18262594, "AWATER10": 0, "INTPTLAT10": "+36.6589121", "INTPTLON10": "-076.2169740", "GISJOIN": "G5105500021009", "Shape_area": 18262596.0612, "Shape_len": 22822.4190732, "YEAR": 2010, "REGIONA": 3, "DIVISIONA": 5, "STATE": "Virginia", "STATEA": 51, "COUNTY": "Chesapeake City", "COUNTYA": 550, "COUSUBA": NaN, "PLACEA": NaN, "TRACTA": 21009, "BLKGRPA": NaN, "BLOCKA": NaN, "CONCITA": NaN, "AIANHHA": NaN, "RES_ONLYA": NaN, "TRUSTA": NaN, "AITSCEA": NaN, "TTRACTA": NaN, "TBLKGRPA": NaN, "ANRCA": NaN, "CBSAA": 47260, "METDIVA": 99999, "CSAA": 999, "NECTAA": NaN, "NECTADIVA": NaN, "CNECTAA": NaN, "UAA": NaN, "URBRURALA": NaN, "CDA": NaN, "SLDUA": NaN, "SLDLA": NaN, "ZCTA5A": NaN, "SUBMCDA": NaN, "SDELMA": NaN, "SDSECA": NaN, "SDUNIA": NaN, "NAME": "Census Tract 210.09", "SABINSA": NaN, "TOTPOP": 4262, "H7X001": 4262, "WHITE": 3751, "BLACK": 229, "AIAN": 24, "ASIAN": 106, "NHPI": 0, "H7X007": 17, "H7X008": 135, "H7Y001": 4262, "H7Y002": 4099, "HISP": 163, "C_X": 1739825.3262519753, "C_Y": 87400.55155000021, "id": 70889}, {"boundary_node": false, "area": 1941805.4479524316, "STATEFP10": "51", "COUNTYFP10": "550", "TRACTCE10": "020808", "GEOID10": "51550020808", "NAME10": "208.08", "NAMELSAD10": "Census Tract 208.08", "MTFCC10": "G5020", "FUNCSTAT10": "S", "ALAND10": 1927800, "AWATER10": 14003, "INTPTLAT10": "+36.7979280", "INTPTLON10": "-076.2481745", "GISJOIN": "G5105500020808", "Shape_area": 1941805.44795, "Shape_len": 6127.43764531, "YEAR": 2010, "REGIONA": 3, "DIVISIONA": 5, "STATE": "Virginia", "STATEA": 51, "COUNTY": "Chesapeake City", "COUNTYA": 550, "COUSUBA": NaN, "PLACEA": NaN, "TRACTA": 20808, "BLKGRPA": NaN, "BLOCKA": NaN, "CONCITA": NaN, "AIANHHA": NaN, "RES_ONLYA": NaN, "TRUSTA": NaN, "AITSCEA": NaN, "TTRACTA": NaN, "TBLKGRPA": NaN, "ANRCA": NaN, "CBSAA": 47260, "METDIVA": 99999, "CSAA": 999, "NECTAA": NaN, "NECTADIVA": NaN, "CNECTAA": NaN, "UAA": NaN, "URBRURALA": NaN, "CDA": NaN, "SLDUA": NaN, "SLDLA": NaN, "ZCTA5A": NaN, "SUBMCDA": NaN, "SDELMA": NaN, "SDSECA": NaN, "SDUNIA": NaN, "NAME": "Census Tract 208.08", "SABINSA": NaN, "TOTPOP": 3751, "H7X001": 3751, "WHITE": 614, "BLACK": 2905, "AIAN": 10, "ASIAN": 72, "NHPI": 0, "H7X007": 31, "H7X008": 119, "H7Y001": 3751, "H7Y002": 3625, "HISP": 126, "C_X": 1733345.4563941061, "C_Y": 102217.12645000103, "id": 70890}, {"boundary_node": false, "area": 2160885.106384975, "STATEFP10": "51", "COUNTYFP10": "550", "TRACTCE10": "020905", "GEOID10": "51550020905", "NAME10": "209.05", "NAMELSAD10": "Census Tract 209.05", "MTFCC10": "G5020", "FUNCSTAT10": "S", "ALAND10": 2160882, "AWATER10": 0, "INTPTLAT10": "+36.7730384", "INTPTLON10": "-076.2649956", "GISJOIN": "G5105500020905", "Shape_area": 2160885.10638, "Shape_len": 6477.99405432, "YEAR": 2010, "REGIONA": 3, "DIVISIONA": 5, "STATE": "Virginia", "STATEA": 51, "COUNTY": "Chesapeake City", "COUNTYA": 550, "COUSUBA": NaN, "PLACEA": NaN, "TRACTA": 20905, "BLKGRPA": NaN, "BLOCKA": NaN, "CONCITA": NaN, "AIANHHA": NaN, "RES_ONLYA": NaN, "TRUSTA": NaN, "AITSCEA": NaN, "TTRACTA": NaN, "TBLKGRPA": NaN, "ANRCA": NaN, "CBSAA": 47260, "METDIVA": 99999, "CSAA": 999, "NECTAA": NaN, "NECTADIVA": NaN, "CNECTAA": NaN, "UAA": NaN, "URBRURALA": NaN, "CDA": NaN, "SLDUA": NaN, "SLDLA": NaN, "ZCTA5A": NaN, "SUBMCDA": NaN, "SDELMA": NaN, "SDSECA": NaN, "SDUNIA": NaN, "NAME": "Census Tract 209.05", "SABINSA": NaN, "TOTPOP": 2701, "H7X001": 2701, "WHITE": 2003, "BLACK": 485, "AIAN": 22, "ASIAN": 58, "NHPI": 0, "H7X007": 56, "H7X008": 77, "H7Y001": 2701, "H7Y002": 2548, "HISP": 153, "C_X": 1732530.3778100589, "C_Y": 99095.95885000145, "id": 70891}, {"boundary_node": false, "area": 6405747.848750582, "STATEFP10": "51", "COUNTYFP10": "550", "TRACTCE10": "020906", "GEOID10": "51550020906", "NAME10": "209.06", "NAMELSAD10": "Census Tract 209.06", "MTFCC10": "G5020", "FUNCSTAT10": "S", "ALAND10": 6361753, "AWATER10": 43990, "INTPTLAT10": "+36.7561820", "INTPTLON10": "-076.2531616", "GISJOIN": "G5105500020906", "Shape_area": 6405747.84875, "Shape_len": 12108.5895861, "YEAR": 2010, "REGIONA": 3, "DIVISIONA": 5, "STATE": "Virginia", "STATEA": 51, "COUNTY": "Chesapeake City", "COUNTYA": 550, "COUSUBA": NaN, "PLACEA": NaN, "TRACTA": 20906, "BLKGRPA": NaN, "BLOCKA": NaN, "CONCITA": NaN, "AIANHHA": NaN, "RES_ONLYA": NaN, "TRUSTA": NaN, "AITSCEA": NaN, "TTRACTA": NaN, "TBLKGRPA": NaN, "ANRCA": NaN, "CBSAA": 47260, "METDIVA": 99999, "CSAA": 999, "NECTAA": NaN, "NECTADIVA": NaN, "CNECTAA": NaN, "UAA": NaN, "URBRURALA": NaN, "CDA": NaN, "SLDUA": NaN, "SLDLA": NaN, "ZCTA5A": NaN, "SUBMCDA": NaN, "SDELMA": NaN, "SDSECA": NaN, "SDUNIA": NaN, "NAME": "Census Tract 209.06", "SABINSA": NaN, "TOTPOP": 7081, "H7X001": 7081, "WHITE": 3882, "BLACK": 2432, "AIAN": 36, "ASIAN": 319, "NHPI": 5, "H7X007": 115, "H7X008": 292, "H7Y001": 7081, "H7Y002": 6685, "HISP": 396, "C_X": 1733774.639892315, "C_Y": 97299.00304999948, "id": 70892}, {"boundary_node": false, "area": 3448109.0436775135, "STATEFP10": "51", "COUNTYFP10": "550", "TRACTCE10": "021013", "GEOID10": "51550021013", "NAME10": "210.13", "NAMELSAD10": "Census Tract 210.13", "MTFCC10": "G5020", "FUNCSTAT10": "S", "ALAND10": 3448112, "AWATER10": 0, "INTPTLAT10": "+36.6929129", "INTPTLON10": "-076.1945101", "GISJOIN": "G5105500021013", "Shape_area": 3448109.04368, "Shape_len": 8619.2431124, "YEAR": 2010, "REGIONA": 3, "DIVISIONA": 5, "STATE": "Virginia", "STATEA": 51, "COUNTY": "Chesapeake City", "COUNTYA": 550, "COUSUBA": NaN, "PLACEA": NaN, "TRACTA": 21013, "BLKGRPA": NaN, "BLOCKA": NaN, "CONCITA": NaN, "AIANHHA": NaN, "RES_ONLYA": NaN, "TRUSTA": NaN, "AITSCEA": NaN, "TTRACTA": NaN, "TBLKGRPA": NaN, "ANRCA": NaN, "CBSAA": 47260, "METDIVA": 99999, "CSAA": 999, "NECTAA": NaN, "NECTADIVA": NaN, "CNECTAA": NaN, "UAA": NaN, "URBRURALA": NaN, "CDA": NaN, "SLDUA": NaN, "SLDLA": NaN, "ZCTA5A": NaN, "SUBMCDA": NaN, "SDELMA": NaN, "SDSECA": NaN, "SDUNIA": NaN, "NAME": "Census Tract 210.13", "SABINSA": NaN, "TOTPOP": 4670, "H7X001": 4670, "WHITE": 3947, "BLACK": 400, "AIAN": 12, "ASIAN": 172, "NHPI": 6, "H7X007": 25, "H7X008": 108, "H7Y001": 4670, "H7Y002": 4494, "HISP": 176, "C_X": 1740631.2860064479, "C_Y": 91313.88369999989, "id": 70893}, {"boundary_node": false, "area": 5451326.393282603, "STATEFP10": "51", "COUNTYFP10": "550", "TRACTCE10": "021012", "GEOID10": "51550021012", "NAME10": "210.12", "NAMELSAD10": "Census Tract 210.12", "MTFCC10": "G5020", "FUNCSTAT10": "S", "ALAND10": 5451327, "AWATER10": 0, "INTPTLAT10": "+36.6975227", "INTPTLON10": "-076.2201165", "GISJOIN": "G5105500021012", "Shape_area": 5451326.39328, "Shape_len": 10835.5877297, "YEAR": 2010, "REGIONA": 3, "DIVISIONA": 5, "STATE": "Virginia", "STATEA": 51, "COUNTY": "Chesapeake City", "COUNTYA": 550, "COUSUBA": NaN, "PLACEA": NaN, "TRACTA": 21012, "BLKGRPA": NaN, "BLOCKA": NaN, "CONCITA": NaN, "AIANHHA": NaN, "RES_ONLYA": NaN, "TRUSTA": NaN, "AITSCEA": NaN, "TTRACTA": NaN, "TBLKGRPA": NaN, "ANRCA": NaN, "CBSAA": 47260, "METDIVA": 99999, "CSAA": 999, "NECTAA": NaN, "NECTADIVA": NaN, "CNECTAA": NaN, "UAA": NaN, "URBRURALA": NaN, "CDA": NaN, "SLDUA": NaN, "SLDLA": NaN, "ZCTA5A": NaN, "SUBMCDA": NaN, "SDELMA": NaN, "SDSECA": NaN, "SDUNIA": NaN, "NAME": "Census Tract 210.12", "SABINSA": NaN, "TOTPOP": 6109, "H7X001": 6109, "WHITE": 5577, "BLACK": 252, "AIAN": 22, "ASIAN": 118, "NHPI": 13, "H7X007": 19, "H7X008": 108, "H7Y001": 6109, "H7Y002": 5916, "HISP": 193, "C_X": 1738213.36858524, "C_Y": 91756.97625000123, "id": 70894}, {"boundary_node": false, "area": 3731025.7481679367, "STATEFP10": "51", "COUNTYFP10": "550", "TRACTCE10": "021010", "GEOID10": "51550021010", "NAME10": "210.10", "NAMELSAD10": "Census Tract 210.10", "MTFCC10": "G5020", "FUNCSTAT10": "S", "ALAND10": 3731025, "AWATER10": 0, "INTPTLAT10": "+36.7065649", "INTPTLON10": "-076.2575177", "GISJOIN": "G5105500021010", "Shape_area": 3731025.74817, "Shape_len": 9212.24559386, "YEAR": 2010, "REGIONA": 3, "DIVISIONA": 5, "STATE": "Virginia", "STATEA": 51, "COUNTY": "Chesapeake City", "COUNTYA": 550, "COUSUBA": NaN, "PLACEA": NaN, "TRACTA": 21010, "BLKGRPA": NaN, "BLOCKA": NaN, "CONCITA": NaN, "AIANHHA": NaN, "RES_ONLYA": NaN, "TRUSTA": NaN, "AITSCEA": NaN, "TTRACTA": NaN, "TBLKGRPA": NaN, "ANRCA": NaN, "CBSAA": 47260, "METDIVA": 99999, "CSAA": 999, "NECTAA": NaN, "NECTADIVA": NaN, "CNECTAA": NaN, "UAA": NaN, "URBRURALA": NaN, "CDA": NaN, "SLDUA": NaN, "SLDLA": NaN, "ZCTA5A": NaN, "SUBMCDA": NaN, "SDELMA": NaN, "SDSECA": NaN, "SDUNIA": NaN, "NAME": "Census Tract 210.10", "SABINSA": NaN, "TOTPOP": 5665, "H7X001": 5665, "WHITE": 4878, "BLACK": 500, "AIAN": 13, "ASIAN": 94, "NHPI": 12, "H7X007": 21, "H7X008": 147, "H7Y001": 5665, "H7Y002": 5508, "HISP": 157, "C_X": 1734625.1583611523, "C_Y": 91944.13960000081, "id": 70895}, {"boundary_node": false, "area": 2449413.76885832, "STATEFP10": "51", "COUNTYFP10": "550", "TRACTCE10": "021011", "GEOID10": "51550021011", "NAME10": "210.11", "NAMELSAD10": "Census Tract 210.11", "MTFCC10": "G5020", "FUNCSTAT10": "S", "ALAND10": 2449413, "AWATER10": 0, "INTPTLAT10": "+36.6962451", "INTPTLON10": "-076.2570375", "GISJOIN": "G5105500021011", "Shape_area": 2449413.76886, "Shape_len": 8031.63473955, "YEAR": 2010, "REGIONA": 3, "DIVISIONA": 5, "STATE": "Virginia", "STATEA": 51, "COUNTY": "Chesapeake City", "COUNTYA": 550, "COUSUBA": NaN, "PLACEA": NaN, "TRACTA": 21011, "BLKGRPA": NaN, "BLOCKA": NaN, "CONCITA": NaN, "AIANHHA": NaN, "RES_ONLYA": NaN, "TRUSTA": NaN, "AITSCEA": NaN, "TTRACTA": NaN, "TBLKGRPA": NaN, "ANRCA": NaN, "CBSAA": 47260, "METDIVA": 99999, "CSAA": 999, "NECTAA": NaN, "NECTADIVA": NaN, "CNECTAA": NaN, "UAA": NaN, "URBRURALA": NaN, "CDA": NaN, "SLDUA": NaN, "SLDLA": NaN, "ZCTA5A": NaN, "SUBMCDA": NaN, "SDELMA": NaN, "SDSECA": NaN, "SDUNIA": NaN, "NAME": "Census Tract 210.11", "SABINSA": NaN, "TOTPOP": 3483, "H7X001": 3483, "WHITE": 3040, "BLACK": 235, "AIAN": 4, "ASIAN": 85, "NHPI": 4, "H7X007": 7, "H7X008": 108, "H7Y001": 3483, "H7Y002": 3399, "HISP": 84, "C_X": 1735355.3388047586, "C_Y": 90983.83960000076, "id": 70896}, {"boundary_node": true, "boundary_perim": 215.03574324451256, "area": 5425944.769561063, "STATEFP10": "51", "COUNTYFP10": "550", "TRACTCE10": "020809", "GEOID10": "51550020809", "NAME10": "208.09", "NAMELSAD10": "Census Tract 208.09", "MTFCC10": "G5020", "FUNCSTAT10": "S", "ALAND10": 5203412, "AWATER10": 222537, "INTPTLAT10": "+36.8005730", "INTPTLON10": "-076.2284049", "GISJOIN": "G5105500020809", "Shape_area": 5425944.76956, "Shape_len": 9963.37669283, "YEAR": 2010, "REGIONA": 3, "DIVISIONA": 5, "STATE": "Virginia", "STATEA": 51, "COUNTY": "Chesapeake City", "COUNTYA": 550, "COUSUBA": NaN, "PLACEA": NaN, "TRACTA": 20809, "BLKGRPA": NaN, "BLOCKA": NaN, "CONCITA": NaN, "AIANHHA": NaN, "RES_ONLYA": NaN, "TRUSTA": NaN, "AITSCEA": NaN, "TTRACTA": NaN, "TBLKGRPA": NaN, "ANRCA": NaN, "CBSAA": 47260, "METDIVA": 99999, "CSAA": 999, "NECTAA": NaN, "NECTADIVA": NaN, "CNECTAA": NaN, "UAA": NaN, "URBRURALA": NaN, "CDA": NaN, "SLDUA": NaN, "SLDLA": NaN, "ZCTA5A": NaN, "SUBMCDA": NaN, "SDELMA": NaN, "SDSECA": NaN, "SDUNIA": NaN, "NAME": "Census Tract 208.09", "SABINSA": NaN, "TOTPOP": 4894, "H7X001": 4894, "WHITE": 2682, "BLACK": 1695, "AIAN": 41, "ASIAN": 166, "NHPI": 11, "H7X007": 120, "H7X008": 179, "H7Y001": 4894, "H7Y002": 4525, "HISP": 369, "C_X": 1735208.8855397473, "C_Y": 102504.12110000127, "id": 70897}, {"boundary_node": false, "area": 6374083.643872806, "STATEFP10": "51", "COUNTYFP10": "550", "TRACTCE10": "020500", "GEOID10": "51550020500", "NAME10": "205", "NAMELSAD10": "Census Tract 205", "MTFCC10": "G5020", "FUNCSTAT10": "S", "ALAND10": 4706943, "AWATER10": 1667141, "INTPTLAT10": "+36.7911104", "INTPTLON10": "-076.2920415", "GISJOIN": "G5105500020500", "Shape_area": 6374083.64387, "Shape_len": 15668.1856718, "YEAR": 2010, "REGIONA": 3, "DIVISIONA": 5, "STATE": "Virginia", "STATEA": 51, "COUNTY": "Chesapeake City", "COUNTYA": 550, "COUSUBA": NaN, "PLACEA": NaN, "TRACTA": 20500, "BLKGRPA": NaN, "BLOCKA": NaN, "CONCITA": NaN, "AIANHHA": NaN, "RES_ONLYA": NaN, "TRUSTA": NaN, "AITSCEA": NaN, "TTRACTA": NaN, "TBLKGRPA": NaN, "ANRCA": NaN, "CBSAA": 47260, "METDIVA": 99999, "CSAA": 999, "NECTAA": NaN, "NECTADIVA": NaN, "CNECTAA": NaN, "UAA": NaN, "URBRURALA": NaN, "CDA": NaN, "SLDUA": NaN, "SLDLA": NaN, "ZCTA5A": NaN, "SUBMCDA": NaN, "SDELMA": NaN, "SDSECA": NaN, "SDUNIA": NaN, "NAME": "Census Tract 205", "SABINSA": NaN, "TOTPOP": 1429, "H7X001": 1429, "WHITE": 575, "BLACK": 542, "AIAN": 9, "ASIAN": 9, "NHPI": 1, "H7X007": 246, "H7X008": 47, "H7Y001": 1429, "H7Y002": 996, "HISP": 433, "C_X": 1730169.6191346874, "C_Y": 101538.09335000045, "id": 70898}, {"boundary_node": true, "boundary_perim": 2215.918706594606, "area": 2174539.446638099, "STATEFP10": "51", "COUNTYFP10": "740", "TRACTCE10": "212500", "GEOID10": "51740212500", "NAME10": "2125", "NAMELSAD10": "Census Tract 2125", "MTFCC10": "G5020", "FUNCSTAT10": "S", "ALAND10": 2174542, "AWATER10": 0, "INTPTLAT10": "+36.7997462", "INTPTLON10": "-076.3402081", "GISJOIN": "G5107400212500", "Shape_area": 2174539.44664, "Shape_len": 6061.97429893, "YEAR": 2010, "REGIONA": 3, "DIVISIONA": 5, "STATE": "Virginia", "STATEA": 51, "COUNTY": "Portsmouth City", "COUNTYA": 740, "COUSUBA": NaN, "PLACEA": NaN, "TRACTA": 212500, "BLKGRPA": NaN, "BLOCKA": NaN, "CONCITA": NaN, "AIANHHA": NaN, "RES_ONLYA": NaN, "TRUSTA": NaN, "AITSCEA": NaN, "TTRACTA": NaN, "TBLKGRPA": NaN, "ANRCA": NaN, "CBSAA": 47260, "METDIVA": 99999, "CSAA": 999, "NECTAA": NaN, "NECTADIVA": NaN, "CNECTAA": NaN, "UAA": NaN, "URBRURALA": NaN, "CDA": NaN, "SLDUA": NaN, "SLDLA": NaN, "ZCTA5A": NaN, "SUBMCDA": NaN, "SDELMA": NaN, "SDSECA": NaN, "SDUNIA": NaN, "NAME": "Census Tract 2125", "SABINSA": NaN, "TOTPOP": 2142, "H7X001": 2142, "WHITE": 1311, "BLACK": 687, "AIAN": 20, "ASIAN": 29, "NHPI": 0, "H7X007": 21, "H7X008": 74, "H7Y001": 2142, "H7Y002": 2067, "HISP": 75, "C_X": 1725308.4784979825, "C_Y": 100629.91720000003, "id": 70986}, {"boundary_node": true, "boundary_perim": 3467.341140257611, "area": 4441159.481233293, "STATEFP10": "51", "COUNTYFP10": "740", "TRACTCE10": "212701", "GEOID10": "51740212701", "NAME10": "2127.01", "NAMELSAD10": "Census Tract 2127.01", "MTFCC10": "G5020", "FUNCSTAT10": "S", "ALAND10": 4226793, "AWATER10": 214365, "INTPTLAT10": "+36.7979342", "INTPTLON10": "-076.3699290", "GISJOIN": "G5107400212701", "Shape_area": 4441159.48123, "Shape_len": 9492.71973286, "YEAR": 2010, "REGIONA": 3, "DIVISIONA": 5, "STATE": "Virginia", "STATEA": 51, "COUNTY": "Portsmouth City", "COUNTYA": 740, "COUSUBA": NaN, "PLACEA": NaN, "TRACTA": 212701, "BLKGRPA": NaN, "BLOCKA": NaN, "CONCITA": NaN, "AIANHHA": NaN, "RES_ONLYA": NaN, "TRUSTA": NaN, "AITSCEA": NaN, "TTRACTA": NaN, "TBLKGRPA": NaN, "ANRCA": NaN, "CBSAA": 47260, "METDIVA": 99999, "CSAA": 999, "NECTAA": NaN, "NECTADIVA": NaN, "CNECTAA": NaN, "UAA": NaN, "URBRURALA": NaN, "CDA": NaN, "SLDUA": NaN, "SLDLA": NaN, "ZCTA5A": NaN, "SUBMCDA": NaN, "SDELMA": NaN, "SDSECA": NaN, "SDUNIA": NaN, "NAME": "Census Tract 2127.01", "SABINSA": NaN, "TOTPOP": 6069, "H7X001": 6069, "WHITE": 324, "BLACK": 5359, "AIAN": 22, "ASIAN": 46, "NHPI": 13, "H7X007": 228, "H7X008": 77, "H7Y001": 6069, "H7Y002": 5770, "HISP": 299, "C_X": 1722722.2928254148, "C_Y": 100105.44029999827, "id": 70988}, {"boundary_node": true, "boundary_perim": -9.094947017729282e-13, "area": 1764531.2293576978, "STATEFP10": "51", "COUNTYFP10": "740", "TRACTCE10": "212702", "GEOID10": "51740212702", "NAME10": "2127.02", "NAMELSAD10": "Census Tract 2127.02", "MTFCC10": "G5020", "FUNCSTAT10": "S", "ALAND10": 1764532, "AWATER10": 0, "INTPTLAT10": "+36.7939861", "INTPTLON10": "-076.3553206", "GISJOIN": "G5107400212702", "Shape_area": 1764531.22936, "Shape_len": 5793.92602236, "YEAR": 2010, "REGIONA": 3, "DIVISIONA": 5, "STATE": "Virginia", "STATEA": 51, "COUNTY": "Portsmouth City", "COUNTYA": 740, "COUSUBA": NaN, "PLACEA": NaN, "TRACTA": 212702, "BLKGRPA": NaN, "BLOCKA": NaN, "CONCITA": NaN, "AIANHHA": NaN, "RES_ONLYA": NaN, "TRUSTA": NaN, "AITSCEA": NaN, "TTRACTA": NaN, "TBLKGRPA": NaN, "ANRCA": NaN, "CBSAA": 47260, "METDIVA": 99999, "CSAA": 999, "NECTAA": NaN, "NECTADIVA": NaN, "CNECTAA": NaN, "UAA": NaN, "URBRURALA": NaN, "CDA": NaN, "SLDUA": NaN, "SLDLA": NaN, "ZCTA5A": NaN, "SUBMCDA": NaN, "SDELMA": NaN, "SDSECA": NaN, "SDUNIA": NaN, "NAME": "Census Tract 2127.02", "SABINSA": NaN, "TOTPOP": 3438, "H7X001": 3438, "WHITE": 51, "BLACK": 3324, "AIAN": 10, "ASIAN": 5, "NHPI": 1, "H7X007": 12, "H7X008": 35, "H7Y001": 3438, "H7Y002": 3408, "HISP": 30, "C_X": 1724523.2688630936, "C_Y": 99721.52460000035, "id": 70989}, {"boundary_node": true, "boundary_perim": 2929.4031339822177, "area": 3677299.3157617194, "STATEFP10": "51", "COUNTYFP10": "740", "TRACTCE10": "980100", "GEOID10": "51740980100", "NAME10": "9801", "NAMELSAD10": "Census Tract 9801", "MTFCC10": "G5020", "FUNCSTAT10": "S", "ALAND10": 2738066, "AWATER10": 939230, "INTPTLAT10": "+36.8112772", "INTPTLON10": "-076.2965629", "GISJOIN": "G5107400980100", "Shape_area": 3677299.31576, "Shape_len": 9654.68451082, "YEAR": 2010, "REGIONA": 3, "DIVISIONA": 5, "STATE": "Virginia", "STATEA": 51, "COUNTY": "Portsmouth City", "COUNTYA": 740, "COUSUBA": NaN, "PLACEA": NaN, "TRACTA": 980100, "BLKGRPA": NaN, "BLOCKA": NaN, "CONCITA": NaN, "AIANHHA": NaN, "RES_ONLYA": NaN, "TRUSTA": NaN, "AITSCEA": NaN, "TTRACTA": NaN, "TBLKGRPA": NaN, "ANRCA": NaN, "CBSAA": 47260, "METDIVA": 99999, "CSAA": 999, "NECTAA": NaN, "NECTADIVA": NaN, "CNECTAA": NaN, "UAA": NaN, "URBRURALA": NaN, "CDA": NaN, "SLDUA": NaN, "SLDLA": NaN, "ZCTA5A": NaN, "SUBMCDA": NaN, "SDELMA": NaN, "SDSECA": NaN, "SDUNIA": NaN, "NAME": "Census Tract 9801", "SABINSA": NaN, "TOTPOP": 78, "H7X001": 78, "WHITE": 47, "BLACK": 21, "AIAN": 1, "ASIAN": 1, "NHPI": 0, "H7X007": 4, "H7X008": 4, "H7Y001": 78, "H7Y002": 71, "HISP": 7, "C_X": 1728666.6673457455, "C_Y": 103005.04629999981, "id": 70996}, {"boundary_node": true, "boundary_perim": 306.8641487143541, "area": 3001005.2990464265, "STATEFP10": "51", "COUNTYFP10": "740", "TRACTCE10": "212300", "GEOID10": "51740212300", "NAME10": "2123", "NAMELSAD10": "Census Tract 2123", "MTFCC10": "G5020", "FUNCSTAT10": "S", "ALAND10": 2740523, "AWATER10": 260479, "INTPTLAT10": "+36.8030428", "INTPTLON10": "-076.3126974", "GISJOIN": "G5107400212300", "Shape_area": 3001005.29905, "Shape_len": 10059.2111666, "YEAR": 2010, "REGIONA": 3, "DIVISIONA": 5, "STATE": "Virginia", "STATEA": 51, "COUNTY": "Portsmouth City", "COUNTYA": 740, "COUSUBA": NaN, "PLACEA": NaN, "TRACTA": 212300, "BLKGRPA": NaN, "BLOCKA": NaN, "CONCITA": NaN, "AIANHHA": NaN, "RES_ONLYA": NaN, "TRUSTA": NaN, "AITSCEA": NaN, "TTRACTA": NaN, "TBLKGRPA": NaN, "ANRCA": NaN, "CBSAA": 47260, "METDIVA": 99999, "CSAA": 999, "NECTAA": NaN, "NECTADIVA": NaN, "CNECTAA": NaN, "UAA": NaN, "URBRURALA": NaN, "CDA": NaN, "SLDUA": NaN, "SLDLA": NaN, "ZCTA5A": NaN, "SUBMCDA": NaN, "SDELMA": NaN, "SDSECA": NaN, "SDUNIA": NaN, "NAME": "Census Tract 2123", "SABINSA": NaN, "TOTPOP": 4743, "H7X001": 4743, "WHITE": 2223, "BLACK": 2134, "AIAN": 33, "ASIAN": 82, "NHPI": 11, "H7X007": 74, "H7X008": 186, "H7Y001": 4743, "H7Y002": 4531, "HISP": 212, "C_X": 1727697.1604042426, "C_Y": 101440.53980000061, "id": 70997}, {"boundary_node": true, "boundary_perim": 2303.467527541531, "area": 2023462.8487381362, "STATEFP10": "51", "COUNTYFP10": "740", "TRACTCE10": "212400", "GEOID10": "51740212400", "NAME10": "2124", "NAMELSAD10": "Census Tract 2124", "MTFCC10": "G5020", "FUNCSTAT10": "S", "ALAND10": 2023462, "AWATER10": 0, "INTPTLAT10": "+36.8046484", "INTPTLON10": "-076.3259368", "GISJOIN": "G5107400212400", "Shape_area": 2023462.84874, "Shape_len": 7328.54544498, "YEAR": 2010, "REGIONA": 3, "DIVISIONA": 5, "STATE": "Virginia", "STATEA": 51, "COUNTY": "Portsmouth City", "COUNTYA": 740, "COUSUBA": NaN, "PLACEA": NaN, "TRACTA": 212400, "BLKGRPA": NaN, "BLOCKA": NaN, "CONCITA": NaN, "AIANHHA": NaN, "RES_ONLYA": NaN, "TRUSTA": NaN, "AITSCEA": NaN, "TTRACTA": NaN, "TBLKGRPA": NaN, "ANRCA": NaN, "CBSAA": 47260, "METDIVA": 99999, "CSAA": 999, "NECTAA": NaN, "NECTADIVA": NaN, "CNECTAA": NaN, "UAA": NaN, "URBRURALA": NaN, "CDA": NaN, "SLDUA": NaN, "SLDLA": NaN, "ZCTA5A": NaN, "SUBMCDA": NaN, "SDELMA": NaN, "SDSECA": NaN, "SDUNIA": NaN, "NAME": "Census Tract 2124", "SABINSA": NaN, "TOTPOP": 3289, "H7X001": 3289, "WHITE": 1047, "BLACK": 2075, "AIAN": 13, "ASIAN": 19, "NHPI": 7, "H7X007": 32, "H7X008": 96, "H7Y001": 3289, "H7Y002": 3184, "HISP": 105, "C_X": 1726660.6670029736, "C_Y": 101313.67835000018, "id": 70998}, {"boundary_node": true, "boundary_perim": 8404.879923881455, "area": 3953645.2216234445, "STATEFP10": "51", "COUNTYFP10": "740", "TRACTCE10": "213002", "GEOID10": "51740213002", "NAME10": "2130.02", "NAMELSAD10": "Census Tract 2130.02", "MTFCC10": "G5020", "FUNCSTAT10": "S", "ALAND10": 3746177, "AWATER10": 828893, "INTPTLAT10": "+36.8521775", "INTPTLON10": "-076.3806398", "GISJOIN": "G5107400213002", "Shape_area": 3953645.22162, "Shape_len": 11504.4901245, "YEAR": 2010, "REGIONA": 3, "DIVISIONA": 5, "STATE": "Virginia", "STATEA": 51, "COUNTY": "Portsmouth City", "COUNTYA": 740, "COUSUBA": NaN, "PLACEA": NaN, "TRACTA": 213002, "BLKGRPA": NaN, "BLOCKA": NaN, "CONCITA": NaN, "AIANHHA": NaN, "RES_ONLYA": NaN, "TRUSTA": NaN, "AITSCEA": NaN, "TTRACTA": NaN, "TBLKGRPA": NaN, "ANRCA": NaN, "CBSAA": 47260, "METDIVA": 99999, "CSAA": 999, "NECTAA": NaN, "NECTADIVA": NaN, "CNECTAA": NaN, "UAA": NaN, "URBRURALA": NaN, "CDA": NaN, "SLDUA": NaN, "SLDLA": NaN, "ZCTA5A": NaN, "SUBMCDA": NaN, "SDELMA": NaN, "SDSECA": NaN, "SDUNIA": NaN, "NAME": "Census Tract 2130.02", "SABINSA": NaN, "TOTPOP": 4179, "H7X001": 4179, "WHITE": 3260, "BLACK": 716, "AIAN": 9, "ASIAN": 68, "NHPI": 11, "H7X007": 14, "H7X008": 101, "H7Y001": 4179, "H7Y002": 4089, "HISP": 90, "C_X": 1720198.9183029039, "C_Y": 105956.88619999913, "id": 70999}, {"boundary_node": true, "boundary_perim": 2635.9918155453424, "area": 2439224.685499697, "STATEFP10": "51", "COUNTYFP10": "740", "TRACTCE10": "213101", "GEOID10": "51740213101", "NAME10": "2131.01", "NAMELSAD10": "Census Tract 2131.01", "MTFCC10": "G5020", "FUNCSTAT10": "S", "ALAND10": 2439225, "AWATER10": 0, "INTPTLAT10": "+36.8684282", "INTPTLON10": "-076.4034421", "GISJOIN": "G5107400213101", "Shape_area": 2439224.6855, "Shape_len": 8149.15746302, "YEAR": 2010, "REGIONA": 3, "DIVISIONA": 5, "STATE": "Virginia", "STATEA": 51, "COUNTY": "Portsmouth City", "COUNTYA": 740, "COUSUBA": NaN, "PLACEA": NaN, "TRACTA": 213101, "BLKGRPA": NaN, "BLOCKA": NaN, "CONCITA": NaN, "AIANHHA": NaN, "RES_ONLYA": NaN, "TRUSTA": NaN, "AITSCEA": NaN, "TTRACTA": NaN, "TBLKGRPA": NaN, "ANRCA": NaN, "CBSAA": 47260, "METDIVA": 99999, "CSAA": 999, "NECTAA": NaN, "NECTADIVA": NaN, "CNECTAA": NaN, "UAA": NaN, "URBRURALA": NaN, "CDA": NaN, "SLDUA": NaN, "SLDLA": NaN, "ZCTA5A": NaN, "SUBMCDA": NaN, "SDELMA": NaN, "SDSECA": NaN, "SDUNIA": NaN, "NAME": "Census Tract 2131.01", "SABINSA": NaN, "TOTPOP": 4844, "H7X001": 4844, "WHITE": 1094, "BLACK": 3415, "AIAN": 27, "ASIAN": 48, "NHPI": 6, "H7X007": 62, "H7X008": 192, "H7Y001": 4844, "H7Y002": 4657, "HISP": 187, "C_X": 1717787.942566848, "C_Y": 106815.2717500003, "id": 71000}, {"boundary_node": true, "boundary_perim": 6745.935913511552, "area": 3394668.764377963, "STATEFP10": "51", "COUNTYFP10": "740", "TRACTCE10": "212802", "GEOID10": "51740212802", "NAME10": "2128.02", "NAMELSAD10": "Census Tract 2128.02", "MTFCC10": "G5020", "FUNCSTAT10": "S", "ALAND10": 3207697, "AWATER10": 383312, "INTPTLAT10": "+36.8115839", "INTPTLON10": "-076.3914981", "GISJOIN": "G5107400212802", "Shape_area": 3394668.76438, "Shape_len": 10087.4870556, "YEAR": 2010, "REGIONA": 3, "DIVISIONA": 5, "STATE": "Virginia", "STATEA": 51, "COUNTY": "Portsmouth City", "COUNTYA": 740, "COUSUBA": NaN, "PLACEA": NaN, "TRACTA": 212802, "BLKGRPA": NaN, "BLOCKA": NaN, "CONCITA": NaN, "AIANHHA": NaN, "RES_ONLYA": NaN, "TRUSTA": NaN, "AITSCEA": NaN, "TTRACTA": NaN, "TBLKGRPA": NaN, "ANRCA": NaN, "CBSAA": 47260, "METDIVA": 99999, "CSAA": 999, "NECTAA": NaN, "NECTADIVA": NaN, "CNECTAA": NaN, "UAA": NaN, "URBRURALA": NaN, "CDA": NaN, "SLDUA": NaN, "SLDLA": NaN, "ZCTA5A": NaN, "SUBMCDA": NaN, "SDELMA": NaN, "SDSECA": NaN, "SDUNIA": NaN, "NAME": "Census Tract 2128.02", "SABINSA": NaN, "TOTPOP": 2765, "H7X001": 2765, "WHITE": 2149, "BLACK": 491, "AIAN": 9, "ASIAN": 25, "NHPI": 13, "H7X007": 19, "H7X008": 59, "H7Y001": 2765, "H7Y002": 2711, "HISP": 54, "C_X": 1720717.103403781, "C_Y": 100952.1937500001, "id": 71004}, {"boundary_node": true, "boundary_perim": 26210.320538896965, "area": 41802118.84167935, "STATEFP10": "51", "COUNTYFP10": "810", "TRACTCE10": "045423", "GEOID10": "51810045423", "NAME10": "454.23", "NAMELSAD10": "Census Tract 454.23", "MTFCC10": "G5020", "FUNCSTAT10": "S", "ALAND10": 40740056, "AWATER10": 1062070, "INTPTLAT10": "+36.7294865", "INTPTLON10": "-076.0740558", "GISJOIN": "G5108100045423", "Shape_area": 41802118.8417, "Shape_len": 31385.2386736, "YEAR": 2010, "REGIONA": 3, "DIVISIONA": 5, "STATE": "Virginia", "STATEA": 51, "COUNTY": "Virginia Beach City", "COUNTYA": 810, "COUSUBA": NaN, "PLACEA": NaN, "TRACTA": 45423, "BLKGRPA": NaN, "BLOCKA": NaN, "CONCITA": NaN, "AIANHHA": NaN, "RES_ONLYA": NaN, "TRUSTA": NaN, "AITSCEA": NaN, "TTRACTA": NaN, "TBLKGRPA": NaN, "ANRCA": NaN, "CBSAA": 47260, "METDIVA": 99999, "CSAA": 999, "NECTAA": NaN, "NECTADIVA": NaN, "CNECTAA": NaN, "UAA": NaN, "URBRURALA": NaN, "CDA": NaN, "SLDUA": NaN, "SLDLA": NaN, "ZCTA5A": NaN, "SUBMCDA": NaN, "SDELMA": NaN, "SDSECA": NaN, "SDUNIA": NaN, "NAME": "Census Tract 454.23", "SABINSA": NaN, "TOTPOP": 8805, "H7X001": 8805, "WHITE": 6426, "BLACK": 1606, "AIAN": 18, "ASIAN": 443, "NHPI": 19, "H7X007": 69, "H7X008": 224, "H7Y001": 8805, "H7Y002": 8428, "HISP": 377, "C_X": 1750008.8076312733, "C_Y": 97770.43680000072, "id": 71437}, {"boundary_node": true, "boundary_perim": 2371.9801278075993, "area": 2244964.2587171183, "STATEFP10": "51", "COUNTYFP10": "810", "TRACTCE10": "046220", "GEOID10": "51810046220", "NAME10": "462.20", "NAMELSAD10": "Census Tract 462.20", "MTFCC10": "G5020", "FUNCSTAT10": "S", "ALAND10": 2227749, "AWATER10": 17214, "INTPTLAT10": "+36.8084240", "INTPTLON10": "-076.2128012", "GISJOIN": "G5108100046220", "Shape_area": 2244964.25872, "Shape_len": 7062.11460019, "YEAR": 2010, "REGIONA": 3, "DIVISIONA": 5, "STATE": "Virginia", "STATEA": 51, "COUNTY": "Virginia Beach City", "COUNTYA": 810, "COUSUBA": NaN, "PLACEA": NaN, "TRACTA": 46220, "BLKGRPA": NaN, "BLOCKA": NaN, "CONCITA": NaN, "AIANHHA": NaN, "RES_ONLYA": NaN, "TRUSTA": NaN, "AITSCEA": NaN, "TTRACTA": NaN, "TBLKGRPA": NaN, "ANRCA": NaN, "CBSAA": 47260, "METDIVA": 99999, "CSAA": 999, "NECTAA": NaN, "NECTADIVA": NaN, "CNECTAA": NaN, "UAA": NaN, "URBRURALA": NaN, "CDA": NaN, "SLDUA": NaN, "SLDLA": NaN, "ZCTA5A": NaN, "SUBMCDA": NaN, "SDELMA": NaN, "SDSECA": NaN, "SDUNIA": NaN, "NAME": "Census Tract 462.20", "SABINSA": NaN, "TOTPOP": 4683, "H7X001": 4683, "WHITE": 2009, "BLACK": 2191, "AIAN": 26, "ASIAN": 162, "NHPI": 2, "H7X007": 76, "H7X008": 217, "H7Y001": 4683, "H7Y002": 4386, "HISP": 297, "C_X": 1736355.5756938928, "C_Y": 103765.04520000191, "id": 71445}, {"boundary_node": true, "boundary_perim": 9355.220179065975, "area": 5210940.88499895, "STATEFP10": "51", "COUNTYFP10": "810", "TRACTCE10": "046204", "GEOID10": "51810046204", "NAME10": "462.04", "NAMELSAD10": "Census Tract 462.04", "MTFCC10": "G5020", "FUNCSTAT10": "S", "ALAND10": 4745355, "AWATER10": 751851, "INTPTLAT10": "+36.8247280", "INTPTLON10": "-076.2068293", "GISJOIN": "G5108100046204", "Shape_area": 5210940.885, "Shape_len": 12934.0106801, "YEAR": 2010, "REGIONA": 3, "DIVISIONA": 5, "STATE": "Virginia", "STATEA": 51, "COUNTY": "Virginia Beach City", "COUNTYA": 810, "COUSUBA": NaN, "PLACEA": NaN, "TRACTA": 46204, "BLKGRPA": NaN, "BLOCKA": NaN, "CONCITA": NaN, "AIANHHA": NaN, "RES_ONLYA": NaN, "TRUSTA": NaN, "AITSCEA": NaN, "TTRACTA": NaN, "TBLKGRPA": NaN, "ANRCA": NaN, "CBSAA": 47260, "METDIVA": 99999, "CSAA": 999, "NECTAA": NaN, "NECTADIVA": NaN, "CNECTAA": NaN, "UAA": NaN, "URBRURALA": NaN, "CDA": NaN, "SLDUA": NaN, "SLDLA": NaN, "ZCTA5A": NaN, "SUBMCDA": NaN, "SDELMA": NaN, "SDSECA": NaN, "SDUNIA": NaN, "NAME": "Census Tract 462.04", "SABINSA": NaN, "TOTPOP": 4639, "H7X001": 4639, "WHITE": 3709, "BLACK": 552, "AIAN": 18, "ASIAN": 218, "NHPI": 5, "H7X007": 32, "H7X008": 105, "H7Y001": 4639, "H7Y002": 4506, "HISP": 133, "C_X": 1736264.9077421913, "C_Y": 105484.17484999867, "id": 71554}, {"boundary_node": true, "boundary_perim": 2768.872034795626, "area": 1339109.3750421365, "STATEFP10": "51", "COUNTYFP10": "810", "TRACTCE10": "046219", "GEOID10": "51810046219", "NAME10": "462.19", "NAMELSAD10": "Census Tract 462.19", "MTFCC10": "G5020", "FUNCSTAT10": "S", "ALAND10": 1339109, "AWATER10": 0, "INTPTLAT10": "+36.7719390", "INTPTLON10": "-076.1947037", "GISJOIN": "G5108100046219", "Shape_area": 1339109.37504, "Shape_len": 5112.92422811, "YEAR": 2010, "REGIONA": 3, "DIVISIONA": 5, "STATE": "Virginia", "STATEA": 51, "COUNTY": "Virginia Beach City", "COUNTYA": 810, "COUSUBA": NaN, "PLACEA": NaN, "TRACTA": 46219, "BLKGRPA": NaN, "BLOCKA": NaN, "CONCITA": NaN, "AIANHHA": NaN, "RES_ONLYA": NaN, "TRUSTA": NaN, "AITSCEA": NaN, "TTRACTA": NaN, "TBLKGRPA": NaN, "ANRCA": NaN, "CBSAA": 47260, "METDIVA": 99999, "CSAA": 999, "NECTAA": NaN, "NECTADIVA": NaN, "CNECTAA": NaN, "UAA": NaN, "URBRURALA": NaN, "CDA": NaN, "SLDUA": NaN, "SLDLA": NaN, "ZCTA5A": NaN, "SUBMCDA": NaN, "SDELMA": NaN, "SDSECA": NaN, "SDUNIA": NaN, "NAME": "Census Tract 462.19", "SABINSA": NaN, "TOTPOP": 3733, "H7X001": 3733, "WHITE": 1821, "BLACK": 854, "AIAN": 18, "ASIAN": 778, "NHPI": 3, "H7X007": 89, "H7X008": 170, "H7Y001": 3733, "H7Y002": 3463, "HISP": 270, "C_X": 1738665.404120462, "C_Y": 100364.76034999965, "id": 71587}, {"boundary_node": true, "boundary_perim": 6242.5408250531345, "area": 5651709.5123934895, "STATEFP10": "51", "COUNTYFP10": "810", "TRACTCE10": "046217", "GEOID10": "51810046217", "NAME10": "462.17", "NAMELSAD10": "Census Tract 462.17", "MTFCC10": "G5020", "FUNCSTAT10": "S", "ALAND10": 4675555, "AWATER10": 976160, "INTPTLAT10": "+36.7689349", "INTPTLON10": "-076.1650951", "GISJOIN": "G5108100046217", "Shape_area": 5651709.51239, "Shape_len": 10962.4739256, "YEAR": 2010, "REGIONA": 3, "DIVISIONA": 5, "STATE": "Virginia", "STATEA": 51, "COUNTY": "Virginia Beach City", "COUNTYA": 810, "COUSUBA": NaN, "PLACEA": NaN, "TRACTA": 46217, "BLKGRPA": NaN, "BLOCKA": NaN, "CONCITA": NaN, "AIANHHA": NaN, "RES_ONLYA": NaN, "TRUSTA": NaN, "AITSCEA": NaN, "TTRACTA": NaN, "TBLKGRPA": NaN, "ANRCA": NaN, "CBSAA": 47260, "METDIVA": 99999, "CSAA": 999, "NECTAA": NaN, "NECTADIVA": NaN, "CNECTAA": NaN, "UAA": NaN, "URBRURALA": NaN, "CDA": NaN, "SLDUA": NaN, "SLDLA": NaN, "ZCTA5A": NaN, "SUBMCDA": NaN, "SDELMA": NaN, "SDSECA": NaN, "SDUNIA": NaN, "NAME": "Census Tract 462.17", "SABINSA": NaN, "TOTPOP": 4354, "H7X001": 4354, "WHITE": 2178, "BLACK": 941, "AIAN": 5, "ASIAN": 921, "NHPI": 10, "H7X007": 82, "H7X008": 217, "H7Y001": 4354, "H7Y002": 4101, "HISP": 253, "C_X": 1741206.917487836, "C_Y": 100646.2672499998, "id": 71588}, {"boundary_node": true, "boundary_perim": 5041.385766035153, "area": 2964386.474345289, "STATEFP10": "51", "COUNTYFP10": "710", "TRACTCE10": "005000", "GEOID10": "51710005000", "NAME10": "50", "NAMELSAD10": "Census Tract 50", "MTFCC10": "G5020", "FUNCSTAT10": "S", "ALAND10": 2678253, "AWATER10": 1196433, "INTPTLAT10": "+36.8333374", "INTPTLON10": "-076.2836406", "GISJOIN": "G5107100005000", "Shape_area": 2964386.47435, "Shape_len": 8921.02840691, "YEAR": 2010, "REGIONA": 3, "DIVISIONA": 5, "STATE": "Virginia", "STATEA": 51, "COUNTY": "Norfolk City", "COUNTYA": 710, "COUSUBA": NaN, "PLACEA": NaN, "TRACTA": 5000, "BLKGRPA": NaN, "BLOCKA": NaN, "CONCITA": NaN, "AIANHHA": NaN, "RES_ONLYA": NaN, "TRUSTA": NaN, "AITSCEA": NaN, "TTRACTA": NaN, "TBLKGRPA": NaN, "ANRCA": NaN, "CBSAA": 47260, "METDIVA": 99999, "CSAA": 999, "NECTAA": NaN, "NECTADIVA": NaN, "CNECTAA": NaN, "UAA": NaN, "URBRURALA": NaN, "CDA": NaN, "SLDUA": NaN, "SLDLA": NaN, "ZCTA5A": NaN, "SUBMCDA": NaN, "SDELMA": NaN, "SDSECA": NaN, "SDUNIA": NaN, "NAME": "Census Tract 50", "SABINSA": NaN, "TOTPOP": 3271, "H7X001": 3271, "WHITE": 75, "BLACK": 3100, "AIAN": 7, "ASIAN": 8, "NHPI": 0, "H7X007": 20, "H7X008": 61, "H7Y001": 3271, "H7Y002": 3215, "HISP": 56, "C_X": 1729662.8768663323, "C_Y": 105080.88084999891, "id": 72176}, {"boundary_node": true, "boundary_perim": 4759.225657017863, "area": 2988210.0285017756, "STATEFP10": "51", "COUNTYFP10": "710", "TRACTCE10": "005100", "GEOID10": "51710005100", "NAME10": "51", "NAMELSAD10": "Census Tract 51", "MTFCC10": "G5020", "FUNCSTAT10": "S", "ALAND10": 2918810, "AWATER10": 735685, "INTPTLAT10": "+36.8314171", "INTPTLON10": "-076.2600574", "GISJOIN": "G5107100005100", "Shape_area": 2988210.0285, "Shape_len": 9405.68866382, "YEAR": 2010, "REGIONA": 3, "DIVISIONA": 5, "STATE": "Virginia", "STATEA": 51, "COUNTY": "Norfolk City", "COUNTYA": 710, "COUSUBA": NaN, "PLACEA": NaN, "TRACTA": 5100, "BLKGRPA": NaN, "BLOCKA": NaN, "CONCITA": NaN, "AIANHHA": NaN, "RES_ONLYA": NaN, "TRUSTA": NaN, "AITSCEA": NaN, "TTRACTA": NaN, "TBLKGRPA": NaN, "ANRCA": NaN, "CBSAA": 47260, "METDIVA": 99999, "CSAA": 999, "NECTAA": NaN, "NECTADIVA": NaN, "CNECTAA": NaN, "UAA": NaN, "URBRURALA": NaN, "CDA": NaN, "SLDUA": NaN, "SLDLA": NaN, "ZCTA5A": NaN, "SUBMCDA": NaN, "SDELMA": NaN, "SDSECA": NaN, "SDUNIA": NaN, "NAME": "Census Tract 51", "SABINSA": NaN, "TOTPOP": 4522, "H7X001": 4522, "WHITE": 173, "BLACK": 4208, "AIAN": 13, "ASIAN": 20, "NHPI": 1, "H7X007": 37, "H7X008": 70, "H7Y001": 4522, "H7Y002": 4406, "HISP": 116, "C_X": 1731577.8430023766, "C_Y": 105426.49949999852, "id": 72177}, {"boundary_node": true, "boundary_perim": 20441.61500286035, "area": 59478091.35782608, "STATEFP10": "51", "COUNTYFP10": "800", "TRACTCE10": "075502", "GEOID10": "51800075502", "NAME10": "755.02", "NAMELSAD10": "Census Tract 755.02", "MTFCC10": "G5020", "FUNCSTAT10": "S", "ALAND10": 58800249, "AWATER10": 2875061, "INTPTLAT10": "+36.7758694", "INTPTLON10": "-076.5176565", "GISJOIN": "G5108000075502", "Shape_area": 59478091.3578, "Shape_len": 36550.5762659, "YEAR": 2010, "REGIONA": 3, "DIVISIONA": 5, "STATE": "Virginia", "STATEA": 51, "COUNTY": "Suffolk City", "COUNTYA": 800, "COUSUBA": NaN, "PLACEA": NaN, "TRACTA": 75502, "BLKGRPA": NaN, "BLOCKA": NaN, "CONCITA": NaN, "AIANHHA": NaN, "RES_ONLYA": NaN, "TRUSTA": NaN, "AITSCEA": NaN, "TTRACTA": NaN, "TBLKGRPA": NaN, "ANRCA": NaN, "CBSAA": 47260, "METDIVA": 99999, "CSAA": 999, "NECTAA": NaN, "NECTADIVA": NaN, "CNECTAA": NaN, "UAA": NaN, "URBRURALA": NaN, "CDA": NaN, "SLDUA": NaN, "SLDLA": NaN, "ZCTA5A": NaN, "SUBMCDA": NaN, "SDELMA": NaN, "SDSECA": NaN, "SDUNIA": NaN, "NAME": "Census Tract 755.02", "SABINSA": NaN, "TOTPOP": 4002, "H7X001": 4002, "WHITE": 1934, "BLACK": 1832, "AIAN": 14, "ASIAN": 74, "NHPI": 2, "H7X007": 35, "H7X008": 111, "H7Y001": 4002, "H7Y002": 3886, "HISP": 116, "C_X": 1711161.480928944, "C_Y": 96330.8786000032, "id": 72305}, {"boundary_node": true, "boundary_perim": 8913.589148196967, "area": 23811960.698884152, "STATEFP10": "51", "COUNTYFP10": "800", "TRACTCE10": "075501", "GEOID10": "51800075501", "NAME10": "755.01", "NAMELSAD10": "Census Tract 755.01", "MTFCC10": "G5020", "FUNCSTAT10": "S", "ALAND10": 23364842, "AWATER10": 447116, "INTPTLAT10": "+36.7501599", "INTPTLON10": "-076.5240020", "GISJOIN": "G5108000075501", "Shape_area": 23811960.6989, "Shape_len": 28951.4436595, "YEAR": 2010, "REGIONA": 3, "DIVISIONA": 5, "STATE": "Virginia", "STATEA": 51, "COUNTY": "Suffolk City", "COUNTYA": 800, "COUSUBA": NaN, "PLACEA": NaN, "TRACTA": 75501, "BLKGRPA": NaN, "BLOCKA": NaN, "CONCITA": NaN, "AIANHHA": NaN, "RES_ONLYA": NaN, "TRUSTA": NaN, "AITSCEA": NaN, "TTRACTA": NaN, "TBLKGRPA": NaN, "ANRCA": NaN, "CBSAA": 47260, "METDIVA": 99999, "CSAA": 999, "NECTAA": NaN, "NECTADIVA": NaN, "CNECTAA": NaN, "UAA": NaN, "URBRURALA": NaN, "CDA": NaN, "SLDUA": NaN, "SLDLA": NaN, "ZCTA5A": NaN, "SUBMCDA": NaN, "SDELMA": NaN, "SDSECA": NaN, "SDUNIA": NaN, "NAME": "Census Tract 755.01", "SABINSA": NaN, "TOTPOP": 4711, "H7X001": 4711, "WHITE": 2441, "BLACK": 2072, "AIAN": 14, "ASIAN": 43, "NHPI": 3, "H7X007": 33, "H7X008": 105, "H7Y001": 4711, "H7Y002": 4559, "HISP": 152, "C_X": 1713067.7639186787, "C_Y": 92224.21710000047, "id": 72307}, {"boundary_node": true, "boundary_perim": 7895.481228368009, "area": 10509329.31532899, "STATEFP10": "51", "COUNTYFP10": "800", "TRACTCE10": "075204", "GEOID10": "51800075204", "NAME10": "752.04", "NAMELSAD10": "Census Tract 752.04", "MTFCC10": "G5020", "FUNCSTAT10": "S", "ALAND10": 10469867, "AWATER10": 39461, "INTPTLAT10": "+36.8520442", "INTPTLON10": "-076.4527802", "GISJOIN": "G5108000075204", "Shape_area": 10509329.3153, "Shape_len": 16362.9903732, "YEAR": 2010, "REGIONA": 3, "DIVISIONA": 5, "STATE": "Virginia", "STATEA": 51, "COUNTY": "Suffolk City", "COUNTYA": 800, "COUSUBA": NaN, "PLACEA": NaN, "TRACTA": 75204, "BLKGRPA": NaN, "BLOCKA": NaN, "CONCITA": NaN, "AIANHHA": NaN, "RES_ONLYA": NaN, "TRUSTA": NaN, "AITSCEA": NaN, "TTRACTA": NaN, "TBLKGRPA": NaN, "ANRCA": NaN, "CBSAA": 47260, "METDIVA": 99999, "CSAA": 999, "NECTAA": NaN, "NECTADIVA": NaN, "CNECTAA": NaN, "UAA": NaN, "URBRURALA": NaN, "CDA": NaN, "SLDUA": NaN, "SLDLA": NaN, "ZCTA5A": NaN, "SUBMCDA": NaN, "SDELMA": NaN, "SDSECA": NaN, "SDUNIA": NaN, "NAME": "Census Tract 752.04", "SABINSA": NaN, "TOTPOP": 4795, "H7X001": 4795, "WHITE": 1858, "BLACK": 2550, "AIAN": 24, "ASIAN": 119, "NHPI": 7, "H7X007": 63, "H7X008": 174, "H7Y001": 4795, "H7Y002": 4555, "HISP": 240, "C_X": 1714873.8240513508, "C_Y": 103383.15994999907, "id": 72316}, {"boundary_node": true, "boundary_perim": 8869.957491353942, "area": 7199525.8493908, "STATEFP10": "51", "COUNTYFP10": "800", "TRACTCE10": "075101", "GEOID10": "51800075101", "NAME10": "751.01", "NAMELSAD10": "Census Tract 751.01", "MTFCC10": "G5020", "FUNCSTAT10": "S", "ALAND10": 7084286, "AWATER10": 4445025, "INTPTLAT10": "+36.8876010", "INTPTLON10": "-076.4185349", "GISJOIN": "G5108000075101", "Shape_area": 7199525.84939, "Shape_len": 11354.1143144, "YEAR": 2010, "REGIONA": 3, "DIVISIONA": 5, "STATE": "Virginia", "STATEA": 51, "COUNTY": "Suffolk City", "COUNTYA": 800, "COUSUBA": NaN, "PLACEA": NaN, "TRACTA": 75101, "BLKGRPA": NaN, "BLOCKA": NaN, "CONCITA": NaN, "AIANHHA": NaN, "RES_ONLYA": NaN, "TRUSTA": NaN, "AITSCEA": NaN, "TTRACTA": NaN, "TBLKGRPA": NaN, "ANRCA": NaN, "CBSAA": 47260, "METDIVA": 99999, "CSAA": 999, "NECTAA": NaN, "NECTADIVA": NaN, "CNECTAA": NaN, "UAA": NaN, "URBRURALA": NaN, "CDA": NaN, "SLDUA": NaN, "SLDLA": NaN, "ZCTA5A": NaN, "SUBMCDA": NaN, "SDELMA": NaN, "SDSECA": NaN, "SDUNIA": NaN, "NAME": "Census Tract 751.01", "SABINSA": NaN, "TOTPOP": 7351, "H7X001": 7351, "WHITE": 2683, "BLACK": 4061, "AIAN": 16, "ASIAN": 196, "NHPI": 11, "H7X007": 129, "H7X008": 255, "H7Y001": 7351, "H7Y002": 6924, "HISP": 427, "C_X": 1716842.011839311, "C_Y": 108317.52595000039, "id": 72321}, {"boundary_node": true, "boundary_perim": 53428.845729256616, "area": 233810131.4383257, "STATEFP10": "51", "COUNTYFP10": "800", "TRACTCE10": "075602", "GEOID10": "51800075602", "NAME10": "756.02", "NAMELSAD10": "Census Tract 756.02", "MTFCC10": "G5020", "FUNCSTAT10": "S", "ALAND10": 232616876, "AWATER10": 1193237, "INTPTLAT10": "+36.6213823", "INTPTLON10": "-076.5237616", "GISJOIN": "G5108000075602", "Shape_area": 233810131.438, "Shape_len": 83104.404693, "YEAR": 2010, "REGIONA": 3, "DIVISIONA": 5, "STATE": "Virginia", "STATEA": 51, "COUNTY": "Suffolk City", "COUNTYA": 800, "COUSUBA": NaN, "PLACEA": NaN, "TRACTA": 75602, "BLKGRPA": NaN, "BLOCKA": NaN, "CONCITA": NaN, "AIANHHA": NaN, "RES_ONLYA": NaN, "TRUSTA": NaN, "AITSCEA": NaN, "TTRACTA": NaN, "TBLKGRPA": NaN, "ANRCA": NaN, "CBSAA": 47260, "METDIVA": 99999, "CSAA": 999, "NECTAA": NaN, "NECTADIVA": NaN, "CNECTAA": NaN, "UAA": NaN, "URBRURALA": NaN, "CDA": NaN, "SLDUA": NaN, "SLDLA": NaN, "ZCTA5A": NaN, "SUBMCDA": NaN, "SDELMA": NaN, "SDSECA": NaN, "SDUNIA": NaN, "NAME": "Census Tract 756.02", "SABINSA": NaN, "TOTPOP": 1397, "H7X001": 1397, "WHITE": 1162, "BLACK": 189, "AIAN": 6, "ASIAN": 2, "NHPI": 1, "H7X007": 4, "H7X008": 33, "H7Y001": 1397, "H7Y002": 1380, "HISP": 17, "C_X": 1711495.745487698, "C_Y": 79534.30064999964, "id": 72326}], "adjacency": [[{"shared_perim": 1273.3942405319258, "id": 70853}, {"shared_perim": 1679.7634752070985, "id": 70852}, {"shared_perim": 1713.8792752507572, "id": 71554}], [{"shared_perim": 1679.7634752070985, "id": 70851}, {"shared_perim": 1731.8703446614165, "id": 70854}, {"shared_perim": 1026.6798284711392, "id": 70853}, {"shared_perim": 1966.7883190261164, "id": 72177}], [{"shared_perim": 1273.3942405319258, "id": 70851}, {"shared_perim": 1026.6798284711392, "id": 70852}, {"shared_perim": 2601.3956650393843, "id": 70897}, {"shared_perim": 895.5312556379532, "id": 70854}, {"shared_perim": 1056.8130417634438, "id": 71445}], [{"shared_perim": 1731.8703446614165, "id": 70852}, {"shared_perim": 895.5312556379532, "id": 70853}, {"shared_perim": 87.75670017543612, "id": 70863}, {"shared_perim": 1467.5858939556797, "id": 70890}, {"shared_perim": 85.37333543697544, "id": 70897}, {"shared_perim": 2517.921730863822, "id": 70855}, {"shared_perim": 341.564415095174, "id": 72177}], [{"shared_perim": 2517.921730863822, "id": 70854}, {"shared_perim": 1567.7918613309757, "id": 70863}, {"shared_perim": 1914.0937023537015, "id": 70859}, {"shared_perim": 530.1141485662704, "id": 70858}, {"shared_perim": 1252.3625078942132, "id": 70856}, {"shared_perim": 1164.0664531591322, "id": 72177}], [{"shared_perim": 1252.3625078942132, "id": 70855}, {"shared_perim": 1447.0851803880998, "id": 70898}, {"shared_perim": 1573.4339970953436, "id": 70858}, {"shared_perim": 1017.3005069310983, "id": 72176}], [{"shared_perim": 3054.9406032737825, "id": 70865}, {"shared_perim": 3104.5962927534256, "id": 70888}, {"shared_perim": 2274.776108458345, "id": 70864}], [{"shared_perim": 530.1141485662704, "id": 70855}, {"shared_perim": 1573.4339970953436, "id": 70856}, {"shared_perim": 1254.0577133790866, "id": 70859}, {"shared_perim": 2657.972986273572, "id": 70898}], [{"shared_perim": 1914.0937023537015, "id": 70855}, {"shared_perim": 1254.0577133790866, "id": 70858}, {"shared_perim": 2766.855243565555, "id": 70863}, {"shared_perim": 2996.950226580255, "id": 70898}], [{"shared_perim": 87.75670017543612, "id": 70854}, {"shared_perim": 1567.7918613309757, "id": 70855}, {"shared_perim": 2766.855243565555, "id": 70859}, {"shared_perim": 712.7327284646296, "id": 70866}, {"shared_perim": 752.968231301331, "id": 70888}, {"shared_perim": 1998.181699120209, "id": 70891}, {"shared_perim": 1549.7960308629122, "id": 70890}], [{"shared_perim": 2274.776108458345, "id": 70857}, {"shared_perim": 758.6084079848048, "id": 70865}, {"shared_perim": 1791.5870809154803, "id": 70888}, {"shared_perim": 2124.107164746162, "id": 70897}], [{"shared_perim": 3054.9406032737825, "id": 70857}, {"shared_perim": 758.6084079848048, "id": 70864}, {"shared_perim": 7990.145674698153, "id": 70874}, {"shared_perim": 314.96692221235253, "id": 70871}, {"shared_perim": 4773.103586638594, "id": 70873}, {"shared_perim": 1055.4268327923567, "id": 70867}, {"shared_perim": 213.51906961018798, "id": 71437}, {"shared_perim": 1953.4490438189266, "id": 70888}, {"shared_perim": 1598.7219745118966, "id": 71587}, {"shared_perim": 3974.6028817053243, "id": 71588}], [{"shared_perim": 712.7327284646296, "id": 70863}, {"shared_perim": 2783.3950361777975, "id": 70867}, {"shared_perim": 2004.9978046429903, "id": 70881}, {"shared_perim": 1608.6549799053016, "id": 70891}, {"shared_perim": 892.5361965690455, "id": 70898}], [{"shared_perim": 1055.4268327923567, "id": 70865}, {"shared_perim": 2783.3950361777975, "id": 70866}, {"shared_perim": 2607.264391879102, "id": 70877}, {"shared_perim": 5827.235596213652, "id": 70871}, {"shared_perim": 25.25709443772647, "id": 70881}, {"shared_perim": 4952.634567689854, "id": 70892}, {"shared_perim": 143.10706220937374, "id": 70888}], [{"shared_perim": 12846.86429762054, "id": 70875}, {"shared_perim": 7038.8680877078095, "id": 70872}, {"shared_perim": 3031.202790600596, "id": 70896}, {"shared_perim": 1672.0591375297672, "id": 70895}, {"shared_perim": 942.3736777865113, "id": 70877}, {"shared_perim": 3365.8892414837746, "id": 70871}], [{"shared_perim": 314.96692221235253, "id": 70865}, {"shared_perim": 5827.235596213652, "id": 70867}, {"shared_perim": 3365.8892414837746, "id": 70868}, {"shared_perim": 3069.8248636700714, "id": 70895}, {"shared_perim": 1162.238974928435, "id": 70877}, {"shared_perim": 494.7572356932824, "id": 70873}], [{"shared_perim": 7038.8680877078095, "id": 70868}, {"shared_perim": 2873.1827339724946, "id": 70875}, {"shared_perim": 9472.883262952602, "id": 70889}, {"shared_perim": 1791.6906963610436, "id": 70896}, {"shared_perim": 2684.3944204269983, "id": 70894}, {"shared_perim": 813.5339373108498, "id": 70895}], [{"shared_perim": 4773.103586638594, "id": 70865}, {"shared_perim": 494.7572356932824, "id": 70871}, {"shared_perim": 2836.4729985405957, "id": 70874}, {"shared_perim": 1978.0601277961268, "id": 70893}, {"shared_perim": 3432.828637469975, "id": 70894}, {"shared_perim": 332.74948337037944, "id": 70895}], [{"shared_perim": 7990.145674698153, "id": 70865}, {"shared_perim": 2836.4729985405957, "id": 70873}, {"shared_perim": 9565.260503556536, "id": 70875}, {"shared_perim": 5390.52675666735, "id": 70889}, {"shared_perim": 2414.0269781020015, "id": 70893}, {"shared_perim": 4961.399065083472, "id": 71437}], [{"shared_perim": 12846.86429762054, "id": 70868}, {"shared_perim": 2873.1827339724946, "id": 70872}, {"shared_perim": 9565.260503556536, "id": 70874}, {"shared_perim": 16372.839307343644, "id": 70876}, {"shared_perim": 3319.2926213680635, "id": 70889}, {"shared_perim": 5362.722687345049, "id": 70877}], [{"shared_perim": 16372.839307343644, "id": 70875}, {"shared_perim": 22025.425311990533, "id": 72326}, {"shared_perim": 2660.376769764877, "id": 72307}, {"shared_perim": 6343.740064599256, "id": 70877}, {"shared_perim": 4572.195570298319, "id": 70880}, {"shared_perim": 4658.851633377413, "id": 70884}, {"shared_perim": 4207.284778502819, "id": 70883}], [{"shared_perim": 2607.264391879102, "id": 70867}, {"shared_perim": 942.3736777865113, "id": 70868}, {"shared_perim": 1162.238974928435, "id": 70871}, {"shared_perim": 5362.722687345049, "id": 70875}, {"shared_perim": 6343.740064599256, "id": 70876}, {"shared_perim": 4961.875201329312, "id": 70881}], [{"shared_perim": 4572.195570298319, "id": 70876}, {"shared_perim": 3084.200235349665, "id": 70881}, {"shared_perim": 2571.4794231537503, "id": 70883}], [{"shared_perim": 2004.9978046429903, "id": 70866}, {"shared_perim": 25.25709443772647, "id": 70867}, {"shared_perim": 4961.875201329312, "id": 70877}, {"shared_perim": 3084.200235349665, "id": 70880}, {"shared_perim": 4214.298421757229, "id": 70882}], [{"shared_perim": 4214.298421757229, "id": 70881}, {"shared_perim": 2637.3388785772336, "id": 70883}, {"shared_perim": 3509.279021457747, "id": 70997}, {"shared_perim": 3997.4793176867556, "id": 70898}], [{"shared_perim": 4207.284778502819, "id": 70876}, {"shared_perim": 2571.4794231537503, "id": 70880}, {"shared_perim": 2637.3388785772336, "id": 70882}, {"shared_perim": 2856.5724259336416, "id": 70884}, {"shared_perim": 1962.5530364923752, "id": 70989}, {"shared_perim": 2782.496296298143, "id": 70988}, {"shared_perim": 541.6615470745907, "id": 70986}, {"shared_perim": 651.0478609972711, "id": 70998}], [{"shared_perim": 4658.851633377413, "id": 70876}, {"shared_perim": 2856.5724259336416, "id": 70883}, {"shared_perim": 68.45790827035482, "id": 72307}, {"shared_perim": 5262.484931756282, "id": 72305}, {"shared_perim": 1781.136860174549, "id": 71004}, {"shared_perim": 5838.520777442499, "id": 70885}], [{"shared_perim": 5838.520777442499, "id": 70884}, {"shared_perim": 675.8533712363324, "id": 71004}, {"shared_perim": 3080.120060988286, "id": 72316}, {"shared_perim": 4383.557834013638, "id": 70886}, {"shared_perim": 648.739295138242, "id": 70887}], [{"shared_perim": 4383.557834013638, "id": 70885}, {"shared_perim": 3676.14351031525, "id": 70887}, {"shared_perim": 2338.069430689567, "id": 70999}, {"shared_perim": 876.8547954618189, "id": 71000}], [{"shared_perim": 648.739295138242, "id": 70885}, {"shared_perim": 3676.14351031525, "id": 70886}, {"shared_perim": 3225.4641176021723, "id": 72316}, {"shared_perim": 2499.716141222022, "id": 71000}, {"shared_perim": 134.7680657224749, "id": 72321}], [{"shared_perim": 3104.5962927534256, "id": 70857}, {"shared_perim": 752.968231301331, "id": 70863}, {"shared_perim": 1791.5870809154803, "id": 70864}, {"shared_perim": 1953.4490438189266, "id": 70865}, {"shared_perim": 143.10706220937374, "id": 70867}, {"shared_perim": 5419.32262840291, "id": 70892}, {"shared_perim": 1134.5249852469133, "id": 70891}, {"shared_perim": 1127.700727334993, "id": 70890}, {"shared_perim": 1186.6995863511174, "id": 70897}], [{"shared_perim": 9472.883262952602, "id": 70872}, {"shared_perim": 5390.52675666735, "id": 70874}, {"shared_perim": 3319.2926213680635, "id": 70875}, {"shared_perim": 2131.922343136843, "id": 70893}, {"shared_perim": 2507.7940890411446, "id": 70894}], [{"shared_perim": 1467.5858939556797, "id": 70854}, {"shared_perim": 1549.7960308629122, "id": 70863}, {"shared_perim": 1127.700727334993, "id": 70888}, {"shared_perim": 1982.3549931528412, "id": 70897}], [{"shared_perim": 1998.181699120209, "id": 70863}, {"shared_perim": 1608.6549799053016, "id": 70866}, {"shared_perim": 1134.5249852469133, "id": 70888}, {"shared_perim": 1736.6323900458488, "id": 70892}], [{"shared_perim": 4952.634567689854, "id": 70867}, {"shared_perim": 5419.32262840291, "id": 70888}, {"shared_perim": 1736.6323900458488, "id": 70891}], [{"shared_perim": 1978.0601277961268, "id": 70873}, {"shared_perim": 2414.0269781020015, "id": 70874}, {"shared_perim": 2131.922343136843, "id": 70889}, {"shared_perim": 2095.2336633649993, "id": 70894}], [{"shared_perim": 2684.3944204269983, "id": 70872}, {"shared_perim": 3432.828637469975, "id": 70873}, {"shared_perim": 2507.7940890411446, "id": 70889}, {"shared_perim": 2095.2336633649993, "id": 70893}, {"shared_perim": 115.33691939595019, "id": 70895}], [{"shared_perim": 1672.0591375297672, "id": 70868}, {"shared_perim": 3069.8248636700714, "id": 70871}, {"shared_perim": 813.5339373108498, "id": 70872}, {"shared_perim": 332.74948337037944, "id": 70873}, {"shared_perim": 115.33691939595019, "id": 70894}, {"shared_perim": 3208.7412525862137, "id": 70896}], [{"shared_perim": 3031.202790600596, "id": 70868}, {"shared_perim": 1791.6906963610436, "id": 70872}, {"shared_perim": 3208.7412525862137, "id": 70895}], [{"shared_perim": 2601.3956650393843, "id": 70853}, {"shared_perim": 85.37333543697544, "id": 70854}, {"shared_perim": 2124.107164746162, "id": 70864}, {"shared_perim": 1186.6995863511174, "id": 70888}, {"shared_perim": 1982.3549931528412, "id": 70890}, {"shared_perim": 1768.4102048610544, "id": 71445}], [{"shared_perim": 1447.0851803880998, "id": 70856}, {"shared_perim": 2657.972986273572, "id": 70858}, {"shared_perim": 2996.950226580255, "id": 70859}, {"shared_perim": 892.5361965690455, "id": 70866}, {"shared_perim": 3997.4793176867556, "id": 70882}, {"shared_perim": 332.43822242857203, "id": 70997}, {"shared_perim": 2506.382220857556, "id": 70996}, {"shared_perim": 837.341321061275, "id": 72176}], [{"shared_perim": 541.6615470745907, "id": 70883}, {"shared_perim": 1473.0516001884357, "id": 70989}, {"shared_perim": 1831.3424450772036, "id": 70998}], [{"shared_perim": 2782.496296298143, "id": 70883}, {"shared_perim": 2358.3213856757616, "id": 70989}, {"shared_perim": 884.5609106308397, "id": 71004}], [{"shared_perim": 1962.5530364923752, "id": 70883}, {"shared_perim": 1473.0516001884357, "id": 70986}, {"shared_perim": 2358.3213856757616, "id": 70988}], [{"shared_perim": 2506.382220857556, "id": 70898}, {"shared_perim": 3367.942162624811, "id": 70997}, {"shared_perim": 850.9569933577217, "id": 72176}], [{"shared_perim": 3509.279021457747, "id": 70882}, {"shared_perim": 332.43822242857203, "id": 70898}, {"shared_perim": 3367.942162624811, "id": 70996}, {"shared_perim": 2542.687611366097, "id": 70998}], [{"shared_perim": 651.0478609972711, "id": 70883}, {"shared_perim": 1831.3424450772036, "id": 70986}, {"shared_perim": 2542.687611366097, "id": 70997}], [{"shared_perim": 2338.069430689567, "id": 70886}, {"shared_perim": 761.5407699097873, "id": 71000}], [{"shared_perim": 876.8547954618189, "id": 70886}, {"shared_perim": 2499.716141222022, "id": 70887}, {"shared_perim": 761.5407699097873, "id": 70999}, {"shared_perim": 1375.0539408826605, "id": 72321}], [{"shared_perim": 1781.136860174549, "id": 70884}, {"shared_perim": 675.8533712363324, "id": 70885}, {"shared_perim": 884.5609106308397, "id": 70988}], [{"shared_perim": 213.51906961018798, "id": 70865}, {"shared_perim": 4961.399065083472, "id": 70874}], [{"shared_perim": 1056.8130417634438, "id": 70853}, {"shared_perim": 1768.4102048610544, "id": 70897}, {"shared_perim": 1864.911225760331, "id": 71554}], [{"shared_perim": 1713.8792752507572, "id": 70851}, {"shared_perim": 1864.911225760331, "id": 71445}], [{"shared_perim": 1598.7219745118966, "id": 70865}, {"shared_perim": 745.3302188034013, "id": 71588}], [{"shared_perim": 3974.6028817053243, "id": 70865}, {"shared_perim": 745.3302188034013, "id": 71587}], [{"shared_perim": 1017.3005069310983, "id": 70856}, {"shared_perim": 837.341321061275, "id": 70898}, {"shared_perim": 850.9569933577217, "id": 70996}, {"shared_perim": 1174.0438195199608, "id": 72177}], [{"shared_perim": 1966.7883190261164, "id": 70852}, {"shared_perim": 341.564415095174, "id": 70854}, {"shared_perim": 1164.0664531591322, "id": 70855}, {"shared_perim": 1174.0438195199608, "id": 72176}], [{"shared_perim": 5262.484931756282, "id": 70884}, {"shared_perim": 9658.886181456804, "id": 72307}, {"shared_perim": 1187.5901498172243, "id": 72316}], [{"shared_perim": 2660.376769764877, "id": 70876}, {"shared_perim": 68.45790827035482, "id": 70884}, {"shared_perim": 9658.886181456804, "id": 72305}, {"shared_perim": 7650.133651774504, "id": 72326}], [{"shared_perim": 3080.120060988286, "id": 70885}, {"shared_perim": 3225.4641176021723, "id": 70887}, {"shared_perim": 1187.5901498172243, "id": 72305}, {"shared_perim": 974.3348164414207, "id": 72321}], [{"shared_perim": 134.7680657224749, "id": 70887}, {"shared_perim": 1375.0539408826605, "id": 71000}, {"shared_perim": 974.3348164414207, "id": 72316}], [{"shared_perim": 22025.425311990533, "id": 70876}, {"shared_perim": 7650.133651774504, "id": 72307}]]}