{"directed": false, "multigraph": false, "graph": [], "nodes": [{"boundary_node": false, "area": 2013809.3384396136, "STATEFP10": "06", "COUNTYFP10": "073", "TRACTCE10": "013417", "GEOID10": "06073013417", "NAME10": "134.17", "NAMELSAD10": "Census Tract 134.17", "MTFCC10": "G5020", "FUNCSTAT10": "S", "ALAND10": 2013806, "AWATER10": 0, "INTPTLAT10": "+32.6590401", "INTPTLON10": "-116.9844864", "GISJOIN": "G0600730013417", "Shape_area": 2013809.33844, "Shape_len": 6568.51367952, "YEAR": 2010, "REGIONA": 4, "DIVISIONA": 9, "STATE": "California", "STATEA": 6, "COUNTY": "San Diego County", "COUNTYA": 73, "COUSUBA": NaN, "PLACEA": NaN, "TRACTA": 13417, "BLKGRPA": NaN, "BLOCKA": NaN, "CONCITA": NaN, "AIANHHA": NaN, "RES_ONLYA": NaN, "TRUSTA": NaN, "AITSCEA": NaN, "TTRACTA": NaN, "TBLKGRPA": NaN, "ANRCA": NaN, "CBSAA": 41740, "METDIVA": 99999, "CSAA": 999, "NECTAA": NaN, "NECTADIVA": NaN, "CNECTAA": NaN, "UAA": NaN, "URBRURALA": NaN, "CDA": NaN, "SLDUA": NaN, "SLDLA": NaN, "ZCTA5A": NaN, "SUBMCDA": NaN, "SDELMA": NaN, "SDSECA": NaN, "SDUNIA": NaN, "NAME": "Census Tract 134.17", "SABINSA": NaN, "TOTPOP": 2087, "H7X001": 2087, "WHITE": 1212, "BLACK": 137, "AIAN": 14, "ASIAN": 366, "NHPI": 13, "H7X007": 213, "H7X008": 132, "H7Y001": 2087, "H7Y002": 1170, "HISP": 917, "C_X": -1941388.0168310425, "C_Y": -326532.92084999965, "id": 1606}, {"boundary_node": false, "area": 2506002.9719263683, "STATEFP10": "06", "COUNTYFP10": "073", "TRACTCE10": "013309", "GEOID10": "06073013309", "NAME10": "133.09", "NAMELSAD10": "Census Tract 133.09", "MTFCC10": "G5020", "FUNCSTAT10": "S", "ALAND10": 2506002, "AWATER10": 0, "INTPTLAT10": "+32.6183278", "INTPTLON10": "-117.0337536", "GISJOIN": "G0600730013309", "Shape_area": 2506002.97193, "Shape_len": 7345.28172772, "YEAR": 2010, "REGIONA": 4, "DIVISIONA": 9, "STATE": "California", "STATEA": 6, "COUNTY": "San Diego County", "COUNTYA": 73, "COUSUBA": NaN, "PLACEA": NaN, "TRACTA": 13309, "BLKGRPA": NaN, "BLOCKA": NaN, "CONCITA": NaN, "AIANHHA": NaN, "RES_ONLYA": NaN, "TRUSTA": NaN, "AITSCEA": NaN, "TTRACTA": NaN, "TBLKGRPA": NaN, "ANRCA": NaN, "CBSAA": 41740, "METDIVA": 99999, "CSAA": 999, "NECTAA": NaN, "NECTADIVA": NaN, "CNECTAA": NaN, "UAA": NaN, "URBRURALA": NaN, "CDA": NaN, "SLDUA": NaN, "SLDLA": NaN, "ZCTA5A": NaN, "SUBMCDA": NaN, "SDELMA": NaN, "SDSECA": NaN, "SDUNIA": NaN, "NAME": "Census Tract 133.09", "SABINSA": NaN, "TOTPOP": 7005, "H7X001": 7005, "WHITE": 3903, "BLACK": 224, "AIAN": 40, "ASIAN": 1003, "NHPI": 38, "H7X007": 1317, "H7X008": 480, "H7Y001": 7005, "H7Y002": 3039, "HISP": 3966, "C_X": -1946757.0790467728, "C_Y": -329732.46735000005, "id": 1660}, {"boundary_node": false, "area": 1627331.5585803622, "STATEFP10": "06", "COUNTYFP10": "073", "TRACTCE10": "013000", "GEOID10": "06073013000", "NAME10": "130", "NAMELSAD10": "Census Tract 130", "MTFCC10": "G5020", "FUNCSTAT10": "S", "ALAND10": 1627331, "AWATER10": 0, "INTPTLAT10": "+32.6248441", "INTPTLON10": "-117.0798163", "GISJOIN": "G0600730013000", "Shape_area": 1627331.55858, "Shape_len": 5649.01788805, "YEAR": 2010, "REGIONA": 4, "DIVISIONA": 9, "STATE": "California", "STATEA": 6, "COUNTY": "San Diego County", "COUNTYA": 73, "COUSUBA": NaN, "PLACEA": NaN, "TRACTA": 13000, "BLKGRPA": NaN, "BLOCKA": NaN, "CONCITA": NaN, "AIANHHA": NaN, "RES_ONLYA": NaN, "TRUSTA": NaN, "AITSCEA": NaN, "TTRACTA": NaN, "TBLKGRPA": NaN, "ANRCA": NaN, "CBSAA": 41740, "METDIVA": 99999, "CSAA": 999, "NECTAA": NaN, "NECTADIVA": NaN, "CNECTAA": NaN, "UAA": NaN, "URBRURALA": NaN, "CDA": NaN, "SLDUA": NaN, "SLDLA": NaN, "ZCTA5A": NaN, "SUBMCDA": NaN, "SDELMA": NaN, "SDSECA": NaN, "SDUNIA": NaN, "NAME": "Census Tract 130", "SABINSA": NaN, "TOTPOP": 5903, "H7X001": 5903, "WHITE": 3195, "BLACK": 269, "AIAN": 90, "ASIAN": 348, "NHPI": 35, "H7X007": 1643, "H7X008": 323, "H7Y001": 5903, "H7Y002": 1875, "HISP": 4028, "C_X": -1950907.9422499673, "C_Y": -327973.7290499981, "id": 1662}, {"boundary_node": false, "area": 4683638.878115139, "STATEFP10": "06", "COUNTYFP10": "073", "TRACTCE10": "013412", "GEOID10": "06073013412", "NAME10": "134.12", "NAMELSAD10": "Census Tract 134.12", "MTFCC10": "G5020", "FUNCSTAT10": "S", "ALAND10": 4683641, "AWATER10": 0, "INTPTLAT10": "+32.6499247", "INTPTLON10": "-117.0387029", "GISJOIN": "G0600730013412", "Shape_area": 4683638.87812, "Shape_len": 11273.4198961, "YEAR": 2010, "REGIONA": 4, "DIVISIONA": 9, "STATE": "California", "STATEA": 6, "COUNTY": "San Diego County", "COUNTYA": 73, "COUSUBA": NaN, "PLACEA": NaN, "TRACTA": 13412, "BLKGRPA": NaN, "BLOCKA": NaN, "CONCITA": NaN, "AIANHHA": NaN, "RES_ONLYA": NaN, "TRUSTA": NaN, "AITSCEA": NaN, "TTRACTA": NaN, "TBLKGRPA": NaN, "ANRCA": NaN, "CBSAA": 41740, "METDIVA": 99999, "CSAA": 999, "NECTAA": NaN, "NECTADIVA": NaN, "CNECTAA": NaN, "UAA": NaN, "URBRURALA": NaN, "CDA": NaN, "SLDUA": NaN, "SLDLA": NaN, "ZCTA5A": NaN, "SUBMCDA": NaN, "SDELMA": NaN, "SDSECA": NaN, "SDUNIA": NaN, "NAME": "Census Tract 134.12", "SABINSA": NaN, "TOTPOP": 5086, "H7X001": 5086, "WHITE": 3263, "BLACK": 190, "AIAN": 9, "ASIAN": 766, "NHPI": 25, "H7X007": 607, "H7X008": 226, "H7Y001": 5086, "H7Y002": 2598, "HISP": 2488, "C_X": -1946478.7003544366, "C_Y": -326224.88884999976, "id": 1684}, {"boundary_node": false, "area": 802290.9024195034, "STATEFP10": "06", "COUNTYFP10": "073", "TRACTCE10": "013204", "GEOID10": "06073013204", "NAME10": "132.04", "NAMELSAD10": "Census Tract 132.04", "MTFCC10": "G5020", "FUNCSTAT10": "S", "ALAND10": 802292, "AWATER10": 0, "INTPTLAT10": "+32.5982825", "INTPTLON10": "-117.0637049", "GISJOIN": "G0600730013204", "Shape_area": 802290.90242, "Shape_len": 3655.0837897, "YEAR": 2010, "REGIONA": 4, "DIVISIONA": 9, "STATE": "California", "STATEA": 6, "COUNTY": "San Diego County", "COUNTYA": 73, "COUSUBA": NaN, "PLACEA": NaN, "TRACTA": 13204, "BLKGRPA": NaN, "BLOCKA": NaN, "CONCITA": NaN, "AIANHHA": NaN, "RES_ONLYA": NaN, "TRUSTA": NaN, "AITSCEA": NaN, "TTRACTA": NaN, "TBLKGRPA": NaN, "ANRCA": NaN, "CBSAA": 41740, "METDIVA": 99999, "CSAA": 999, "NECTAA": NaN, "NECTADIVA": NaN, "CNECTAA": NaN, "UAA": NaN, "URBRURALA": NaN, "CDA": NaN, "SLDUA": NaN, "SLDLA": NaN, "ZCTA5A": NaN, "SUBMCDA": NaN, "SDELMA": NaN, "SDSECA": NaN, "SDUNIA": NaN, "NAME": "Census Tract 132.04", "SABINSA": NaN, "TOTPOP": 4014, "H7X001": 4014, "WHITE": 2094, "BLACK": 73, "AIAN": 26, "ASIAN": 156, "NHPI": 4, "H7X007": 1488, "H7X008": 173, "H7Y001": 4014, "H7Y002": 525, "HISP": 3489, "C_X": -1950022.5966728786, "C_Y": -331283.2899500008, "id": 1687}, {"boundary_node": false, "area": 1232491.3326722689, "STATEFP10": "06", "COUNTYFP10": "073", "TRACTCE10": "012304", "GEOID10": "06073012304", "NAME10": "123.04", "NAMELSAD10": "Census Tract 123.04", "MTFCC10": "G5020", "FUNCSTAT10": "S", "ALAND10": 1232493, "AWATER10": 0, "INTPTLAT10": "+32.6439929", "INTPTLON10": "-117.0701179", "GISJOIN": "G0600730012304", "Shape_area": 1232491.33267, "Shape_len": 4717.97368937, "YEAR": 2010, "REGIONA": 4, "DIVISIONA": 9, "STATE": "California", "STATEA": 6, "COUNTY": "San Diego County", "COUNTYA": 73, "COUSUBA": NaN, "PLACEA": NaN, "TRACTA": 12304, "BLKGRPA": NaN, "BLOCKA": NaN, "CONCITA": NaN, "AIANHHA": NaN, "RES_ONLYA": NaN, "TRUSTA": NaN, "AITSCEA": NaN, "TTRACTA": NaN, "TBLKGRPA": NaN, "ANRCA": NaN, "CBSAA": 41740, "METDIVA": 99999, "CSAA": 999, "NECTAA": NaN, "NECTADIVA": NaN, "CNECTAA": NaN, "UAA": NaN, "URBRURALA": NaN, "CDA": NaN, "SLDUA": NaN, "SLDLA": NaN, "ZCTA5A": NaN, "SUBMCDA": NaN, "SDELMA": NaN, "SDSECA": NaN, "SDUNIA": NaN, "NAME": "Census Tract 123.04", "SABINSA": NaN, "TOTPOP": 3434, "H7X001": 3434, "WHITE": 2193, "BLACK": 116, "AIAN": 39, "ASIAN": 186, "NHPI": 8, "H7X007": 689, "H7X008": 203, "H7Y001": 3434, "H7Y002": 1616, "HISP": 1818, "C_X": -1949478.344591889, "C_Y": -326187.85799999814, "id": 1723}, {"boundary_node": false, "area": 3485466.7002615756, "STATEFP10": "06", "COUNTYFP10": "073", "TRACTCE10": "013311", "GEOID10": "06073013311", "NAME10": "133.11", "NAMELSAD10": "Census Tract 133.11", "MTFCC10": "G5020", "FUNCSTAT10": "S", "ALAND10": 3485466, "AWATER10": 0, "INTPTLAT10": "+32.6390207", "INTPTLON10": "-116.9603940", "GISJOIN": "G0600730013311", "Shape_area": 3485466.70026, "Shape_len": 8007.84758243, "YEAR": 2010, "REGIONA": 4, "DIVISIONA": 9, "STATE": "California", "STATEA": 6, "COUNTY": "San Diego County", "COUNTYA": 73, "COUSUBA": NaN, "PLACEA": NaN, "TRACTA": 13311, "BLKGRPA": NaN, "BLOCKA": NaN, "CONCITA": NaN, "AIANHHA": NaN, "RES_ONLYA": NaN, "TRUSTA": NaN, "AITSCEA": NaN, "TTRACTA": NaN, "TBLKGRPA": NaN, "ANRCA": NaN, "CBSAA": 41740, "METDIVA": 99999, "CSAA": 999, "NECTAA": NaN, "NECTADIVA": NaN, "CNECTAA": NaN, "UAA": NaN, "URBRURALA": NaN, "CDA": NaN, "SLDUA": NaN, "SLDLA": NaN, "ZCTA5A": NaN, "SUBMCDA": NaN, "SDELMA": NaN, "SDSECA": NaN, "SDUNIA": NaN, "NAME": "Census Tract 133.11", "SABINSA": NaN, "TOTPOP": 9463, "H7X001": 9463, "WHITE": 5085, "BLACK": 580, "AIAN": 54, "ASIAN": 2162, "NHPI": 25, "H7X007": 952, "H7X008": 605, "H7Y001": 9463, "H7Y002": 5286, "HISP": 4177, "C_X": -1939707.7583043687, "C_Y": -329052.8737499991, "id": 1725}, {"boundary_node": false, "area": 1160610.6864095803, "STATEFP10": "06", "COUNTYFP10": "073", "TRACTCE10": "013415", "GEOID10": "06073013415", "NAME10": "134.15", "NAMELSAD10": "Census Tract 134.15", "MTFCC10": "G5020", "FUNCSTAT10": "S", "ALAND10": 1160611, "AWATER10": 0, "INTPTLAT10": "+32.6383744", "INTPTLON10": "-116.9983443", "GISJOIN": "G0600730013415", "Shape_area": 1160610.68641, "Shape_len": 4945.49007594, "YEAR": 2010, "REGIONA": 4, "DIVISIONA": 9, "STATE": "California", "STATEA": 6, "COUNTY": "San Diego County", "COUNTYA": 73, "COUSUBA": NaN, "PLACEA": NaN, "TRACTA": 13415, "BLKGRPA": NaN, "BLOCKA": NaN, "CONCITA": NaN, "AIANHHA": NaN, "RES_ONLYA": NaN, "TRUSTA": NaN, "AITSCEA": NaN, "TTRACTA": NaN, "TBLKGRPA": NaN, "ANRCA": NaN, "CBSAA": 41740, "METDIVA": 99999, "CSAA": 999, "NECTAA": NaN, "NECTADIVA": NaN, "CNECTAA": NaN, "UAA": NaN, "URBRURALA": NaN, "CDA": NaN, "SLDUA": NaN, "SLDLA": NaN, "ZCTA5A": NaN, "SUBMCDA": NaN, "SDELMA": NaN, "SDSECA": NaN, "SDUNIA": NaN, "NAME": "Census Tract 134.15", "SABINSA": NaN, "TOTPOP": 1567, "H7X001": 1567, "WHITE": 867, "BLACK": 70, "AIAN": 11, "ASIAN": 211, "NHPI": 4, "H7X007": 320, "H7X008": 84, "H7Y001": 1567, "H7Y002": 788, "HISP": 779, "C_X": -1942976.7286921632, "C_Y": -328361.9511999986, "id": 1734}, {"boundary_node": true, "boundary_perim": 3065.668662488244, "area": 2317513.290362681, "STATEFP10": "06", "COUNTYFP10": "073", "TRACTCE10": "010107", "GEOID10": "06073010107", "NAME10": "101.07", "NAMELSAD10": "Census Tract 101.07", "MTFCC10": "G5020", "FUNCSTAT10": "S", "ALAND10": 2314635, "AWATER10": 2879, "INTPTLAT10": "+32.5820941", "INTPTLON10": "-117.0793152", "GISJOIN": "G0600730010107", "Shape_area": 2317513.29036, "Shape_len": 6060.61334471, "YEAR": 2010, "REGIONA": 4, "DIVISIONA": 9, "STATE": "California", "STATEA": 6, "COUNTY": "San Diego County", "COUNTYA": 73, "COUSUBA": NaN, "PLACEA": NaN, "TRACTA": 10107, "BLKGRPA": NaN, "BLOCKA": NaN, "CONCITA": NaN, "AIANHHA": NaN, "RES_ONLYA": NaN, "TRUSTA": NaN, "AITSCEA": NaN, "TTRACTA": NaN, "TBLKGRPA": NaN, "ANRCA": NaN, "CBSAA": 41740, "METDIVA": 99999, "CSAA": 999, "NECTAA": NaN, "NECTADIVA": NaN, "CNECTAA": NaN, "UAA": NaN, "URBRURALA": NaN, "CDA": NaN, "SLDUA": NaN, "SLDLA": NaN, "ZCTA5A": NaN, "SUBMCDA": NaN, "SDELMA": NaN, "SDSECA": NaN, "SDUNIA": NaN, "NAME": "Census Tract 101.07", "SABINSA": NaN, "TOTPOP": 6498, "H7X001": 6498, "WHITE": 3571, "BLACK": 204, "AIAN": 34, "ASIAN": 705, "NHPI": 15, "H7X007": 1660, "H7X008": 309, "H7Y001": 6498, "H7Y002": 1813, "HISP": 4685, "C_X": -1951807.3437044127, "C_Y": -332653.3832000003, "id": 1739}, {"boundary_node": true, "boundary_perim": 974.0130302724829, "area": 3491319.2313023177, "STATEFP10": "06", "COUNTYFP10": "073", "TRACTCE10": "003204", "GEOID10": "06073003204", "NAME10": "32.04", "NAMELSAD10": "Census Tract 32.04", "MTFCC10": "G5020", "FUNCSTAT10": "S", "ALAND10": 3074259, "AWATER10": 417058, "INTPTLAT10": "+32.6564740", "INTPTLON10": "-117.0578802", "GISJOIN": "G0600730003204", "Shape_area": 3491319.2313, "Shape_len": 7846.56480005, "YEAR": 2010, "REGIONA": 4, "DIVISIONA": 9, "STATE": "California", "STATEA": 6, "COUNTY": "San Diego County", "COUNTYA": 73, "COUSUBA": NaN, "PLACEA": NaN, "TRACTA": 3204, "BLKGRPA": NaN, "BLOCKA": NaN, "CONCITA": NaN, "AIANHHA": NaN, "RES_ONLYA": NaN, "TRUSTA": NaN, "AITSCEA": NaN, "TTRACTA": NaN, "TBLKGRPA": NaN, "ANRCA": NaN, "CBSAA": 41740, "METDIVA": 99999, "CSAA": 999, "NECTAA": NaN, "NECTADIVA": NaN, "CNECTAA": NaN, "UAA": NaN, "URBRURALA": NaN, "CDA": NaN, "SLDUA": NaN, "SLDLA": NaN, "ZCTA5A": NaN, "SUBMCDA": NaN, "SDELMA": NaN, "SDSECA": NaN, "SDUNIA": NaN, "NAME": "Census Tract 32.04", "SABINSA": NaN, "TOTPOP": 3453, "H7X001": 3453, "WHITE": 2078, "BLACK": 111, "AIAN": 32, "ASIAN": 431, "NHPI": 15, "H7X007": 624, "H7X008": 162, "H7Y001": 3453, "H7Y002": 1674, "HISP": 1779, "C_X": -1947925.6967759388, "C_Y": -325163.80219999887, "id": 1746}, {"boundary_node": false, "area": 1159148.571524929, "STATEFP10": "06", "COUNTYFP10": "073", "TRACTCE10": "012700", "GEOID10": "06073012700", "NAME10": "127", "NAMELSAD10": "Census Tract 127", "MTFCC10": "G5020", "FUNCSTAT10": "S", "ALAND10": 1159147, "AWATER10": 0, "INTPTLAT10": "+32.6341315", "INTPTLON10": "-117.0851125", "GISJOIN": "G0600730012700", "Shape_area": 1159148.57152, "Shape_len": 4841.92172841, "YEAR": 2010, "REGIONA": 4, "DIVISIONA": 9, "STATE": "California", "STATEA": 6, "COUNTY": "San Diego County", "COUNTYA": 73, "COUSUBA": NaN, "PLACEA": NaN, "TRACTA": 12700, "BLKGRPA": NaN, "BLOCKA": NaN, "CONCITA": NaN, "AIANHHA": NaN, "RES_ONLYA": NaN, "TRUSTA": NaN, "AITSCEA": NaN, "TTRACTA": NaN, "TBLKGRPA": NaN, "ANRCA": NaN, "CBSAA": 41740, "METDIVA": 99999, "CSAA": 999, "NECTAA": NaN, "NECTADIVA": NaN, "CNECTAA": NaN, "UAA": NaN, "URBRURALA": NaN, "CDA": NaN, "SLDUA": NaN, "SLDLA": NaN, "ZCTA5A": NaN, "SUBMCDA": NaN, "SDELMA": NaN, "SDSECA": NaN, "SDUNIA": NaN, "NAME": "Census Tract 127", "SABINSA": NaN, "TOTPOP": 4955, "H7X001": 4955, "WHITE": 2880, "BLACK": 282, "AIAN": 128, "ASIAN": 269, "NHPI": 32, "H7X007": 1098, "H7X008": 266, "H7Y001": 4955, "H7Y002": 1433, "HISP": 3522, "C_X": -1951000.9498874035, "C_Y": -326996.61315000127, "id": 1747}, {"boundary_node": false, "area": 1382254.5706247166, "STATEFP10": "06", "COUNTYFP10": "073", "TRACTCE10": "013303", "GEOID10": "06073013303", "NAME10": "133.03", "NAMELSAD10": "Census Tract 133.03", "MTFCC10": "G5020", "FUNCSTAT10": "S", "ALAND10": 1382255, "AWATER10": 0, "INTPTLAT10": "+32.6077631", "INTPTLON10": "-117.0502312", "GISJOIN": "G0600730013303", "Shape_area": 1382254.57062, "Shape_len": 6237.01732775, "YEAR": 2010, "REGIONA": 4, "DIVISIONA": 9, "STATE": "California", "STATEA": 6, "COUNTY": "San Diego County", "COUNTYA": 73, "COUSUBA": NaN, "PLACEA": NaN, "TRACTA": 13303, "BLKGRPA": NaN, "BLOCKA": NaN, "CONCITA": NaN, "AIANHHA": NaN, "RES_ONLYA": NaN, "TRUSTA": NaN, "AITSCEA": NaN, "TTRACTA": NaN, "TBLKGRPA": NaN, "ANRCA": NaN, "CBSAA": 41740, "METDIVA": 99999, "CSAA": 999, "NECTAA": NaN, "NECTADIVA": NaN, "CNECTAA": NaN, "UAA": NaN, "URBRURALA": NaN, "CDA": NaN, "SLDUA": NaN, "SLDLA": NaN, "ZCTA5A": NaN, "SUBMCDA": NaN, "SDELMA": NaN, "SDSECA": NaN, "SDUNIA": NaN, "NAME": "Census Tract 133.03", "SABINSA": NaN, "TOTPOP": 4909, "H7X001": 4909, "WHITE": 2843, "BLACK": 130, "AIAN": 66, "ASIAN": 233, "NHPI": 45, "H7X007": 1350, "H7X008": 242, "H7Y001": 4909, "H7Y002": 1215, "HISP": 3694, "C_X": -1948617.9328868669, "C_Y": -330561.29165000096, "id": 1761}, {"boundary_node": false, "area": 1855457.3280658876, "STATEFP10": "06", "COUNTYFP10": "073", "TRACTCE10": "013418", "GEOID10": "06073013418", "NAME10": "134.18", "NAMELSAD10": "Census Tract 134.18", "MTFCC10": "G5020", "FUNCSTAT10": "S", "ALAND10": 1781625, "AWATER10": 73830, "INTPTLAT10": "+32.6499238", "INTPTLON10": "-116.9778110", "GISJOIN": "G0600730013418", "Shape_area": 1855457.32807, "Shape_len": 5580.88617904, "YEAR": 2010, "REGIONA": 4, "DIVISIONA": 9, "STATE": "California", "STATEA": 6, "COUNTY": "San Diego County", "COUNTYA": 73, "COUSUBA": NaN, "PLACEA": NaN, "TRACTA": 13418, "BLKGRPA": NaN, "BLOCKA": NaN, "CONCITA": NaN, "AIANHHA": NaN, "RES_ONLYA": NaN, "TRUSTA": NaN, "AITSCEA": NaN, "TTRACTA": NaN, "TBLKGRPA": NaN, "ANRCA": NaN, "CBSAA": 41740, "METDIVA": 99999, "CSAA": 999, "NECTAA": NaN, "NECTADIVA": NaN, "CNECTAA": NaN, "UAA": NaN, "URBRURALA": NaN, "CDA": NaN, "SLDUA": NaN, "SLDLA": NaN, "ZCTA5A": NaN, "SUBMCDA": NaN, "SDELMA": NaN, "SDSECA": NaN, "SDUNIA": NaN, "NAME": "Census Tract 134.18", "SABINSA": NaN, "TOTPOP": 5998, "H7X001": 5998, "WHITE": 3473, "BLACK": 239, "AIAN": 32, "ASIAN": 880, "NHPI": 42, "H7X007": 976, "H7X008": 356, "H7Y001": 5998, "H7Y002": 2719, "HISP": 3279, "C_X": -1941045.2214075732, "C_Y": -327356.58264999907, "id": 1776}, {"boundary_node": true, "boundary_perim": 3198.919918959985, "area": 2097929.9337408766, "STATEFP10": "06", "COUNTYFP10": "073", "TRACTCE10": "010001", "GEOID10": "06073010001", "NAME10": "100.01", "NAMELSAD10": "Census Tract 100.01", "MTFCC10": "G5020", "FUNCSTAT10": "S", "ALAND10": 2097929, "AWATER10": 0, "INTPTLAT10": "+32.5868130", "INTPTLON10": "-117.0554913", "GISJOIN": "G0600730010001", "Shape_area": 2097929.93374, "Shape_len": 8756.08284662, "YEAR": 2010, "REGIONA": 4, "DIVISIONA": 9, "STATE": "California", "STATEA": 6, "COUNTY": "San Diego County", "COUNTYA": 73, "COUSUBA": NaN, "PLACEA": NaN, "TRACTA": 10001, "BLKGRPA": NaN, "BLOCKA": NaN, "CONCITA": NaN, "AIANHHA": NaN, "RES_ONLYA": NaN, "TRUSTA": NaN, "AITSCEA": NaN, "TTRACTA": NaN, "TBLKGRPA": NaN, "ANRCA": NaN, "CBSAA": 41740, "METDIVA": 99999, "CSAA": 999, "NECTAA": NaN, "NECTADIVA": NaN, "CNECTAA": NaN, "UAA": NaN, "URBRURALA": NaN, "CDA": NaN, "SLDUA": NaN, "SLDLA": NaN, "ZCTA5A": NaN, "SUBMCDA": NaN, "SDELMA": NaN, "SDSECA": NaN, "SDUNIA": NaN, "NAME": "Census Tract 100.01", "SABINSA": NaN, "TOTPOP": 4097, "H7X001": 4097, "WHITE": 1862, "BLACK": 176, "AIAN": 17, "ASIAN": 744, "NHPI": 41, "H7X007": 985, "H7X008": 272, "H7Y001": 4097, "H7Y002": 1524, "HISP": 2573, "C_X": -1950173.5429583122, "C_Y": -332675.91529999836, "id": 1781}, {"boundary_node": false, "area": 896878.5472927459, "STATEFP10": "06", "COUNTYFP10": "073", "TRACTCE10": "012402", "GEOID10": "06073012402", "NAME10": "124.02", "NAMELSAD10": "Census Tract 124.02", "MTFCC10": "G5020", "FUNCSTAT10": "S", "ALAND10": 896878, "AWATER10": 0, "INTPTLAT10": "+32.6430592", "INTPTLON10": "-117.0878962", "GISJOIN": "G0600730012402", "Shape_area": 896878.547293, "Shape_len": 4034.14302349, "YEAR": 2010, "REGIONA": 4, "DIVISIONA": 9, "STATE": "California", "STATEA": 6, "COUNTY": "San Diego County", "COUNTYA": 73, "COUSUBA": NaN, "PLACEA": NaN, "TRACTA": 12402, "BLKGRPA": NaN, "BLOCKA": NaN, "CONCITA": NaN, "AIANHHA": NaN, "RES_ONLYA": NaN, "TRUSTA": NaN, "AITSCEA": NaN, "TTRACTA": NaN, "TBLKGRPA": NaN, "ANRCA": NaN, "CBSAA": 41740, "METDIVA": 99999, "CSAA": 999, "NECTAA": NaN, "NECTADIVA": NaN, "CNECTAA": NaN, "UAA": NaN, "URBRURALA": NaN, "CDA": NaN, "SLDUA": NaN, "SLDLA": NaN, "ZCTA5A": NaN, "SUBMCDA": NaN, "SDELMA": NaN, "SDSECA": NaN, "SDUNIA": NaN, "NAME": "Census Tract 124.02", "SABINSA": NaN, "TOTPOP": 5445, "H7X001": 5445, "WHITE": 2848, "BLACK": 278, "AIAN": 47, "ASIAN": 255, "NHPI": 29, "H7X007": 1690, "H7X008": 298, "H7Y001": 5445, "H7Y002": 1709, "HISP": 3736, "C_X": -1951199.2426516213, "C_Y": -325954.1268499992, "id": 1782}, {"boundary_node": false, "area": 18920833.019353684, "STATEFP10": "06", "COUNTYFP10": "073", "TRACTCE10": "013313", "GEOID10": "06073013313", "NAME10": "133.13", "NAMELSAD10": "Census Tract 133.13", "MTFCC10": "G5020", "FUNCSTAT10": "S", "ALAND10": 18903361, "AWATER10": 17465, "INTPTLAT10": "+32.6023181", "INTPTLON10": "-116.9847218", "GISJOIN": "G0600730013313", "Shape_area": 18920833.0194, "Shape_len": 20763.4356116, "YEAR": 2010, "REGIONA": 4, "DIVISIONA": 9, "STATE": "California", "STATEA": 6, "COUNTY": "San Diego County", "COUNTYA": 73, "COUSUBA": NaN, "PLACEA": NaN, "TRACTA": 13313, "BLKGRPA": NaN, "BLOCKA": NaN, "CONCITA": NaN, "AIANHHA": NaN, "RES_ONLYA": NaN, "TRUSTA": NaN, "AITSCEA": NaN, "TTRACTA": NaN, "TBLKGRPA": NaN, "ANRCA": NaN, "CBSAA": 41740, "METDIVA": 99999, "CSAA": 999, "NECTAA": NaN, "NECTADIVA": NaN, "CNECTAA": NaN, "UAA": NaN, "URBRURALA": NaN, "CDA": NaN, "SLDUA": NaN, "SLDLA": NaN, "ZCTA5A": NaN, "SUBMCDA": NaN, "SDELMA": NaN, "SDSECA": NaN, "SDUNIA": NaN, "NAME": "Census Tract 133.13", "SABINSA": NaN, "TOTPOP": 9464, "H7X001": 9464, "WHITE": 3759, "BLACK": 602, "AIAN": 25, "ASIAN": 3231, "NHPI": 71, "H7X007": 1086, "H7X008": 690, "H7Y001": 9464, "H7Y002": 5654, "HISP": 3810, "C_X": -1943980.532886442, "C_Y": -331896.50289999857, "id": 1784}, {"boundary_node": false, "area": 8503055.014507955, "STATEFP10": "06", "COUNTYFP10": "073", "TRACTCE10": "013310", "GEOID10": "06073013310", "NAME10": "133.10", "NAMELSAD10": "Census Tract 133.10", "MTFCC10": "G5020", "FUNCSTAT10": "S", "ALAND10": 8503054, "AWATER10": 0, "INTPTLAT10": "+32.6261904", "INTPTLON10": "-116.9977852", "GISJOIN": "G0600730013310", "Shape_area": 8503055.01451, "Shape_len": 16960.2374876, "YEAR": 2010, "REGIONA": 4, "DIVISIONA": 9, "STATE": "California", "STATEA": 6, "COUNTY": "San Diego County", "COUNTYA": 73, "COUSUBA": NaN, "PLACEA": NaN, "TRACTA": 13310, "BLKGRPA": NaN, "BLOCKA": NaN, "CONCITA": NaN, "AIANHHA": NaN, "RES_ONLYA": NaN, "TRUSTA": NaN, "AITSCEA": NaN, "TTRACTA": NaN, "TBLKGRPA": NaN, "ANRCA": NaN, "CBSAA": 41740, "METDIVA": 99999, "CSAA": 999, "NECTAA": NaN, "NECTADIVA": NaN, "CNECTAA": NaN, "UAA": NaN, "URBRURALA": NaN, "CDA": NaN, "SLDUA": NaN, "SLDLA": NaN, "ZCTA5A": NaN, "SUBMCDA": NaN, "SDELMA": NaN, "SDSECA": NaN, "SDUNIA": NaN, "NAME": "Census Tract 133.1", "SABINSA": NaN, "TOTPOP": 28960, "H7X001": 28960, "WHITE": 12514, "BLACK": 1778, "AIAN": 135, "ASIAN": 8424, "NHPI": 191, "H7X007": 4052, "H7X008": 1866, "H7Y001": 28960, "H7Y002": 16100, "HISP": 12860, "C_X": -1942966.8381356064, "C_Y": -329534.40945000085, "id": 1785}, {"boundary_node": true, "boundary_perim": 14782.220778064198, "area": 28496257.64328708, "STATEFP10": "06", "COUNTYFP10": "073", "TRACTCE10": "010014", "GEOID10": "06073010014", "NAME10": "100.14", "NAMELSAD10": "Census Tract 100.14", "MTFCC10": "G5020", "FUNCSTAT10": "S", "ALAND10": 28476694, "AWATER10": 19560, "INTPTLAT10": "+32.5754388", "INTPTLON10": "-116.9784514", "GISJOIN": "G0600730010014", "Shape_area": 28496257.6433, "Shape_len": 28962.5060394, "YEAR": 2010, "REGIONA": 4, "DIVISIONA": 9, "STATE": "California", "STATEA": 6, "COUNTY": "San Diego County", "COUNTYA": 73, "COUSUBA": NaN, "PLACEA": NaN, "TRACTA": 10014, "BLKGRPA": NaN, "BLOCKA": NaN, "CONCITA": NaN, "AIANHHA": NaN, "RES_ONLYA": NaN, "TRUSTA": NaN, "AITSCEA": NaN, "TTRACTA": NaN, "TBLKGRPA": NaN, "ANRCA": NaN, "CBSAA": 41740, "METDIVA": 99999, "CSAA": 999, "NECTAA": NaN, "NECTADIVA": NaN, "CNECTAA": NaN, "UAA": NaN, "URBRURALA": NaN, "CDA": NaN, "SLDUA": NaN, "SLDLA": NaN, "ZCTA5A": NaN, "SUBMCDA": NaN, "SDELMA": NaN, "SDSECA": NaN, "SDUNIA": NaN, "NAME": "Census Tract 100.14", "SABINSA": NaN, "TOTPOP": 17679, "H7X001": 17679, "WHITE": 6979, "BLACK": 2181, "AIAN": 136, "ASIAN": 3149, "NHPI": 46, "H7X007": 4377, "H7X008": 811, "H7Y001": 17679, "H7Y002": 8736, "HISP": 8943, "C_X": -1943416.752752134, "C_Y": -335067.7507499987, "id": 1786}, {"boundary_node": false, "area": 1698683.5385131454, "STATEFP10": "06", "COUNTYFP10": "073", "TRACTCE10": "013301", "GEOID10": "06073013301", "NAME10": "133.01", "NAMELSAD10": "Census Tract 133.01", "MTFCC10": "G5020", "FUNCSTAT10": "S", "ALAND10": 1698686, "AWATER10": 0, "INTPTLAT10": "+32.6238610", "INTPTLON10": "-117.0510608", "GISJOIN": "G0600730013301", "Shape_area": 1698683.53851, "Shape_len": 5432.86307399, "YEAR": 2010, "REGIONA": 4, "DIVISIONA": 9, "STATE": "California", "STATEA": 6, "COUNTY": "San Diego County", "COUNTYA": 73, "COUSUBA": NaN, "PLACEA": NaN, "TRACTA": 13301, "BLKGRPA": NaN, "BLOCKA": NaN, "CONCITA": NaN, "AIANHHA": NaN, "RES_ONLYA": NaN, "TRUSTA": NaN, "AITSCEA": NaN, "TTRACTA": NaN, "TBLKGRPA": NaN, "ANRCA": NaN, "CBSAA": 41740, "METDIVA": 99999, "CSAA": 999, "NECTAA": NaN, "NECTADIVA": NaN, "CNECTAA": NaN, "UAA": NaN, "URBRURALA": NaN, "CDA": NaN, "SLDUA": NaN, "SLDLA": NaN, "ZCTA5A": NaN, "SUBMCDA": NaN, "SDELMA": NaN, "SDSECA": NaN, "SDUNIA": NaN, "NAME": "Census Tract 133.01", "SABINSA": NaN, "TOTPOP": 5180, "H7X001": 5180, "WHITE": 3154, "BLACK": 139, "AIAN": 32, "ASIAN": 168, "NHPI": 59, "H7X007": 1285, "H7X008": 343, "H7Y001": 5180, "H7Y002": 1934, "HISP": 3246, "C_X": -1948211.5094729098, "C_Y": -328759.15529999975, "id": 1803}, {"boundary_node": true, "boundary_perim": 5395.342534725413, "area": 3043372.2559227264, "STATEFP10": "06", "COUNTYFP10": "073", "TRACTCE10": "012600", "GEOID10": "06073012600", "NAME10": "126", "NAMELSAD10": "Census Tract 126", "MTFCC10": "G5020", "FUNCSTAT10": "S", "ALAND10": 3043371, "AWATER10": 4112909, "INTPTLAT10": "+32.6205359", "INTPTLON10": "-117.1032969", "GISJOIN": "G0600730012600", "Shape_area": 3043372.25592, "Shape_len": 10840.3901861, "YEAR": 2010, "REGIONA": 4, "DIVISIONA": 9, "STATE": "California", "STATEA": 6, "COUNTY": "San Diego County", "COUNTYA": 73, "COUSUBA": NaN, "PLACEA": NaN, "TRACTA": 12600, "BLKGRPA": NaN, "BLOCKA": NaN, "CONCITA": NaN, "AIANHHA": NaN, "RES_ONLYA": NaN, "TRUSTA": NaN, "AITSCEA": NaN, "TTRACTA": NaN, "TBLKGRPA": NaN, "ANRCA": NaN, "CBSAA": 41740, "METDIVA": 99999, "CSAA": 999, "NECTAA": NaN, "NECTADIVA": NaN, "CNECTAA": NaN, "UAA": NaN, "URBRURALA": NaN, "CDA": NaN, "SLDUA": NaN, "SLDLA": NaN, "ZCTA5A": NaN, "SUBMCDA": NaN, "SDELMA": NaN, "SDSECA": NaN, "SDUNIA": NaN, "NAME": "Census Tract 126", "SABINSA": NaN, "TOTPOP": 5047, "H7X001": 5047, "WHITE": 2791, "BLACK": 178, "AIAN": 59, "ASIAN": 204, "NHPI": 25, "H7X007": 1558, "H7X008": 232, "H7Y001": 5047, "H7Y002": 1229, "HISP": 3818, "C_X": -1952187.4274328775, "C_Y": -327711.28919999977, "id": 1814}, {"boundary_node": true, "boundary_perim": 1009.4206625521574, "area": 1020901.719456817, "STATEFP10": "06", "COUNTYFP10": "073", "TRACTCE10": "011602", "GEOID10": "06073011602", "NAME10": "116.02", "NAMELSAD10": "Census Tract 116.02", "MTFCC10": "G5020", "FUNCSTAT10": "S", "ALAND10": 1006601, "AWATER10": 14300, "INTPTLAT10": "+32.6599903", "INTPTLON10": "-117.0941732", "GISJOIN": "G0600730011602", "Shape_area": 1020901.71946, "Shape_len": 5017.46764261, "YEAR": 2010, "REGIONA": 4, "DIVISIONA": 9, "STATE": "California", "STATEA": 6, "COUNTY": "San Diego County", "COUNTYA": 73, "COUSUBA": NaN, "PLACEA": NaN, "TRACTA": 11602, "BLKGRPA": NaN, "BLOCKA": NaN, "CONCITA": NaN, "AIANHHA": NaN, "RES_ONLYA": NaN, "TRUSTA": NaN, "AITSCEA": NaN, "TTRACTA": NaN, "TBLKGRPA": NaN, "ANRCA": NaN, "CBSAA": 41740, "METDIVA": 99999, "CSAA": 999, "NECTAA": NaN, "NECTADIVA": NaN, "CNECTAA": NaN, "UAA": NaN, "URBRURALA": NaN, "CDA": NaN, "SLDUA": NaN, "SLDLA": NaN, "ZCTA5A": NaN, "SUBMCDA": NaN, "SDELMA": NaN, "SDSECA": NaN, "SDUNIA": NaN, "NAME": "Census Tract 116.02", "SABINSA": NaN, "TOTPOP": 3228, "H7X001": 3228, "WHITE": 1276, "BLACK": 148, "AIAN": 27, "ASIAN": 257, "NHPI": 9, "H7X007": 1343, "H7X008": 168, "H7Y001": 3228, "H7Y002": 696, "HISP": 2532, "C_X": -1951456.6849989686, "C_Y": -324237.3953499992, "id": 1820}, {"boundary_node": false, "area": 2208269.0103858416, "STATEFP10": "06", "COUNTYFP10": "073", "TRACTCE10": "013416", "GEOID10": "06073013416", "NAME10": "134.16", "NAMELSAD10": "Census Tract 134.16", "MTFCC10": "G5020", "FUNCSTAT10": "S", "ALAND10": 2208269, "AWATER10": 0, "INTPTLAT10": "+32.6481404", "INTPTLON10": "-116.9935066", "GISJOIN": "G0600730013416", "Shape_area": 2208269.01039, "Shape_len": 6719.69535221, "YEAR": 2010, "REGIONA": 4, "DIVISIONA": 9, "STATE": "California", "STATEA": 6, "COUNTY": "San Diego County", "COUNTYA": 73, "COUSUBA": NaN, "PLACEA": NaN, "TRACTA": 13416, "BLKGRPA": NaN, "BLOCKA": NaN, "CONCITA": NaN, "AIANHHA": NaN, "RES_ONLYA": NaN, "TRUSTA": NaN, "AITSCEA": NaN, "TTRACTA": NaN, "TBLKGRPA": NaN, "ANRCA": NaN, "CBSAA": 41740, "METDIVA": 99999, "CSAA": 999, "NECTAA": NaN, "NECTADIVA": NaN, "CNECTAA": NaN, "UAA": NaN, "URBRURALA": NaN, "CDA": NaN, "SLDUA": NaN, "SLDLA": NaN, "ZCTA5A": NaN, "SUBMCDA": NaN, "SDELMA": NaN, "SDSECA": NaN, "SDUNIA": NaN, "NAME": "Census Tract 134.16", "SABINSA": NaN, "TOTPOP": 3780, "H7X001": 3780, "WHITE": 2339, "BLACK": 197, "AIAN": 36, "ASIAN": 448, "NHPI": 18, "H7X007": 495, "H7X008": 247, "H7Y001": 3780, "H7Y002": 2294, "HISP": 1486, "C_X": -1942627.9626965264, "C_Y": -327281.28700000094, "id": 1822}, {"boundary_node": false, "area": 1308213.6667671176, "STATEFP10": "06", "COUNTYFP10": "073", "TRACTCE10": "013307", "GEOID10": "06073013307", "NAME10": "133.07", "NAMELSAD10": "Census Tract 133.07", "MTFCC10": "G5020", "FUNCSTAT10": "S", "ALAND10": 1308212, "AWATER10": 0, "INTPTLAT10": "+32.5988025", "INTPTLON10": "-117.0502967", "GISJOIN": "G0600730013307", "Shape_area": 1308213.66677, "Shape_len": 4934.63121186, "YEAR": 2010, "REGIONA": 4, "DIVISIONA": 9, "STATE": "California", "STATEA": 6, "COUNTY": "San Diego County", "COUNTYA": 73, "COUSUBA": NaN, "PLACEA": NaN, "TRACTA": 13307, "BLKGRPA": NaN, "BLOCKA": NaN, "CONCITA": NaN, "AIANHHA": NaN, "RES_ONLYA": NaN, "TRUSTA": NaN, "AITSCEA": NaN, "TTRACTA": NaN, "TBLKGRPA": NaN, "ANRCA": NaN, "CBSAA": 41740, "METDIVA": 99999, "CSAA": 999, "NECTAA": NaN, "NECTADIVA": NaN, "CNECTAA": NaN, "UAA": NaN, "URBRURALA": NaN, "CDA": NaN, "SLDUA": NaN, "SLDLA": NaN, "ZCTA5A": NaN, "SUBMCDA": NaN, "SDELMA": NaN, "SDSECA": NaN, "SDUNIA": NaN, "NAME": "Census Tract 133.07", "SABINSA": NaN, "TOTPOP": 3966, "H7X001": 3966, "WHITE": 1997, "BLACK": 191, "AIAN": 30, "ASIAN": 375, "NHPI": 26, "H7X007": 1156, "H7X008": 191, "H7Y001": 3966, "H7Y002": 1137, "HISP": 2829, "C_X": -1948857.7021377739, "C_Y": -331552.39765000064, "id": 1826}, {"boundary_node": false, "area": 1609143.2810175384, "STATEFP10": "06", "COUNTYFP10": "073", "TRACTCE10": "013308", "GEOID10": "06073013308", "NAME10": "133.08", "NAMELSAD10": "Census Tract 133.08", "MTFCC10": "G5020", "FUNCSTAT10": "S", "ALAND10": 1609145, "AWATER10": 0, "INTPTLAT10": "+32.5917570", "INTPTLON10": "-117.0490687", "GISJOIN": "G0600730013308", "Shape_area": 1609143.28102, "Shape_len": 6415.71580016, "YEAR": 2010, "REGIONA": 4, "DIVISIONA": 9, "STATE": "California", "STATEA": 6, "COUNTY": "San Diego County", "COUNTYA": 73, "COUSUBA": NaN, "PLACEA": NaN, "TRACTA": 13308, "BLKGRPA": NaN, "BLOCKA": NaN, "CONCITA": NaN, "AIANHHA": NaN, "RES_ONLYA": NaN, "TRUSTA": NaN, "AITSCEA": NaN, "TTRACTA": NaN, "TBLKGRPA": NaN, "ANRCA": NaN, "CBSAA": 41740, "METDIVA": 99999, "CSAA": 999, "NECTAA": NaN, "NECTADIVA": NaN, "CNECTAA": NaN, "UAA": NaN, "URBRURALA": NaN, "CDA": NaN, "SLDUA": NaN, "SLDLA": NaN, "ZCTA5A": NaN, "SUBMCDA": NaN, "SDELMA": NaN, "SDSECA": NaN, "SDUNIA": NaN, "NAME": "Census Tract 133.08", "SABINSA": NaN, "TOTPOP": 3731, "H7X001": 3731, "WHITE": 1842, "BLACK": 162, "AIAN": 29, "ASIAN": 124, "NHPI": 23, "H7X007": 1354, "H7X008": 197, "H7Y001": 3731, "H7Y002": 670, "HISP": 3061, "C_X": -1948676.8510239474, "C_Y": -332279.6467499989, "id": 1829}, {"boundary_node": true, "boundary_perim": 3482.5518870485516, "area": 1763137.095553492, "STATEFP10": "06", "COUNTYFP10": "073", "TRACTCE10": "012200", "GEOID10": "06073012200", "NAME10": "122", "NAMELSAD10": "Census Tract 122", "MTFCC10": "G5020", "FUNCSTAT10": "S", "ALAND10": 1716472, "AWATER10": 46663, "INTPTLAT10": "+32.6639283", "INTPTLON10": "-117.0738536", "GISJOIN": "G0600730012200", "Shape_area": 1763137.09555, "Shape_len": 5921.01618257, "YEAR": 2010, "REGIONA": 4, "DIVISIONA": 9, "STATE": "California", "STATEA": 6, "COUNTY": "San Diego County", "COUNTYA": 73, "COUSUBA": NaN, "PLACEA": NaN, "TRACTA": 12200, "BLKGRPA": NaN, "BLOCKA": NaN, "CONCITA": NaN, "AIANHHA": NaN, "RES_ONLYA": NaN, "TRUSTA": NaN, "AITSCEA": NaN, "TTRACTA": NaN, "TBLKGRPA": NaN, "ANRCA": NaN, "CBSAA": 41740, "METDIVA": 99999, "CSAA": 999, "NECTAA": NaN, "NECTADIVA": NaN, "CNECTAA": NaN, "UAA": NaN, "URBRURALA": NaN, "CDA": NaN, "SLDUA": NaN, "SLDLA": NaN, "ZCTA5A": NaN, "SUBMCDA": NaN, "SDELMA": NaN, "SDSECA": NaN, "SDUNIA": NaN, "NAME": "Census Tract 122", "SABINSA": NaN, "TOTPOP": 3326, "H7X001": 3326, "WHITE": 1673, "BLACK": 79, "AIAN": 34, "ASIAN": 294, "NHPI": 37, "H7X007": 1066, "H7X008": 143, "H7Y001": 3326, "H7Y002": 962, "HISP": 2364, "C_X": -1949466.6089572008, "C_Y": -324028.6270500005, "id": 1853}, {"boundary_node": false, "area": 2476656.6709420327, "STATEFP10": "06", "COUNTYFP10": "073", "TRACTCE10": "013421", "GEOID10": "06073013421", "NAME10": "134.21", "NAMELSAD10": "Census Tract 134.21", "MTFCC10": "G5020", "FUNCSTAT10": "S", "ALAND10": 2476655, "AWATER10": 0, "INTPTLAT10": "+32.6453703", "INTPTLON10": "-117.0210214", "GISJOIN": "G0600730013421", "Shape_area": 2476656.67094, "Shape_len": 10233.5526952, "YEAR": 2010, "REGIONA": 4, "DIVISIONA": 9, "STATE": "California", "STATEA": 6, "COUNTY": "San Diego County", "COUNTYA": 73, "COUSUBA": NaN, "PLACEA": NaN, "TRACTA": 13421, "BLKGRPA": NaN, "BLOCKA": NaN, "CONCITA": NaN, "AIANHHA": NaN, "RES_ONLYA": NaN, "TRUSTA": NaN, "AITSCEA": NaN, "TTRACTA": NaN, "TBLKGRPA": NaN, "ANRCA": NaN, "CBSAA": 41740, "METDIVA": 99999, "CSAA": 999, "NECTAA": NaN, "NECTADIVA": NaN, "CNECTAA": NaN, "UAA": NaN, "URBRURALA": NaN, "CDA": NaN, "SLDUA": NaN, "SLDLA": NaN, "ZCTA5A": NaN, "SUBMCDA": NaN, "SDELMA": NaN, "SDSECA": NaN, "SDUNIA": NaN, "NAME": "Census Tract 134.21", "SABINSA": NaN, "TOTPOP": 4695, "H7X001": 4695, "WHITE": 2494, "BLACK": 195, "AIAN": 32, "ASIAN": 1147, "NHPI": 34, "H7X007": 554, "H7X008": 239, "H7Y001": 4695, "H7Y002": 2342, "HISP": 2353, "C_X": -1944659.5126220845, "C_Y": -327142.41329999873, "id": 1874}, {"boundary_node": true, "boundary_perim": 4917.710057317401, "area": 5572401.560267901, "STATEFP10": "06", "COUNTYFP10": "073", "TRACTCE10": "003207", "GEOID10": "06073003207", "NAME10": "32.07", "NAMELSAD10": "Census Tract 32.07", "MTFCC10": "G5020", "FUNCSTAT10": "S", "ALAND10": 5190538, "AWATER10": 381866, "INTPTLAT10": "+32.6716968", "INTPTLON10": "-117.0309545", "GISJOIN": "G0600730003207", "Shape_area": 5572401.56027, "Shape_len": 12159.679447, "YEAR": 2010, "REGIONA": 4, "DIVISIONA": 9, "STATE": "California", "STATEA": 6, "COUNTY": "San Diego County", "COUNTYA": 73, "COUSUBA": NaN, "PLACEA": NaN, "TRACTA": 3207, "BLKGRPA": NaN, "BLOCKA": NaN, "CONCITA": NaN, "AIANHHA": NaN, "RES_ONLYA": NaN, "TRUSTA": NaN, "AITSCEA": NaN, "TTRACTA": NaN, "TBLKGRPA": NaN, "ANRCA": NaN, "CBSAA": 41740, "METDIVA": 99999, "CSAA": 999, "NECTAA": NaN, "NECTADIVA": NaN, "CNECTAA": NaN, "UAA": NaN, "URBRURALA": NaN, "CDA": NaN, "SLDUA": NaN, "SLDLA": NaN, "ZCTA5A": NaN, "SUBMCDA": NaN, "SDELMA": NaN, "SDSECA": NaN, "SDUNIA": NaN, "NAME": "Census Tract 32.07", "SABINSA": NaN, "TOTPOP": 5890, "H7X001": 5890, "WHITE": 3508, "BLACK": 327, "AIAN": 58, "ASIAN": 642, "NHPI": 47, "H7X007": 961, "H7X008": 347, "H7Y001": 5890, "H7Y002": 3263, "HISP": 2627, "C_X": -1944961.68855285, "C_Y": -323722.7284000006, "id": 1884}, {"boundary_node": true, "boundary_perim": 8139.129867403775, "area": 21292952.097604774, "STATEFP10": "06", "COUNTYFP10": "073", "TRACTCE10": "013410", "GEOID10": "06073013410", "NAME10": "134.10", "NAMELSAD10": "Census Tract 134.10", "MTFCC10": "G5020", "FUNCSTAT10": "S", "ALAND10": 18743594, "AWATER10": 2549357, "INTPTLAT10": "+32.6833235", "INTPTLON10": "-116.9849399", "GISJOIN": "G0600730013410", "Shape_area": 21292952.0976, "Shape_len": 23801.9474582, "YEAR": 2010, "REGIONA": 4, "DIVISIONA": 9, "STATE": "California", "STATEA": 6, "COUNTY": "San Diego County", "COUNTYA": 73, "COUSUBA": NaN, "PLACEA": NaN, "TRACTA": 13410, "BLKGRPA": NaN, "BLOCKA": NaN, "CONCITA": NaN, "AIANHHA": NaN, "RES_ONLYA": NaN, "TRUSTA": NaN, "AITSCEA": NaN, "TTRACTA": NaN, "TBLKGRPA": NaN, "ANRCA": NaN, "CBSAA": 41740, "METDIVA": 99999, "CSAA": 999, "NECTAA": NaN, "NECTADIVA": NaN, "CNECTAA": NaN, "UAA": NaN, "URBRURALA": NaN, "CDA": NaN, "SLDUA": NaN, "SLDLA": NaN, "ZCTA5A": NaN, "SUBMCDA": NaN, "SDELMA": NaN, "SDSECA": NaN, "SDUNIA": NaN, "NAME": "Census Tract 134.10", "SABINSA": NaN, "TOTPOP": 7073, "H7X001": 7073, "WHITE": 3967, "BLACK": 307, "AIAN": 36, "ASIAN": 1344, "NHPI": 41, "H7X007": 909, "H7X008": 469, "H7Y001": 7073, "H7Y002": 4173, "HISP": 2900, "C_X": -1940875.4007260604, "C_Y": -323755.15844999976, "id": 1887}, {"boundary_node": false, "area": 1506864.8164511276, "STATEFP10": "06", "COUNTYFP10": "073", "TRACTCE10": "012401", "GEOID10": "06073012401", "NAME10": "124.01", "NAMELSAD10": "Census Tract 124.01", "MTFCC10": "G5020", "FUNCSTAT10": "S", "ALAND10": 1460917, "AWATER10": 45949, "INTPTLAT10": "+32.6511008", "INTPTLON10": "-117.0905516", "GISJOIN": "G0600730012401", "Shape_area": 1506864.81645, "Shape_len": 7475.21717069, "YEAR": 2010, "REGIONA": 4, "DIVISIONA": 9, "STATE": "California", "STATEA": 6, "COUNTY": "San Diego County", "COUNTYA": 73, "COUSUBA": NaN, "PLACEA": NaN, "TRACTA": 12401, "BLKGRPA": NaN, "BLOCKA": NaN, "CONCITA": NaN, "AIANHHA": NaN, "RES_ONLYA": NaN, "TRUSTA": NaN, "AITSCEA": NaN, "TTRACTA": NaN, "TBLKGRPA": NaN, "ANRCA": NaN, "CBSAA": 41740, "METDIVA": 99999, "CSAA": 999, "NECTAA": NaN, "NECTADIVA": NaN, "CNECTAA": NaN, "UAA": NaN, "URBRURALA": NaN, "CDA": NaN, "SLDUA": NaN, "SLDLA": NaN, "ZCTA5A": NaN, "SUBMCDA": NaN, "SDELMA": NaN, "SDSECA": NaN, "SDUNIA": NaN, "NAME": "Census Tract 124.01", "SABINSA": NaN, "TOTPOP": 3676, "H7X001": 3676, "WHITE": 1963, "BLACK": 249, "AIAN": 38, "ASIAN": 238, "NHPI": 10, "H7X007": 985, "H7X008": 193, "H7Y001": 3676, "H7Y002": 1209, "HISP": 2467, "C_X": -1950633.3930327175, "C_Y": -324835.9082999991, "id": 1888}, {"boundary_node": true, "boundary_perim": 21515.777564201162, "area": 76893777.16001695, "STATEFP10": "06", "COUNTYFP10": "073", "TRACTCE10": "021303", "GEOID10": "06073021303", "NAME10": "213.03", "NAMELSAD10": "Census Tract 213.03", "MTFCC10": "G5020", "FUNCSTAT10": "S", "ALAND10": 73969141, "AWATER10": 2924638, "INTPTLAT10": "+32.7210437", "INTPTLON10": "-116.9017298", "GISJOIN": "G0600730021303", "Shape_area": 76893777.16, "Shape_len": 54232.1535544, "YEAR": 2010, "REGIONA": 4, "DIVISIONA": 9, "STATE": "California", "STATEA": 6, "COUNTY": "San Diego County", "COUNTYA": 73, "COUSUBA": NaN, "PLACEA": NaN, "TRACTA": 21303, "BLKGRPA": NaN, "BLOCKA": NaN, "CONCITA": NaN, "AIANHHA": NaN, "RES_ONLYA": NaN, "TRUSTA": NaN, "AITSCEA": NaN, "TTRACTA": NaN, "TBLKGRPA": NaN, "ANRCA": NaN, "CBSAA": 41740, "METDIVA": 99999, "CSAA": 999, "NECTAA": NaN, "NECTADIVA": NaN, "CNECTAA": NaN, "UAA": NaN, "URBRURALA": NaN, "CDA": NaN, "SLDUA": NaN, "SLDLA": NaN, "ZCTA5A": NaN, "SUBMCDA": NaN, "SDELMA": NaN, "SDSECA": NaN, "SDUNIA": NaN, "NAME": "Census Tract 213.03", "SABINSA": NaN, "TOTPOP": 8981, "H7X001": 8981, "WHITE": 6503, "BLACK": 223, "AIAN": 40, "ASIAN": 1028, "NHPI": 11, "H7X007": 703, "H7X008": 473, "H7Y001": 8981, "H7Y002": 6384, "HISP": 2597, "C_X": -1932250.0271454828, "C_Y": -320818.82769999816, "id": 1891}, {"boundary_node": false, "area": 1986971.7444959572, "STATEFP10": "06", "COUNTYFP10": "073", "TRACTCE10": "013102", "GEOID10": "06073013102", "NAME10": "131.02", "NAMELSAD10": "Census Tract 131.02", "MTFCC10": "G5020", "FUNCSTAT10": "S", "ALAND10": 1986973, "AWATER10": 0, "INTPTLAT10": "+32.6166605", "INTPTLON10": "-117.0657271", "GISJOIN": "G0600730013102", "Shape_area": 1986971.7445, "Shape_len": 5655.1236218, "YEAR": 2010, "REGIONA": 4, "DIVISIONA": 9, "STATE": "California", "STATEA": 6, "COUNTY": "San Diego County", "COUNTYA": 73, "COUSUBA": NaN, "PLACEA": NaN, "TRACTA": 13102, "BLKGRPA": NaN, "BLOCKA": NaN, "CONCITA": NaN, "AIANHHA": NaN, "RES_ONLYA": NaN, "TRUSTA": NaN, "AITSCEA": NaN, "TTRACTA": NaN, "TBLKGRPA": NaN, "ANRCA": NaN, "CBSAA": 41740, "METDIVA": 99999, "CSAA": 999, "NECTAA": NaN, "NECTADIVA": NaN, "CNECTAA": NaN, "UAA": NaN, "URBRURALA": NaN, "CDA": NaN, "SLDUA": NaN, "SLDLA": NaN, "ZCTA5A": NaN, "SUBMCDA": NaN, "SDELMA": NaN, "SDSECA": NaN, "SDUNIA": NaN, "NAME": "Census Tract 131.02", "SABINSA": NaN, "TOTPOP": 6487, "H7X001": 6487, "WHITE": 3562, "BLACK": 316, "AIAN": 89, "ASIAN": 225, "NHPI": 44, "H7X007": 1935, "H7X008": 316, "H7Y001": 6487, "H7Y002": 1595, "HISP": 4892, "C_X": -1949775.4273470792, "C_Y": -329283.27880000137, "id": 1900}, {"boundary_node": false, "area": 1400884.391105, "STATEFP10": "06", "COUNTYFP10": "073", "TRACTCE10": "013302", "GEOID10": "06073013302", "NAME10": "133.02", "NAMELSAD10": "Census Tract 133.02", "MTFCC10": "G5020", "FUNCSTAT10": "S", "ALAND10": 1400883, "AWATER10": 0, "INTPTLAT10": "+32.6155251", "INTPTLON10": "-117.0486610", "GISJOIN": "G0600730013302", "Shape_area": 1400884.3911, "Shape_len": 5584.24381153, "YEAR": 2010, "REGIONA": 4, "DIVISIONA": 9, "STATE": "California", "STATEA": 6, "COUNTY": "San Diego County", "COUNTYA": 73, "COUSUBA": NaN, "PLACEA": NaN, "TRACTA": 13302, "BLKGRPA": NaN, "BLOCKA": NaN, "CONCITA": NaN, "AIANHHA": NaN, "RES_ONLYA": NaN, "TRUSTA": NaN, "AITSCEA": NaN, "TTRACTA": NaN, "TBLKGRPA": NaN, "ANRCA": NaN, "CBSAA": 41740, "METDIVA": 99999, "CSAA": 999, "NECTAA": NaN, "NECTADIVA": NaN, "CNECTAA": NaN, "UAA": NaN, "URBRURALA": NaN, "CDA": NaN, "SLDUA": NaN, "SLDLA": NaN, "ZCTA5A": NaN, "SUBMCDA": NaN, "SDELMA": NaN, "SDSECA": NaN, "SDUNIA": NaN, "NAME": "Census Tract 133.02", "SABINSA": NaN, "TOTPOP": 4933, "H7X001": 4933, "WHITE": 2840, "BLACK": 96, "AIAN": 65, "ASIAN": 282, "NHPI": 40, "H7X007": 1347, "H7X008": 263, "H7Y001": 4933, "H7Y002": 1538, "HISP": 3395, "C_X": -1948133.3817458674, "C_Y": -329705.4056500001, "id": 1901}, {"boundary_node": false, "area": 461089.6167629471, "STATEFP10": "06", "COUNTYFP10": "073", "TRACTCE10": "012501", "GEOID10": "06073012501", "NAME10": "125.01", "NAMELSAD10": "Census Tract 125.01", "MTFCC10": "G5020", "FUNCSTAT10": "S", "ALAND10": 461087, "AWATER10": 0, "INTPTLAT10": "+32.6335939", "INTPTLON10": "-117.0936978", "GISJOIN": "G0600730012501", "Shape_area": 461089.616763, "Shape_len": 2758.0800391, "YEAR": 2010, "REGIONA": 4, "DIVISIONA": 9, "STATE": "California", "STATEA": 6, "COUNTY": "San Diego County", "COUNTYA": 73, "COUSUBA": NaN, "PLACEA": NaN, "TRACTA": 12501, "BLKGRPA": NaN, "BLOCKA": NaN, "CONCITA": NaN, "AIANHHA": NaN, "RES_ONLYA": NaN, "TRUSTA": NaN, "AITSCEA": NaN, "TTRACTA": NaN, "TBLKGRPA": NaN, "ANRCA": NaN, "CBSAA": 41740, "METDIVA": 99999, "CSAA": 999, "NECTAA": NaN, "NECTADIVA": NaN, "CNECTAA": NaN, "UAA": NaN, "URBRURALA": NaN, "CDA": NaN, "SLDUA": NaN, "SLDLA": NaN, "ZCTA5A": NaN, "SUBMCDA": NaN, "SDELMA": NaN, "SDSECA": NaN, "SDUNIA": NaN, "NAME": "Census Tract 125.01", "SABINSA": NaN, "TOTPOP": 3858, "H7X001": 3858, "WHITE": 2020, "BLACK": 251, "AIAN": 33, "ASIAN": 292, "NHPI": 9, "H7X007": 1051, "H7X008": 202, "H7Y001": 3858, "H7Y002": 1129, "HISP": 2729, "C_X": -1951905.291422029, "C_Y": -326852.8133499988, "id": 1905}, {"boundary_node": false, "area": 4770291.85284391, "STATEFP10": "06", "COUNTYFP10": "073", "TRACTCE10": "013411", "GEOID10": "06073013411", "NAME10": "134.11", "NAMELSAD10": "Census Tract 134.11", "MTFCC10": "G5020", "FUNCSTAT10": "S", "ALAND10": 4770291, "AWATER10": 0, "INTPTLAT10": "+32.6602275", "INTPTLON10": "-117.0130151", "GISJOIN": "G0600730013411", "Shape_area": 4770291.85284, "Shape_len": 9614.25824952, "YEAR": 2010, "REGIONA": 4, "DIVISIONA": 9, "STATE": "California", "STATEA": 6, "COUNTY": "San Diego County", "COUNTYA": 73, "COUSUBA": NaN, "PLACEA": NaN, "TRACTA": 13411, "BLKGRPA": NaN, "BLOCKA": NaN, "CONCITA": NaN, "AIANHHA": NaN, "RES_ONLYA": NaN, "TRUSTA": NaN, "AITSCEA": NaN, "TTRACTA": NaN, "TBLKGRPA": NaN, "ANRCA": NaN, "CBSAA": 41740, "METDIVA": 99999, "CSAA": 999, "NECTAA": NaN, "NECTADIVA": NaN, "CNECTAA": NaN, "UAA": NaN, "URBRURALA": NaN, "CDA": NaN, "SLDUA": NaN, "SLDLA": NaN, "ZCTA5A": NaN, "SUBMCDA": NaN, "SDELMA": NaN, "SDSECA": NaN, "SDUNIA": NaN, "NAME": "Census Tract 134.11", "SABINSA": NaN, "TOTPOP": 4999, "H7X001": 4999, "WHITE": 3370, "BLACK": 128, "AIAN": 32, "ASIAN": 650, "NHPI": 30, "H7X007": 527, "H7X008": 262, "H7Y001": 4999, "H7Y002": 2968, "HISP": 2031, "C_X": -1944034.4570130492, "C_Y": -325729.0693999992, "id": 1938}, {"boundary_node": true, "boundary_perim": 18598.68239675497, "area": 6038248.09353666, "STATEFP10": "06", "COUNTYFP10": "073", "TRACTCE10": "021900", "GEOID10": "06073021900", "NAME10": "219", "NAMELSAD10": "Census Tract 219", "MTFCC10": "G5020", "FUNCSTAT10": "S", "ALAND10": 5978354, "AWATER10": 4662866, "INTPTLAT10": "+32.6564826", "INTPTLON10": "-117.1150589", "GISJOIN": "G0600730021900", "Shape_area": 6038248.09354, "Shape_len": 23130.7405859, "YEAR": 2010, "REGIONA": 4, "DIVISIONA": 9, "STATE": "California", "STATEA": 6, "COUNTY": "San Diego County", "COUNTYA": 73, "COUSUBA": NaN, "PLACEA": NaN, "TRACTA": 21900, "BLKGRPA": NaN, "BLOCKA": NaN, "CONCITA": NaN, "AIANHHA": NaN, "RES_ONLYA": NaN, "TRUSTA": NaN, "AITSCEA": NaN, "TTRACTA": NaN, "TBLKGRPA": NaN, "ANRCA": NaN, "CBSAA": 41740, "METDIVA": 99999, "CSAA": 999, "NECTAA": NaN, "NECTADIVA": NaN, "CNECTAA": NaN, "UAA": NaN, "URBRURALA": NaN, "CDA": NaN, "SLDUA": NaN, "SLDLA": NaN, "ZCTA5A": NaN, "SUBMCDA": NaN, "SDELMA": NaN, "SDSECA": NaN, "SDUNIA": NaN, "NAME": "Census Tract 219", "SABINSA": NaN, "TOTPOP": 6816, "H7X001": 6816, "WHITE": 3791, "BLACK": 969, "AIAN": 115, "ASIAN": 580, "NHPI": 43, "H7X007": 972, "H7X008": 346, "H7Y001": 6816, "H7Y002": 4309, "HISP": 2507, "C_X": -1952714.4310674546, "C_Y": -323248.7958999984, "id": 1976}, {"boundary_node": false, "area": 1328746.8125462676, "STATEFP10": "06", "COUNTYFP10": "073", "TRACTCE10": "013306", "GEOID10": "06073013306", "NAME10": "133.06", "NAMELSAD10": "Census Tract 133.06", "MTFCC10": "G5020", "FUNCSTAT10": "S", "ALAND10": 1328747, "AWATER10": 0, "INTPTLAT10": "+32.6036598", "INTPTLON10": "-117.0400229", "GISJOIN": "G0600730013306", "Shape_area": 1328746.81255, "Shape_len": 5666.98570685, "YEAR": 2010, "REGIONA": 4, "DIVISIONA": 9, "STATE": "California", "STATEA": 6, "COUNTY": "San Diego County", "COUNTYA": 73, "COUSUBA": NaN, "PLACEA": NaN, "TRACTA": 13306, "BLKGRPA": NaN, "BLOCKA": NaN, "CONCITA": NaN, "AIANHHA": NaN, "RES_ONLYA": NaN, "TRUSTA": NaN, "AITSCEA": NaN, "TTRACTA": NaN, "TBLKGRPA": NaN, "ANRCA": NaN, "CBSAA": 41740, "METDIVA": 99999, "CSAA": 999, "NECTAA": NaN, "NECTADIVA": NaN, "CNECTAA": NaN, "UAA": NaN, "URBRURALA": NaN, "CDA": NaN, "SLDUA": NaN, "SLDLA": NaN, "ZCTA5A": NaN, "SUBMCDA": NaN, "SDELMA": NaN, "SDSECA": NaN, "SDUNIA": NaN, "NAME": "Census Tract 133.06", "SABINSA": NaN, "TOTPOP": 4773, "H7X001": 4773, "WHITE": 2727, "BLACK": 201, "AIAN": 47, "ASIAN": 367, "NHPI": 43, "H7X007": 1143, "H7X008": 245, "H7Y001": 4773, "H7Y002": 1495, "HISP": 3278, "C_X": -1947831.3344230219, "C_Y": -331191.1479999996, "id": 9304}, {"boundary_node": false, "area": 853316.2483206522, "STATEFP10": "06", "COUNTYFP10": "073", "TRACTCE10": "013312", "GEOID10": "06073013312", "NAME10": "133.12", "NAMELSAD10": "Census Tract 133.12", "MTFCC10": "G5020", "FUNCSTAT10": "S", "ALAND10": 853317, "AWATER10": 0, "INTPTLAT10": "+32.6009941", "INTPTLON10": "-117.0326038", "GISJOIN": "G0600730013312", "Shape_area": 853316.248321, "Shape_len": 4230.60580728, "YEAR": 2010, "REGIONA": 4, "DIVISIONA": 9, "STATE": "California", "STATEA": 6, "COUNTY": "San Diego County", "COUNTYA": 73, "COUSUBA": NaN, "PLACEA": NaN, "TRACTA": 13312, "BLKGRPA": NaN, "BLOCKA": NaN, "CONCITA": NaN, "AIANHHA": NaN, "RES_ONLYA": NaN, "TRUSTA": NaN, "AITSCEA": NaN, "TTRACTA": NaN, "TBLKGRPA": NaN, "ANRCA": NaN, "CBSAA": 41740, "METDIVA": 99999, "CSAA": 999, "NECTAA": NaN, "NECTADIVA": NaN, "CNECTAA": NaN, "UAA": NaN, "URBRURALA": NaN, "CDA": NaN, "SLDUA": NaN, "SLDLA": NaN, "ZCTA5A": NaN, "SUBMCDA": NaN, "SDELMA": NaN, "SDSECA": NaN, "SDUNIA": NaN, "NAME": "Census Tract 133.12", "SABINSA": NaN, "TOTPOP": 2853, "H7X001": 2853, "WHITE": 1627, "BLACK": 89, "AIAN": 29, "ASIAN": 161, "NHPI": 19, "H7X007": 691, "H7X008": 237, "H7Y001": 2853, "H7Y002": 861, "HISP": 1992, "C_X": -1947158.5226693363, "C_Y": -331676.85829999973, "id": 9360}, {"boundary_node": true, "boundary_perim": 846.827599885496, "area": 1956716.1367877694, "STATEFP10": "06", "COUNTYFP10": "073", "TRACTCE10": "013103", "GEOID10": "06073013103", "NAME10": "131.03", "NAMELSAD10": "Census Tract 131.03", "MTFCC10": "G5020", "FUNCSTAT10": "S", "ALAND10": 1769622, "AWATER10": 190418, "INTPTLAT10": "+32.6092325", "INTPTLON10": "-117.0887814", "GISJOIN": "G0600730013103", "Shape_area": 1956716.13679, "Shape_len": 6646.17251508, "YEAR": 2010, "REGIONA": 4, "DIVISIONA": 9, "STATE": "California", "STATEA": 6, "COUNTY": "San Diego County", "COUNTYA": 73, "COUSUBA": NaN, "PLACEA": NaN, "TRACTA": 13103, "BLKGRPA": NaN, "BLOCKA": NaN, "CONCITA": NaN, "AIANHHA": NaN, "RES_ONLYA": NaN, "TRUSTA": NaN, "AITSCEA": NaN, "TTRACTA": NaN, "TBLKGRPA": NaN, "ANRCA": NaN, "CBSAA": 41740, "METDIVA": 99999, "CSAA": 999, "NECTAA": NaN, "NECTADIVA": NaN, "CNECTAA": NaN, "UAA": NaN, "URBRURALA": NaN, "CDA": NaN, "SLDUA": NaN, "SLDLA": NaN, "ZCTA5A": NaN, "SUBMCDA": NaN, "SDELMA": NaN, "SDSECA": NaN, "SDUNIA": NaN, "NAME": "Census Tract 131.03", "SABINSA": NaN, "TOTPOP": 2668, "H7X001": 2668, "WHITE": 1537, "BLACK": 71, "AIAN": 14, "ASIAN": 89, "NHPI": 37, "H7X007": 808, "H7X008": 112, "H7Y001": 2668, "H7Y002": 540, "HISP": 2128, "C_X": -1952143.843678492, "C_Y": -329635.15165000036, "id": 9362}, {"boundary_node": false, "area": 1034930.4758661089, "STATEFP10": "06", "COUNTYFP10": "073", "TRACTCE10": "012800", "GEOID10": "06073012800", "NAME10": "128", "NAMELSAD10": "Census Tract 128", "MTFCC10": "G5020", "FUNCSTAT10": "S", "ALAND10": 1034932, "AWATER10": 0, "INTPTLAT10": "+32.6358462", "INTPTLON10": "-117.0709931", "GISJOIN": "G0600730012800", "Shape_area": 1034930.47587, "Shape_len": 4334.62047912, "YEAR": 2010, "REGIONA": 4, "DIVISIONA": 9, "STATE": "California", "STATEA": 6, "COUNTY": "San Diego County", "COUNTYA": 73, "COUSUBA": NaN, "PLACEA": NaN, "TRACTA": 12800, "BLKGRPA": NaN, "BLOCKA": NaN, "CONCITA": NaN, "AIANHHA": NaN, "RES_ONLYA": NaN, "TRUSTA": NaN, "AITSCEA": NaN, "TTRACTA": NaN, "TBLKGRPA": NaN, "ANRCA": NaN, "CBSAA": 41740, "METDIVA": 99999, "CSAA": 999, "NECTAA": NaN, "NECTADIVA": NaN, "CNECTAA": NaN, "UAA": NaN, "URBRURALA": NaN, "CDA": NaN, "SLDUA": NaN, "SLDLA": NaN, "ZCTA5A": NaN, "SUBMCDA": NaN, "SDELMA": NaN, "SDSECA": NaN, "SDUNIA": NaN, "NAME": "Census Tract 128", "SABINSA": NaN, "TOTPOP": 3913, "H7X001": 3913, "WHITE": 2563, "BLACK": 104, "AIAN": 28, "ASIAN": 187, "NHPI": 24, "H7X007": 814, "H7X008": 193, "H7Y001": 3913, "H7Y002": 1500, "HISP": 2413, "C_X": -1949782.2883984735, "C_Y": -327093.37314999825, "id": 9363}, {"boundary_node": true, "boundary_perim": 9126.038906857138, "area": 3583921.222528984, "STATEFP10": "06", "COUNTYFP10": "073", "TRACTCE10": "010103", "GEOID10": "06073010103", "NAME10": "101.03", "NAMELSAD10": "Census Tract 101.03", "MTFCC10": "G5020", "FUNCSTAT10": "S", "ALAND10": 3142946, "AWATER10": 2693099, "INTPTLAT10": "+32.5996184", "INTPTLON10": "-117.0958327", "GISJOIN": "G0600730010103", "Shape_area": 3583921.22253, "Shape_len": 12356.6441384, "YEAR": 2010, "REGIONA": 4, "DIVISIONA": 9, "STATE": "California", "STATEA": 6, "COUNTY": "San Diego County", "COUNTYA": 73, "COUSUBA": NaN, "PLACEA": NaN, "TRACTA": 10103, "BLKGRPA": NaN, "BLOCKA": NaN, "CONCITA": NaN, "AIANHHA": NaN, "RES_ONLYA": NaN, "TRUSTA": NaN, "AITSCEA": NaN, "TTRACTA": NaN, "TBLKGRPA": NaN, "ANRCA": NaN, "CBSAA": 41740, "METDIVA": 99999, "CSAA": 999, "NECTAA": NaN, "NECTADIVA": NaN, "CNECTAA": NaN, "UAA": NaN, "URBRURALA": NaN, "CDA": NaN, "SLDUA": NaN, "SLDLA": NaN, "ZCTA5A": NaN, "SUBMCDA": NaN, "SDELMA": NaN, "SDSECA": NaN, "SDUNIA": NaN, "NAME": "Census Tract 101.03", "SABINSA": NaN, "TOTPOP": 5569, "H7X001": 5569, "WHITE": 3293, "BLACK": 205, "AIAN": 46, "ASIAN": 269, "NHPI": 8, "H7X007": 1476, "H7X008": 272, "H7Y001": 5569, "H7Y002": 1375, "HISP": 4194, "C_X": -1953249.1551245723, "C_Y": -331464.4936499987, "id": 9371}, {"boundary_node": false, "area": 1115935.678803554, "STATEFP10": "06", "COUNTYFP10": "073", "TRACTCE10": "013203", "GEOID10": "06073013203", "NAME10": "132.03", "NAMELSAD10": "Census Tract 132.03", "MTFCC10": "G5020", "FUNCSTAT10": "S", "ALAND10": 1115935, "AWATER10": 0, "INTPTLAT10": "+32.6067804", "INTPTLON10": "-117.0642137", "GISJOIN": "G0600730013203", "Shape_area": 1115935.6788, "Shape_len": 4401.71161651, "YEAR": 2010, "REGIONA": 4, "DIVISIONA": 9, "STATE": "California", "STATEA": 6, "COUNTY": "San Diego County", "COUNTYA": 73, "COUSUBA": NaN, "PLACEA": NaN, "TRACTA": 13203, "BLKGRPA": NaN, "BLOCKA": NaN, "CONCITA": NaN, "AIANHHA": NaN, "RES_ONLYA": NaN, "TRUSTA": NaN, "AITSCEA": NaN, "TTRACTA": NaN, "TBLKGRPA": NaN, "ANRCA": NaN, "CBSAA": 41740, "METDIVA": 99999, "CSAA": 999, "NECTAA": NaN, "NECTADIVA": NaN, "CNECTAA": NaN, "UAA": NaN, "URBRURALA": NaN, "CDA": NaN, "SLDUA": NaN, "SLDLA": NaN, "ZCTA5A": NaN, "SUBMCDA": NaN, "SDELMA": NaN, "SDSECA": NaN, "SDUNIA": NaN, "NAME": "Census Tract 132.03", "SABINSA": NaN, "TOTPOP": 6464, "H7X001": 6464, "WHITE": 3561, "BLACK": 237, "AIAN": 46, "ASIAN": 456, "NHPI": 32, "H7X007": 1867, "H7X008": 265, "H7Y001": 6464, "H7Y002": 1319, "HISP": 5145, "C_X": -1949866.1296745646, "C_Y": -330450.8291000007, "id": 9376}, {"boundary_node": false, "area": 1372427.9614364754, "STATEFP10": "06", "COUNTYFP10": "073", "TRACTCE10": "012900", "GEOID10": "06073012900", "NAME10": "129", "NAMELSAD10": "Census Tract 129", "MTFCC10": "G5020", "FUNCSTAT10": "S", "ALAND10": 1372428, "AWATER10": 0, "INTPTLAT10": "+32.6274203", "INTPTLON10": "-117.0676039", "GISJOIN": "G0600730012900", "Shape_area": 1372427.96144, "Shape_len": 5182.88770617, "YEAR": 2010, "REGIONA": 4, "DIVISIONA": 9, "STATE": "California", "STATEA": 6, "COUNTY": "San Diego County", "COUNTYA": 73, "COUSUBA": NaN, "PLACEA": NaN, "TRACTA": 12900, "BLKGRPA": NaN, "BLOCKA": NaN, "CONCITA": NaN, "AIANHHA": NaN, "RES_ONLYA": NaN, "TRUSTA": NaN, "AITSCEA": NaN, "TTRACTA": NaN, "TBLKGRPA": NaN, "ANRCA": NaN, "CBSAA": 41740, "METDIVA": 99999, "CSAA": 999, "NECTAA": NaN, "NECTADIVA": NaN, "CNECTAA": NaN, "UAA": NaN, "URBRURALA": NaN, "CDA": NaN, "SLDUA": NaN, "SLDLA": NaN, "ZCTA5A": NaN, "SUBMCDA": NaN, "SDELMA": NaN, "SDSECA": NaN, "SDUNIA": NaN, "NAME": "Census Tract 129", "SABINSA": NaN, "TOTPOP": 3374, "H7X001": 3374, "WHITE": 2400, "BLACK": 68, "AIAN": 20, "ASIAN": 110, "NHPI": 9, "H7X007": 622, "H7X008": 145, "H7Y001": 3374, "H7Y002": 1490, "HISP": 1884, "C_X": -1949683.552205436, "C_Y": -328051.37714999984, "id": 9377}, {"boundary_node": false, "area": 17570736.568766546, "STATEFP10": "06", "COUNTYFP10": "073", "TRACTCE10": "013314", "GEOID10": "06073013314", "NAME10": "133.14", "NAMELSAD10": "Census Tract 133.14", "MTFCC10": "G5020", "FUNCSTAT10": "S", "ALAND10": 15894984, "AWATER10": 1675758, "INTPTLAT10": "+32.6100121", "INTPTLON10": "-116.9557609", "GISJOIN": "G0600730013314", "Shape_area": 17570736.5688, "Shape_len": 21110.4726622, "YEAR": 2010, "REGIONA": 4, "DIVISIONA": 9, "STATE": "California", "STATEA": 6, "COUNTY": "San Diego County", "COUNTYA": 73, "COUSUBA": NaN, "PLACEA": NaN, "TRACTA": 13314, "BLKGRPA": NaN, "BLOCKA": NaN, "CONCITA": NaN, "AIANHHA": NaN, "RES_ONLYA": NaN, "TRUSTA": NaN, "AITSCEA": NaN, "TTRACTA": NaN, "TBLKGRPA": NaN, "ANRCA": NaN, "CBSAA": 41740, "METDIVA": 99999, "CSAA": 999, "NECTAA": NaN, "NECTADIVA": NaN, "CNECTAA": NaN, "UAA": NaN, "URBRURALA": NaN, "CDA": NaN, "SLDUA": NaN, "SLDLA": NaN, "ZCTA5A": NaN, "SUBMCDA": NaN, "SDELMA": NaN, "SDSECA": NaN, "SDUNIA": NaN, "NAME": "Census Tract 133.14", "SABINSA": NaN, "TOTPOP": 14837, "H7X001": 14837, "WHITE": 7093, "BLACK": 864, "AIAN": 102, "ASIAN": 3767, "NHPI": 66, "H7X007": 1836, "H7X008": 1109, "H7Y001": 14837, "H7Y002": 8176, "HISP": 6661, "C_X": -1939038.4764525928, "C_Y": -331247.95350000006, "id": 9378}, {"boundary_node": false, "area": 387317.1374454578, "STATEFP10": "06", "COUNTYFP10": "073", "TRACTCE10": "012302", "GEOID10": "06073012302", "NAME10": "123.02", "NAMELSAD10": "Census Tract 123.02", "MTFCC10": "G5020", "FUNCSTAT10": "S", "ALAND10": 387315, "AWATER10": 0, "INTPTLAT10": "+32.6409446", "INTPTLON10": "-117.0802930", "GISJOIN": "G0600730012302", "Shape_area": 387317.137445, "Shape_len": 2826.51680781, "YEAR": 2010, "REGIONA": 4, "DIVISIONA": 9, "STATE": "California", "STATEA": 6, "COUNTY": "San Diego County", "COUNTYA": 73, "COUSUBA": NaN, "PLACEA": NaN, "TRACTA": 12302, "BLKGRPA": NaN, "BLOCKA": NaN, "CONCITA": NaN, "AIANHHA": NaN, "RES_ONLYA": NaN, "TRUSTA": NaN, "AITSCEA": NaN, "TTRACTA": NaN, "TBLKGRPA": NaN, "ANRCA": NaN, "CBSAA": 41740, "METDIVA": 99999, "CSAA": 999, "NECTAA": NaN, "NECTADIVA": NaN, "CNECTAA": NaN, "UAA": NaN, "URBRURALA": NaN, "CDA": NaN, "SLDUA": NaN, "SLDLA": NaN, "ZCTA5A": NaN, "SUBMCDA": NaN, "SDELMA": NaN, "SDSECA": NaN, "SDUNIA": NaN, "NAME": "Census Tract 123.02", "SABINSA": NaN, "TOTPOP": 1586, "H7X001": 1586, "WHITE": 1011, "BLACK": 71, "AIAN": 13, "ASIAN": 128, "NHPI": 7, "H7X007": 264, "H7X008": 92, "H7Y001": 1586, "H7Y002": 584, "HISP": 1002, "C_X": -1950461.6079964177, "C_Y": -326299.8829999999, "id": 9380}, {"boundary_node": false, "area": 2868958.1646698224, "STATEFP10": "06", "COUNTYFP10": "073", "TRACTCE10": "013414", "GEOID10": "06073013414", "NAME10": "134.14", "NAMELSAD10": "Census Tract 134.14", "MTFCC10": "G5020", "FUNCSTAT10": "S", "ALAND10": 2868963, "AWATER10": 0, "INTPTLAT10": "+32.6311503", "INTPTLON10": "-117.0127578", "GISJOIN": "G0600730013414", "Shape_area": 2868958.16467, "Shape_len": 7244.64688438, "YEAR": 2010, "REGIONA": 4, "DIVISIONA": 9, "STATE": "California", "STATEA": 6, "COUNTY": "San Diego County", "COUNTYA": 73, "COUSUBA": NaN, "PLACEA": NaN, "TRACTA": 13414, "BLKGRPA": NaN, "BLOCKA": NaN, "CONCITA": NaN, "AIANHHA": NaN, "RES_ONLYA": NaN, "TRUSTA": NaN, "AITSCEA": NaN, "TTRACTA": NaN, "TBLKGRPA": NaN, "ANRCA": NaN, "CBSAA": 41740, "METDIVA": 99999, "CSAA": 999, "NECTAA": NaN, "NECTADIVA": NaN, "CNECTAA": NaN, "UAA": NaN, "URBRURALA": NaN, "CDA": NaN, "SLDUA": NaN, "SLDLA": NaN, "ZCTA5A": NaN, "SUBMCDA": NaN, "SDELMA": NaN, "SDSECA": NaN, "SDUNIA": NaN, "NAME": "Census Tract 134.14", "SABINSA": NaN, "TOTPOP": 7227, "H7X001": 7227, "WHITE": 3941, "BLACK": 275, "AIAN": 47, "ASIAN": 1319, "NHPI": 38, "H7X007": 1150, "H7X008": 457, "H7Y001": 7227, "H7Y002": 3550, "HISP": 3677, "C_X": -1944512.1427419432, "C_Y": -328689.0388999998, "id": 9381}, {"boundary_node": false, "area": 1769965.280134682, "STATEFP10": "06", "COUNTYFP10": "073", "TRACTCE10": "013205", "GEOID10": "06073013205", "NAME10": "132.05", "NAMELSAD10": "Census Tract 132.05", "MTFCC10": "G5020", "FUNCSTAT10": "S", "ALAND10": 1765479, "AWATER10": 4485, "INTPTLAT10": "+32.5966578", "INTPTLON10": "-117.0802103", "GISJOIN": "G0600730013205", "Shape_area": 1769965.28013, "Shape_len": 5699.77575861, "YEAR": 2010, "REGIONA": 4, "DIVISIONA": 9, "STATE": "California", "STATEA": 6, "COUNTY": "San Diego County", "COUNTYA": 73, "COUSUBA": NaN, "PLACEA": NaN, "TRACTA": 13205, "BLKGRPA": NaN, "BLOCKA": NaN, "CONCITA": NaN, "AIANHHA": NaN, "RES_ONLYA": NaN, "TRUSTA": NaN, "AITSCEA": NaN, "TTRACTA": NaN, "TBLKGRPA": NaN, "ANRCA": NaN, "CBSAA": 41740, "METDIVA": 99999, "CSAA": 999, "NECTAA": NaN, "NECTADIVA": NaN, "CNECTAA": NaN, "UAA": NaN, "URBRURALA": NaN, "CDA": NaN, "SLDUA": NaN, "SLDLA": NaN, "ZCTA5A": NaN, "SUBMCDA": NaN, "SDELMA": NaN, "SDSECA": NaN, "SDUNIA": NaN, "NAME": "Census Tract 132.05", "SABINSA": NaN, "TOTPOP": 2381, "H7X001": 2381, "WHITE": 1382, "BLACK": 85, "AIAN": 24, "ASIAN": 73, "NHPI": 8, "H7X007": 740, "H7X008": 69, "H7Y001": 2381, "H7Y002": 340, "HISP": 2041, "C_X": -1951811.8286226736, "C_Y": -331010.5257000008, "id": 9382}, {"boundary_node": false, "area": 2322791.498169894, "STATEFP10": "06", "COUNTYFP10": "073", "TRACTCE10": "013401", "GEOID10": "06073013401", "NAME10": "134.01", "NAMELSAD10": "Census Tract 134.01", "MTFCC10": "G5020", "FUNCSTAT10": "S", "ALAND10": 2322791, "AWATER10": 0, "INTPTLAT10": "+32.6353409", "INTPTLON10": "-117.0562074", "GISJOIN": "G0600730013401", "Shape_area": 2322791.49817, "Shape_len": 7093.5731258, "YEAR": 2010, "REGIONA": 4, "DIVISIONA": 9, "STATE": "California", "STATEA": 6, "COUNTY": "San Diego County", "COUNTYA": 73, "COUSUBA": NaN, "PLACEA": NaN, "TRACTA": 13401, "BLKGRPA": NaN, "BLOCKA": NaN, "CONCITA": NaN, "AIANHHA": NaN, "RES_ONLYA": NaN, "TRUSTA": NaN, "AITSCEA": NaN, "TTRACTA": NaN, "TBLKGRPA": NaN, "ANRCA": NaN, "CBSAA": 41740, "METDIVA": 99999, "CSAA": 999, "NECTAA": NaN, "NECTADIVA": NaN, "CNECTAA": NaN, "UAA": NaN, "URBRURALA": NaN, "CDA": NaN, "SLDUA": NaN, "SLDLA": NaN, "ZCTA5A": NaN, "SUBMCDA": NaN, "SDELMA": NaN, "SDSECA": NaN, "SDUNIA": NaN, "NAME": "Census Tract 134.01", "SABINSA": NaN, "TOTPOP": 4203, "H7X001": 4203, "WHITE": 3052, "BLACK": 49, "AIAN": 25, "ASIAN": 236, "NHPI": 9, "H7X007": 610, "H7X008": 222, "H7Y001": 4203, "H7Y002": 2014, "HISP": 2189, "C_X": -1948585.0975283077, "C_Y": -327175.97035000054, "id": 9388}, {"boundary_node": false, "area": 977891.3047044064, "STATEFP10": "06", "COUNTYFP10": "073", "TRACTCE10": "013104", "GEOID10": "06073013104", "NAME10": "131.04", "NAMELSAD10": "Census Tract 131.04", "MTFCC10": "G5020", "FUNCSTAT10": "S", "ALAND10": 977892, "AWATER10": 0, "INTPTLAT10": "+32.6131276", "INTPTLON10": "-117.0779491", "GISJOIN": "G0600730013104", "Shape_area": 977891.304704, "Shape_len": 4038.27025159, "YEAR": 2010, "REGIONA": 4, "DIVISIONA": 9, "STATE": "California", "STATEA": 6, "COUNTY": "San Diego County", "COUNTYA": 73, "COUSUBA": NaN, "PLACEA": NaN, "TRACTA": 13104, "BLKGRPA": NaN, "BLOCKA": NaN, "CONCITA": NaN, "AIANHHA": NaN, "RES_ONLYA": NaN, "TRUSTA": NaN, "AITSCEA": NaN, "TTRACTA": NaN, "TBLKGRPA": NaN, "ANRCA": NaN, "CBSAA": 41740, "METDIVA": 99999, "CSAA": 999, "NECTAA": NaN, "NECTADIVA": NaN, "CNECTAA": NaN, "UAA": NaN, "URBRURALA": NaN, "CDA": NaN, "SLDUA": NaN, "SLDLA": NaN, "ZCTA5A": NaN, "SUBMCDA": NaN, "SDELMA": NaN, "SDSECA": NaN, "SDUNIA": NaN, "NAME": "Census Tract 131.04", "SABINSA": NaN, "TOTPOP": 5893, "H7X001": 5893, "WHITE": 3011, "BLACK": 417, "AIAN": 44, "ASIAN": 312, "NHPI": 40, "H7X007": 1733, "H7X008": 336, "H7Y001": 5893, "H7Y002": 1581, "HISP": 4312, "C_X": -1950974.8832184696, "C_Y": -329398.4810500003, "id": 9392}, {"boundary_node": false, "area": 1562767.8306449917, "STATEFP10": "06", "COUNTYFP10": "073", "TRACTCE10": "012303", "GEOID10": "06073012303", "NAME10": "123.03", "NAMELSAD10": "Census Tract 123.03", "MTFCC10": "G5020", "FUNCSTAT10": "S", "ALAND10": 1532047, "AWATER10": 30722, "INTPTLAT10": "+32.6512908", "INTPTLON10": "-117.0732999", "GISJOIN": "G0600730012303", "Shape_area": 1562767.83064, "Shape_len": 6865.4407183, "YEAR": 2010, "REGIONA": 4, "DIVISIONA": 9, "STATE": "California", "STATEA": 6, "COUNTY": "San Diego County", "COUNTYA": 73, "COUSUBA": NaN, "PLACEA": NaN, "TRACTA": 12303, "BLKGRPA": NaN, "BLOCKA": NaN, "CONCITA": NaN, "AIANHHA": NaN, "RES_ONLYA": NaN, "TRUSTA": NaN, "AITSCEA": NaN, "TTRACTA": NaN, "TBLKGRPA": NaN, "ANRCA": NaN, "CBSAA": 41740, "METDIVA": 99999, "CSAA": 999, "NECTAA": NaN, "NECTADIVA": NaN, "CNECTAA": NaN, "UAA": NaN, "URBRURALA": NaN, "CDA": NaN, "SLDUA": NaN, "SLDLA": NaN, "ZCTA5A": NaN, "SUBMCDA": NaN, "SDELMA": NaN, "SDSECA": NaN, "SDUNIA": NaN, "NAME": "Census Tract 123.03", "SABINSA": NaN, "TOTPOP": 3431, "H7X001": 3431, "WHITE": 2232, "BLACK": 176, "AIAN": 24, "ASIAN": 224, "NHPI": 27, "H7X007": 590, "H7X008": 158, "H7Y001": 3431, "H7Y002": 1876, "HISP": 1555, "C_X": -1950041.826420845, "C_Y": -325130.56549999956, "id": 9393}, {"boundary_node": true, "boundary_perim": 2797.003088872521, "area": 692650.0083008395, "STATEFP10": "06", "COUNTYFP10": "073", "TRACTCE10": "012101", "GEOID10": "06073012101", "NAME10": "121.01", "NAMELSAD10": "Census Tract 121.01", "MTFCC10": "G5020", "FUNCSTAT10": "S", "ALAND10": 692652, "AWATER10": 0, "INTPTLAT10": "+32.6651034", "INTPTLON10": "-117.0878571", "GISJOIN": "G0600730012101", "Shape_area": 692650.008301, "Shape_len": 4667.74306006, "YEAR": 2010, "REGIONA": 4, "DIVISIONA": 9, "STATE": "California", "STATEA": 6, "COUNTY": "San Diego County", "COUNTYA": 73, "COUSUBA": NaN, "PLACEA": NaN, "TRACTA": 12101, "BLKGRPA": NaN, "BLOCKA": NaN, "CONCITA": NaN, "AIANHHA": NaN, "RES_ONLYA": NaN, "TRUSTA": NaN, "AITSCEA": NaN, "TTRACTA": NaN, "TBLKGRPA": NaN, "ANRCA": NaN, "CBSAA": 41740, "METDIVA": 99999, "CSAA": 999, "NECTAA": NaN, "NECTADIVA": NaN, "CNECTAA": NaN, "UAA": NaN, "URBRURALA": NaN, "CDA": NaN, "SLDUA": NaN, "SLDLA": NaN, "ZCTA5A": NaN, "SUBMCDA": NaN, "SDELMA": NaN, "SDSECA": NaN, "SDUNIA": NaN, "NAME": "Census Tract 121.01", "SABINSA": NaN, "TOTPOP": 2235, "H7X001": 2235, "WHITE": 1090, "BLACK": 40, "AIAN": 20, "ASIAN": 141, "NHPI": 18, "H7X007": 830, "H7X008": 96, "H7Y001": 2235, "H7Y002": 511, "HISP": 1724, "C_X": -1950609.3051799515, "C_Y": -323572.37229999993, "id": 9394}, {"boundary_node": true, "boundary_perim": 74813.08298255832, "area": 382007475.44884324, "STATEFP10": "06", "COUNTYFP10": "073", "TRACTCE10": "021302", "GEOID10": "06073021302", "NAME10": "213.02", "NAMELSAD10": "Census Tract 213.02", "MTFCC10": "G5020", "FUNCSTAT10": "S", "ALAND10": 377463615, "AWATER10": 4543835, "INTPTLAT10": "+32.6637754", "INTPTLON10": "-116.7818507", "GISJOIN": "G0600730021302", "Shape_area": 382007475.449, "Shape_len": 117721.85097, "YEAR": 2010, "REGIONA": 4, "DIVISIONA": 9, "STATE": "California", "STATEA": 6, "COUNTY": "San Diego County", "COUNTYA": 73, "COUSUBA": NaN, "PLACEA": NaN, "TRACTA": 21302, "BLKGRPA": NaN, "BLOCKA": NaN, "CONCITA": NaN, "AIANHHA": NaN, "RES_ONLYA": NaN, "TRUSTA": NaN, "AITSCEA": NaN, "TTRACTA": NaN, "TBLKGRPA": NaN, "ANRCA": NaN, "CBSAA": 41740, "METDIVA": 99999, "CSAA": 999, "NECTAA": NaN, "NECTADIVA": NaN, "CNECTAA": NaN, "UAA": NaN, "URBRURALA": NaN, "CDA": NaN, "SLDUA": NaN, "SLDLA": NaN, "ZCTA5A": NaN, "SUBMCDA": NaN, "SDELMA": NaN, "SDSECA": NaN, "SDUNIA": NaN, "NAME": "Census Tract 213.02", "SABINSA": NaN, "TOTPOP": 7361, "H7X001": 7361, "WHITE": 5252, "BLACK": 688, "AIAN": 44, "ASIAN": 205, "NHPI": 20, "H7X007": 994, "H7X008": 158, "H7Y001": 7361, "H7Y002": 4826, "HISP": 2535, "C_X": -1919390.568268464, "C_Y": -328597.340499999, "id": 9395}, {"boundary_node": false, "area": 1933561.8841244257, "STATEFP10": "06", "COUNTYFP10": "073", "TRACTCE10": "013420", "GEOID10": "06073013420", "NAME10": "134.20", "NAMELSAD10": "Census Tract 134.20", "MTFCC10": "G5020", "FUNCSTAT10": "S", "ALAND10": 1933563, "AWATER10": 0, "INTPTLAT10": "+32.6400015", "INTPTLON10": "-117.0212330", "GISJOIN": "G0600730013420", "Shape_area": 1933561.88412, "Shape_len": 6565.27891493, "YEAR": 2010, "REGIONA": 4, "DIVISIONA": 9, "STATE": "California", "STATEA": 6, "COUNTY": "San Diego County", "COUNTYA": 73, "COUSUBA": NaN, "PLACEA": NaN, "TRACTA": 13420, "BLKGRPA": NaN, "BLOCKA": NaN, "CONCITA": NaN, "AIANHHA": NaN, "RES_ONLYA": NaN, "TRUSTA": NaN, "AITSCEA": NaN, "TTRACTA": NaN, "TBLKGRPA": NaN, "ANRCA": NaN, "CBSAA": 41740, "METDIVA": 99999, "CSAA": 999, "NECTAA": NaN, "NECTADIVA": NaN, "CNECTAA": NaN, "UAA": NaN, "URBRURALA": NaN, "CDA": NaN, "SLDUA": NaN, "SLDLA": NaN, "ZCTA5A": NaN, "SUBMCDA": NaN, "SDELMA": NaN, "SDSECA": NaN, "SDUNIA": NaN, "NAME": "Census Tract 134.20", "SABINSA": NaN, "TOTPOP": 3471, "H7X001": 3471, "WHITE": 1757, "BLACK": 222, "AIAN": 15, "ASIAN": 718, "NHPI": 23, "H7X007": 490, "H7X008": 246, "H7Y001": 3471, "H7Y002": 1711, "HISP": 1760, "C_X": -1945094.2269372563, "C_Y": -327630.3855000003, "id": 9408}, {"boundary_node": false, "area": 80471569.85917436, "STATEFP10": "06", "COUNTYFP10": "073", "TRACTCE10": "021304", "GEOID10": "06073021304", "NAME10": "213.04", "NAMELSAD10": "Census Tract 213.04", "MTFCC10": "G5020", "FUNCSTAT10": "S", "ALAND10": 80198568, "AWATER10": 272998, "INTPTLAT10": "+32.6847916", "INTPTLON10": "-116.8687112", "GISJOIN": "G0600730021304", "Shape_area": 80471569.8592, "Shape_len": 44412.6951014, "YEAR": 2010, "REGIONA": 4, "DIVISIONA": 9, "STATE": "California", "STATEA": 6, "COUNTY": "San Diego County", "COUNTYA": 73, "COUSUBA": NaN, "PLACEA": NaN, "TRACTA": 21304, "BLKGRPA": NaN, "BLOCKA": NaN, "CONCITA": NaN, "AIANHHA": NaN, "RES_ONLYA": NaN, "TRUSTA": NaN, "AITSCEA": NaN, "TTRACTA": NaN, "TBLKGRPA": NaN, "ANRCA": NaN, "CBSAA": 41740, "METDIVA": 99999, "CSAA": 999, "NECTAA": NaN, "NECTADIVA": NaN, "CNECTAA": NaN, "UAA": NaN, "URBRURALA": NaN, "CDA": NaN, "SLDUA": NaN, "SLDLA": NaN, "ZCTA5A": NaN, "SUBMCDA": NaN, "SDELMA": NaN, "SDSECA": NaN, "SDUNIA": NaN, "NAME": "Census Tract 213.04", "SABINSA": NaN, "TOTPOP": 2616, "H7X001": 2616, "WHITE": 2242, "BLACK": 45, "AIAN": 17, "ASIAN": 32, "NHPI": 3, "H7X007": 170, "H7X008": 107, "H7Y001": 2616, "H7Y002": 1962, "HISP": 654, "C_X": -1930066.827265991, "C_Y": -325879.22895000037, "id": 9412}, {"boundary_node": false, "area": 2665571.8217028575, "STATEFP10": "06", "COUNTYFP10": "073", "TRACTCE10": "013409", "GEOID10": "06073013409", "NAME10": "134.09", "NAMELSAD10": "Census Tract 134.09", "MTFCC10": "G5020", "FUNCSTAT10": "S", "ALAND10": 2665574, "AWATER10": 0, "INTPTLAT10": "+32.6331941", "INTPTLON10": "-117.0358624", "GISJOIN": "G0600730013409", "Shape_area": 2665571.8217, "Shape_len": 8068.11885037, "YEAR": 2010, "REGIONA": 4, "DIVISIONA": 9, "STATE": "California", "STATEA": 6, "COUNTY": "San Diego County", "COUNTYA": 73, "COUSUBA": NaN, "PLACEA": NaN, "TRACTA": 13409, "BLKGRPA": NaN, "BLOCKA": NaN, "CONCITA": NaN, "AIANHHA": NaN, "RES_ONLYA": NaN, "TRUSTA": NaN, "AITSCEA": NaN, "TTRACTA": NaN, "TBLKGRPA": NaN, "ANRCA": NaN, "CBSAA": 41740, "METDIVA": 99999, "CSAA": 999, "NECTAA": NaN, "NECTADIVA": NaN, "CNECTAA": NaN, "UAA": NaN, "URBRURALA": NaN, "CDA": NaN, "SLDUA": NaN, "SLDLA": NaN, "ZCTA5A": NaN, "SUBMCDA": NaN, "SDELMA": NaN, "SDSECA": NaN, "SDUNIA": NaN, "NAME": "Census Tract 134.09", "SABINSA": NaN, "TOTPOP": 5380, "H7X001": 5380, "WHITE": 3151, "BLACK": 240, "AIAN": 66, "ASIAN": 679, "NHPI": 27, "H7X007": 897, "H7X008": 320, "H7Y001": 5380, "H7Y002": 2649, "HISP": 2731, "C_X": -1946667.901512687, "C_Y": -327978.88630000013, "id": 9413}, {"boundary_node": false, "area": 5812168.938434284, "STATEFP10": "06", "COUNTYFP10": "073", "TRACTCE10": "013419", "GEOID10": "06073013419", "NAME10": "134.19", "NAMELSAD10": "Census Tract 134.19", "MTFCC10": "G5020", "FUNCSTAT10": "S", "ALAND10": 5584270, "AWATER10": 227897, "INTPTLAT10": "+32.6537849", "INTPTLON10": "-116.9524957", "GISJOIN": "G0600730013419", "Shape_area": 5812168.93843, "Shape_len": 11386.5584604, "YEAR": 2010, "REGIONA": 4, "DIVISIONA": 9, "STATE": "California", "STATEA": 6, "COUNTY": "San Diego County", "COUNTYA": 73, "COUSUBA": NaN, "PLACEA": NaN, "TRACTA": 13419, "BLKGRPA": NaN, "BLOCKA": NaN, "CONCITA": NaN, "AIANHHA": NaN, "RES_ONLYA": NaN, "TRUSTA": NaN, "AITSCEA": NaN, "TTRACTA": NaN, "TBLKGRPA": NaN, "ANRCA": NaN, "CBSAA": 41740, "METDIVA": 99999, "CSAA": 999, "NECTAA": NaN, "NECTADIVA": NaN, "CNECTAA": NaN, "UAA": NaN, "URBRURALA": NaN, "CDA": NaN, "SLDUA": NaN, "SLDLA": NaN, "ZCTA5A": NaN, "SUBMCDA": NaN, "SDELMA": NaN, "SDSECA": NaN, "SDUNIA": NaN, "NAME": "Census Tract 134.19", "SABINSA": NaN, "TOTPOP": 7922, "H7X001": 7922, "WHITE": 4293, "BLACK": 402, "AIAN": 40, "ASIAN": 1507, "NHPI": 26, "H7X007": 1137, "H7X008": 517, "H7Y001": 7922, "H7Y002": 4098, "HISP": 3824, "C_X": -1938632.6485078675, "C_Y": -327669.1860999998, "id": 9414}, {"boundary_node": true, "boundary_perim": 4639.172740803726, "area": 2828038.2129078833, "STATEFP10": "06", "COUNTYFP10": "073", "TRACTCE10": "012502", "GEOID10": "06073012502", "NAME10": "125.02", "NAMELSAD10": "Census Tract 125.02", "MTFCC10": "G5020", "FUNCSTAT10": "S", "ALAND10": 2817964, "AWATER10": 1531893, "INTPTLAT10": "+32.6421028", "INTPTLON10": "-117.1094056", "GISJOIN": "G0600730012502", "Shape_area": 2828038.21291, "Shape_len": 9010.56373767, "YEAR": 2010, "REGIONA": 4, "DIVISIONA": 9, "STATE": "California", "STATEA": 6, "COUNTY": "San Diego County", "COUNTYA": 73, "COUSUBA": NaN, "PLACEA": NaN, "TRACTA": 12502, "BLKGRPA": NaN, "BLOCKA": NaN, "CONCITA": NaN, "AIANHHA": NaN, "RES_ONLYA": NaN, "TRUSTA": NaN, "AITSCEA": NaN, "TTRACTA": NaN, "TBLKGRPA": NaN, "ANRCA": NaN, "CBSAA": 41740, "METDIVA": 99999, "CSAA": 999, "NECTAA": NaN, "NECTADIVA": NaN, "CNECTAA": NaN, "UAA": NaN, "URBRURALA": NaN, "CDA": NaN, "SLDUA": NaN, "SLDLA": NaN, "ZCTA5A": NaN, "SUBMCDA": NaN, "SDELMA": NaN, "SDSECA": NaN, "SDUNIA": NaN, "NAME": "Census Tract 125.02", "SABINSA": NaN, "TOTPOP": 4466, "H7X001": 4466, "WHITE": 2189, "BLACK": 224, "AIAN": 57, "ASIAN": 243, "NHPI": 22, "H7X007": 1478, "H7X008": 253, "H7Y001": 4466, "H7Y002": 950, "HISP": 3516, "C_X": -1952719.1588875079, "C_Y": -325680.932049999, "id": 9418}, {"boundary_node": false, "area": 1589055.4449970373, "STATEFP10": "06", "COUNTYFP10": "073", "TRACTCE10": "013206", "GEOID10": "06073013206", "NAME10": "132.06", "NAMELSAD10": "Census Tract 132.06", "MTFCC10": "G5020", "FUNCSTAT10": "S", "ALAND10": 1589059, "AWATER10": 0, "INTPTLAT10": "+32.5991876", "INTPTLON10": "-117.0722501", "GISJOIN": "G0600730013206", "Shape_area": 1589055.445, "Shape_len": 6284.94761718, "YEAR": 2010, "REGIONA": 4, "DIVISIONA": 9, "STATE": "California", "STATEA": 6, "COUNTY": "San Diego County", "COUNTYA": 73, "COUSUBA": NaN, "PLACEA": NaN, "TRACTA": 13206, "BLKGRPA": NaN, "BLOCKA": NaN, "CONCITA": NaN, "AIANHHA": NaN, "RES_ONLYA": NaN, "TRUSTA": NaN, "AITSCEA": NaN, "TTRACTA": NaN, "TBLKGRPA": NaN, "ANRCA": NaN, "CBSAA": 41740, "METDIVA": 99999, "CSAA": 999, "NECTAA": NaN, "NECTADIVA": NaN, "CNECTAA": NaN, "UAA": NaN, "URBRURALA": NaN, "CDA": NaN, "SLDUA": NaN, "SLDLA": NaN, "ZCTA5A": NaN, "SUBMCDA": NaN, "SDELMA": NaN, "SDSECA": NaN, "SDUNIA": NaN, "NAME": "Census Tract 132.06", "SABINSA": NaN, "TOTPOP": 6544, "H7X001": 6544, "WHITE": 3797, "BLACK": 180, "AIAN": 49, "ASIAN": 270, "NHPI": 16, "H7X007": 1968, "H7X008": 264, "H7Y001": 6544, "H7Y002": 1396, "HISP": 5148, "C_X": -1950858.3908398543, "C_Y": -331058.59804999945, "id": 9420}], "adjacency": [[{"shared_perim": 591.2296720264845, "id": 9414}, {"shared_perim": 1621.0970357448268, "id": 1776}, {"shared_perim": 1416.5720468520135, "id": 1822}, {"shared_perim": 2939.614924896241, "id": 1887}], [{"shared_perim": 57.91463113076979, "id": 1784}, {"shared_perim": 847.6672660498064, "id": 9360}, {"shared_perim": 950.1219158020117, "id": 9304}, {"shared_perim": 86.08572207669768, "id": 1761}, {"shared_perim": 805.5897719111397, "id": 1901}, {"shared_perim": 1952.2489807172374, "id": 1785}, {"shared_perim": 883.9418093000257, "id": 1803}, {"shared_perim": 163.02812265427468, "id": 9381}, {"shared_perim": 1598.6835080758556, "id": 9413}], [{"shared_perim": 805.6623703456692, "id": 9392}, {"shared_perim": 402.14134237514884, "id": 1900}, {"shared_perim": 1216.3832405807268, "id": 9377}, {"shared_perim": 1214.5575396413549, "id": 1814}, {"shared_perim": 401.562978633374, "id": 9363}, {"shared_perim": 1608.710416474643, "id": 1747}], [{"shared_perim": 1201.6303477870922, "id": 9413}, {"shared_perim": 1007.1431234481804, "id": 9388}, {"shared_perim": 3693.254062557302, "id": 1874}, {"shared_perim": 17.67561091464298, "id": 1723}, {"shared_perim": 2040.1358320044046, "id": 1938}, {"shared_perim": 2326.6352099663304, "id": 1746}, {"shared_perim": 986.9457094351811, "id": 1884}], [{"shared_perim": 597.4552373085155, "id": 1829}, {"shared_perim": 743.0865407832018, "id": 1826}, {"shared_perim": 1268.6130199452812, "id": 9420}, {"shared_perim": 191.05986956429325, "id": 1761}, {"shared_perim": 854.8691221017469, "id": 9376}], [{"shared_perim": 17.67561091464298, "id": 1684}, {"shared_perim": 1099.891680504135, "id": 9388}, {"shared_perim": 1000.656431374902, "id": 9363}, {"shared_perim": 809.2408809370169, "id": 9380}, {"shared_perim": 1790.5090856398647, "id": 9393}], [{"shared_perim": 3641.8741149261864, "id": 9378}, {"shared_perim": 2250.2117350112358, "id": 1785}, {"shared_perim": 2061.346468296888, "id": 9414}, {"shared_perim": 54.41526419580054, "id": 1776}], [{"shared_perim": 1473.9021535620702, "id": 1785}, {"shared_perim": 1688.0409016754577, "id": 9381}, {"shared_perim": 1034.436838223247, "id": 1822}, {"shared_perim": 749.1101824789924, "id": 1874}], [{"shared_perim": 847.7123598465148, "id": 1781}, {"shared_perim": 636.4764344515796, "id": 9371}, {"shared_perim": 1510.7558879208243, "id": 9382}], [{"shared_perim": 2326.6352099663304, "id": 1684}, {"shared_perim": 1443.0937152147544, "id": 9393}, {"shared_perim": 1072.6811447488165, "id": 1853}, {"shared_perim": 2030.14169985175, "id": 1884}], [{"shared_perim": 1608.710416474643, "id": 1662}, {"shared_perim": 403.26549083905326, "id": 1814}, {"shared_perim": 407.0533711309628, "id": 9363}, {"shared_perim": 811.2787102085022, "id": 1905}, {"shared_perim": 806.6247091731836, "id": 9380}, {"shared_perim": 804.9890305838325, "id": 1782}], [{"shared_perim": 86.08572207669768, "id": 1660}, {"shared_perim": 191.05986956429325, "id": 1687}, {"shared_perim": 1302.4278605181141, "id": 1826}, {"shared_perim": 1525.45176132789, "id": 9304}, {"shared_perim": 1145.5814090641222, "id": 9376}, {"shared_perim": 1986.4107051992466, "id": 1901}], [{"shared_perim": 1621.0970357448268, "id": 1606}, {"shared_perim": 54.41526419580054, "id": 1725}, {"shared_perim": 1258.8834020941206, "id": 1785}, {"shared_perim": 1677.5651628515266, "id": 9414}, {"shared_perim": 968.9253141556962, "id": 1822}], [{"shared_perim": 847.7123598465148, "id": 1739}, {"shared_perim": 798.9053217573245, "id": 1786}, {"shared_perim": 2836.336803512609, "id": 1829}, {"shared_perim": 1074.208442545375, "id": 9420}], [{"shared_perim": 804.9890305838325, "id": 1747}, {"shared_perim": 804.5526780369196, "id": 9380}, {"shared_perim": 811.5104528325083, "id": 9418}, {"shared_perim": 405.97015530901683, "id": 9393}, {"shared_perim": 1207.120706725466, "id": 1888}], [{"shared_perim": 57.91463113076979, "id": 1660}, {"shared_perim": 7251.201770101076, "id": 1786}, {"shared_perim": 445.0250840520202, "id": 1829}, {"shared_perim": 2165.743753343041, "id": 9360}, {"shared_perim": 4785.747323290198, "id": 9378}, {"shared_perim": 6057.803049724025, "id": 1785}], [{"shared_perim": 1952.2489807172374, "id": 1660}, {"shared_perim": 2250.2117350112358, "id": 1725}, {"shared_perim": 1473.9021535620702, "id": 1734}, {"shared_perim": 1258.8834020941206, "id": 1776}, {"shared_perim": 6057.803049724025, "id": 1784}, {"shared_perim": 784.5751598168342, "id": 9378}, {"shared_perim": 2462.2896475115645, "id": 9381}, {"shared_perim": 720.3233591689662, "id": 1822}], [{"shared_perim": 798.9053217573245, "id": 1781}, {"shared_perim": 7251.201770101076, "id": 1784}, {"shared_perim": 3094.001273416348, "id": 9378}, {"shared_perim": 3036.1768960586533, "id": 9395}], [{"shared_perim": 883.9418093000257, "id": 1660}, {"shared_perim": 1583.798326536664, "id": 1901}, {"shared_perim": 811.7203019176847, "id": 1900}, {"shared_perim": 465.5217472106614, "id": 9377}, {"shared_perim": 1687.880889024635, "id": 9388}], [{"shared_perim": 1214.5575396413549, "id": 1662}, {"shared_perim": 403.26549083905326, "id": 1747}, {"shared_perim": 1304.413904973252, "id": 9362}, {"shared_perim": 1377.5060743570132, "id": 1905}, {"shared_perim": 908.688611845823, "id": 9418}, {"shared_perim": 236.6160296940676, "id": 1976}], [{"shared_perim": 900.8597282863451, "id": 1976}, {"shared_perim": 2096.190201943127, "id": 1888}, {"shared_perim": 1010.9970498299434, "id": 9394}], [{"shared_perim": 1416.5720468520135, "id": 1606}, {"shared_perim": 1034.436838223247, "id": 1734}, {"shared_perim": 968.9253141556962, "id": 1776}, {"shared_perim": 720.3233591689662, "id": 1785}, {"shared_perim": 694.095866906825, "id": 1874}, {"shared_perim": 1885.3419268998564, "id": 1938}], [{"shared_perim": 743.0865407832018, "id": 1687}, {"shared_perim": 1302.4278605181141, "id": 1761}, {"shared_perim": 1485.098907315399, "id": 1829}, {"shared_perim": 1404.0179032475373, "id": 9304}], [{"shared_perim": 597.4552373085155, "id": 1687}, {"shared_perim": 2836.336803512609, "id": 1781}, {"shared_perim": 445.0250840520202, "id": 1784}, {"shared_perim": 1485.098907315399, "id": 1826}, {"shared_perim": 570.1993385812251, "id": 9304}, {"shared_perim": 481.6004293899453, "id": 9420}], [{"shared_perim": 1072.6811447488165, "id": 1746}, {"shared_perim": 1072.561007627508, "id": 9393}, {"shared_perim": 265.96620411046484, "id": 1888}, {"shared_perim": 27.255939037199575, "id": 9394}], [{"shared_perim": 3693.254062557302, "id": 1684}, {"shared_perim": 749.1101824789924, "id": 1734}, {"shared_perim": 694.095866906825, "id": 1822}, {"shared_perim": 572.2461117245065, "id": 9413}, {"shared_perim": 3437.3293263131604, "id": 9408}, {"shared_perim": 1087.5171452514417, "id": 1938}], [{"shared_perim": 986.9457094351811, "id": 1684}, {"shared_perim": 2030.14169985175, "id": 1746}, {"shared_perim": 1211.5440259017703, "id": 1938}, {"shared_perim": 3013.3379545423395, "id": 1887}], [{"shared_perim": 2939.614924896241, "id": 1606}, {"shared_perim": 3013.3379545423395, "id": 1884}, {"shared_perim": 558.525791710839, "id": 9414}, {"shared_perim": 3389.719319464809, "id": 1938}, {"shared_perim": 5761.619600177443, "id": 1891}], [{"shared_perim": 1207.120706725466, "id": 1782}, {"shared_perim": 2096.190201943127, "id": 1820}, {"shared_perim": 265.96620411046484, "id": 1853}, {"shared_perim": 407.1294211266012, "id": 9418}, {"shared_perim": 714.3623072402223, "id": 1976}, {"shared_perim": 1951.9613472270648, "id": 9393}, {"shared_perim": 832.4869823211119, "id": 9394}], [{"shared_perim": 5761.619600177443, "id": 1887}, {"shared_perim": 7283.92562315124, "id": 9395}, {"shared_perim": 2770.2088543014, "id": 9414}, {"shared_perim": 16900.621912571252, "id": 9412}], [{"shared_perim": 402.14134237514884, "id": 1662}, {"shared_perim": 811.7203019176847, "id": 1803}, {"shared_perim": 1203.0451745729683, "id": 9376}, {"shared_perim": 802.2881518335737, "id": 1901}, {"shared_perim": 1214.2749024646948, "id": 9392}, {"shared_perim": 1221.6537486332584, "id": 9377}], [{"shared_perim": 805.5897719111397, "id": 1660}, {"shared_perim": 1986.4107051992466, "id": 1761}, {"shared_perim": 1583.798326536664, "id": 1803}, {"shared_perim": 802.2881518335737, "id": 1900}, {"shared_perim": 406.1568560510209, "id": 9376}], [{"shared_perim": 811.2787102085022, "id": 1747}, {"shared_perim": 1377.5060743570132, "id": 1814}, {"shared_perim": 569.2952545329181, "id": 9418}], [{"shared_perim": 2040.1358320044046, "id": 1684}, {"shared_perim": 1885.3419268998564, "id": 1822}, {"shared_perim": 1087.5171452514417, "id": 1874}, {"shared_perim": 1211.5440259017703, "id": 1884}, {"shared_perim": 3389.719319464809, "id": 1887}], [{"shared_perim": 236.6160296940676, "id": 1814}, {"shared_perim": 900.8597282863451, "id": 1820}, {"shared_perim": 714.3623072402223, "id": 1888}, {"shared_perim": 60.5805786601002, "id": 9371}, {"shared_perim": 944.8722887325785, "id": 9362}, {"shared_perim": 1674.7672565281946, "id": 9418}], [{"shared_perim": 950.1219158020117, "id": 1660}, {"shared_perim": 1525.45176132789, "id": 1761}, {"shared_perim": 1404.0179032475373, "id": 1826}, {"shared_perim": 570.1993385812251, "id": 1829}, {"shared_perim": 1217.194787888232, "id": 9360}], [{"shared_perim": 847.6672660498064, "id": 1660}, {"shared_perim": 2165.743753343041, "id": 1784}, {"shared_perim": 1217.194787888232, "id": 9304}], [{"shared_perim": 1304.413904973252, "id": 1814}, {"shared_perim": 944.8722887325785, "id": 1976}, {"shared_perim": 866.0584492892059, "id": 9371}, {"shared_perim": 406.3019312521562, "id": 9420}, {"shared_perim": 1063.630926470801, "id": 9382}, {"shared_perim": 1214.067414481144, "id": 9392}], [{"shared_perim": 401.562978633374, "id": 1662}, {"shared_perim": 1000.656431374902, "id": 1723}, {"shared_perim": 407.0533711309628, "id": 1747}, {"shared_perim": 1514.2929448798563, "id": 9377}, {"shared_perim": 806.3016207135252, "id": 9388}, {"shared_perim": 204.75313238916976, "id": 9380}], [{"shared_perim": 636.4764344515796, "id": 1739}, {"shared_perim": 60.5805786601002, "id": 1976}, {"shared_perim": 866.0584492892059, "id": 9362}, {"shared_perim": 1667.4897691916613, "id": 9382}], [{"shared_perim": 854.8691221017469, "id": 1687}, {"shared_perim": 1145.5814090641222, "id": 1761}, {"shared_perim": 1203.0451745729683, "id": 1900}, {"shared_perim": 406.1568560510209, "id": 1901}, {"shared_perim": 792.0590547227333, "id": 9420}], [{"shared_perim": 1216.3832405807268, "id": 1662}, {"shared_perim": 465.5217472106614, "id": 1803}, {"shared_perim": 1221.6537486332584, "id": 1900}, {"shared_perim": 1514.2929448798563, "id": 9363}, {"shared_perim": 765.0360248607672, "id": 9388}], [{"shared_perim": 3641.8741149261864, "id": 1725}, {"shared_perim": 4785.747323290198, "id": 1784}, {"shared_perim": 784.5751598168342, "id": 1785}, {"shared_perim": 3094.001273416348, "id": 1786}, {"shared_perim": 6529.2075431116955, "id": 9395}, {"shared_perim": 2275.067247602157, "id": 9414}], [{"shared_perim": 809.2408809370169, "id": 1723}, {"shared_perim": 806.6247091731836, "id": 1747}, {"shared_perim": 804.5526780369196, "id": 1782}, {"shared_perim": 204.75313238916976, "id": 9363}, {"shared_perim": 201.34540727692777, "id": 9393}], [{"shared_perim": 163.02812265427468, "id": 1660}, {"shared_perim": 1688.0409016754577, "id": 1734}, {"shared_perim": 2462.2896475115645, "id": 1785}, {"shared_perim": 1385.7888597232975, "id": 9413}, {"shared_perim": 1545.4993528136679, "id": 9408}], [{"shared_perim": 1510.7558879208243, "id": 1739}, {"shared_perim": 1063.630926470801, "id": 9362}, {"shared_perim": 1667.4897691916613, "id": 9371}, {"shared_perim": 1457.899175029423, "id": 9420}], [{"shared_perim": 1007.1431234481804, "id": 1684}, {"shared_perim": 1099.891680504135, "id": 1723}, {"shared_perim": 1687.880889024635, "id": 1803}, {"shared_perim": 806.3016207135252, "id": 9363}, {"shared_perim": 765.0360248607672, "id": 9377}, {"shared_perim": 1727.319787250691, "id": 9413}], [{"shared_perim": 805.6623703456692, "id": 1662}, {"shared_perim": 1214.2749024646948, "id": 1900}, {"shared_perim": 1214.067414481144, "id": 9362}, {"shared_perim": 804.2655642988789, "id": 9420}], [{"shared_perim": 1790.5090856398647, "id": 1723}, {"shared_perim": 1443.0937152147544, "id": 1746}, {"shared_perim": 405.97015530901683, "id": 1782}, {"shared_perim": 1072.561007627508, "id": 1853}, {"shared_perim": 1951.9613472270648, "id": 1888}, {"shared_perim": 201.34540727692777, "id": 9380}], [{"shared_perim": 1010.9970498299434, "id": 1820}, {"shared_perim": 27.255939037199575, "id": 1853}, {"shared_perim": 832.4869823211119, "id": 1888}], [{"shared_perim": 3036.1768960586533, "id": 1786}, {"shared_perim": 7283.92562315124, "id": 1891}, {"shared_perim": 6529.2075431116955, "id": 9378}, {"shared_perim": 26059.457925199833, "id": 9412}], [{"shared_perim": 3437.3293263131604, "id": 1874}, {"shared_perim": 1545.4993528136679, "id": 9381}, {"shared_perim": 1582.4502358050465, "id": 9413}], [{"shared_perim": 16900.621912571252, "id": 1891}, {"shared_perim": 26059.457925199833, "id": 9395}, {"shared_perim": 1452.6152636194515, "id": 9414}], [{"shared_perim": 1598.6835080758556, "id": 1660}, {"shared_perim": 1201.6303477870922, "id": 1684}, {"shared_perim": 572.2461117245065, "id": 1874}, {"shared_perim": 1385.7888597232975, "id": 9381}, {"shared_perim": 1727.319787250691, "id": 9388}, {"shared_perim": 1582.4502358050465, "id": 9408}], [{"shared_perim": 591.2296720264845, "id": 1606}, {"shared_perim": 2061.346468296888, "id": 1725}, {"shared_perim": 1677.5651628515266, "id": 1776}, {"shared_perim": 558.525791710839, "id": 1887}, {"shared_perim": 2770.2088543014, "id": 1891}, {"shared_perim": 2275.067247602157, "id": 9378}, {"shared_perim": 1452.6152636194515, "id": 9412}], [{"shared_perim": 811.5104528325083, "id": 1782}, {"shared_perim": 908.688611845823, "id": 1814}, {"shared_perim": 407.1294211266012, "id": 1888}, {"shared_perim": 569.2952545329181, "id": 1905}, {"shared_perim": 1674.7672565281946, "id": 1976}], [{"shared_perim": 1268.6130199452812, "id": 1687}, {"shared_perim": 1074.208442545375, "id": 1781}, {"shared_perim": 481.6004293899453, "id": 1829}, {"shared_perim": 406.3019312521562, "id": 9362}, {"shared_perim": 792.0590547227333, "id": 9376}, {"shared_perim": 1457.899175029423, "id": 9382}, {"shared_perim": 804.2655642988789, "id": 9392}]]}