{"directed": false, "multigraph": false, "graph": [], "nodes": [{"boundary_node": true, "boundary_perim": 2745.4839842624297, "area": 867121.0347537741, "STATEFP10": "06", "COUNTYFP10": "085", "TRACTCE10": "504422", "GEOID10": "06085504422", "NAME10": "5044.22", "NAMELSAD10": "Census Tract 5044.22", "MTFCC10": "G5020", "FUNCSTAT10": "S", "ALAND10": 867123, "AWATER10": 0, "INTPTLAT10": "+37.4585704", "INTPTLON10": "-121.9069490", "GISJOIN": "G0600850504422", "Shape_area": 867121.034754, "Shape_len": 4164.32509639, "YEAR": 2010, "REGIONA": 4, "DIVISIONA": 9, "STATE": "California", "STATEA": 6, "COUNTY": "Santa Clara County", "COUNTYA": 85, "COUSUBA": NaN, "PLACEA": NaN, "TRACTA": 504422, "BLKGRPA": NaN, "BLOCKA": NaN, "CONCITA": NaN, "AIANHHA": NaN, "RES_ONLYA": NaN, "TRUSTA": NaN, "AITSCEA": NaN, "TTRACTA": NaN, "TBLKGRPA": NaN, "ANRCA": NaN, "CBSAA": 41940, "METDIVA": 99999, "CSAA": 488, "NECTAA": NaN, "NECTADIVA": NaN, "CNECTAA": NaN, "UAA": NaN, "URBRURALA": NaN, "CDA": NaN, "SLDUA": NaN, "SLDLA": NaN, "ZCTA5A": NaN, "SUBMCDA": NaN, "SDELMA": NaN, "SDSECA": NaN, "SDUNIA": NaN, "NAME": "Census Tract 5044.22", "SABINSA": NaN, "TOTPOP": 3672, "H7X001": 3672, "WHITE": 702, "BLACK": 143, "AIAN": 12, "ASIAN": 2256, "NHPI": 17, "H7X007": 369, "H7X008": 173, "H7Y001": 3672, "H7Y002": 2912, "HISP": 760, "C_X": -2242013.691903158, "C_Y": 302856.9089999988, "id": 773}, {"boundary_node": true, "boundary_perim": 1159.5816767452443, "area": 2005293.8718877004, "STATEFP10": "06", "COUNTYFP10": "001", "TRACTCE10": "440335", "GEOID10": "06001440335", "NAME10": "4403.35", "NAMELSAD10": "Census Tract 4403.35", "MTFCC10": "G5020", "FUNCSTAT10": "S", "ALAND10": 2005295, "AWATER10": 0, "INTPTLAT10": "+37.5913508", "INTPTLON10": "-122.0122841", "GISJOIN": "G0600010440335", "Shape_area": 2005293.87189, "Shape_len": 6045.15720461, "YEAR": 2010, "REGIONA": 4, "DIVISIONA": 9, "STATE": "California", "STATEA": 6, "COUNTY": "Alameda County", "COUNTYA": 1, "COUSUBA": NaN, "PLACEA": NaN, "TRACTA": 440335, "BLKGRPA": NaN, "BLOCKA": NaN, "CONCITA": NaN, "AIANHHA": NaN, "RES_ONLYA": NaN, "TRUSTA": NaN, "AITSCEA": NaN, "TTRACTA": NaN, "TBLKGRPA": NaN, "ANRCA": NaN, "CBSAA": 41860, "METDIVA": 36084, "CSAA": 488, "NECTAA": NaN, "NECTADIVA": NaN, "CNECTAA": NaN, "UAA": NaN, "URBRURALA": NaN, "CDA": NaN, "SLDUA": NaN, "SLDLA": NaN, "ZCTA5A": NaN, "SUBMCDA": NaN, "SDELMA": NaN, "SDSECA": NaN, "SDUNIA": NaN, "NAME": "Census Tract 4403.35", "SABINSA": NaN, "TOTPOP": 6496, "H7X001": 6496, "WHITE": 946, "BLACK": 321, "AIAN": 9, "ASIAN": 4486, "NHPI": 49, "H7X007": 241, "H7X008": 444, "H7Y001": 6496, "H7Y002": 5945, "HISP": 551, "C_X": -2246867.969194263, "C_Y": 319738.3835500006, "id": 3528}, {"boundary_node": true, "boundary_perim": 2059.446105613584, "area": 1024277.6060165367, "STATEFP10": "06", "COUNTYFP10": "001", "TRACTCE10": "440334", "GEOID10": "06001440334", "NAME10": "4403.34", "NAMELSAD10": "Census Tract 4403.34", "MTFCC10": "G5020", "FUNCSTAT10": "S", "ALAND10": 1024273, "AWATER10": 0, "INTPTLAT10": "+37.5937913", "INTPTLON10": "-122.0648512", "GISJOIN": "G0600010440334", "Shape_area": 1024277.60602, "Shape_len": 4473.77403941, "YEAR": 2010, "REGIONA": 4, "DIVISIONA": 9, "STATE": "California", "STATEA": 6, "COUNTY": "Alameda County", "COUNTYA": 1, "COUSUBA": NaN, "PLACEA": NaN, "TRACTA": 440334, "BLKGRPA": NaN, "BLOCKA": NaN, "CONCITA": NaN, "AIANHHA": NaN, "RES_ONLYA": NaN, "TRUSTA": NaN, "AITSCEA": NaN, "TTRACTA": NaN, "TBLKGRPA": NaN, "ANRCA": NaN, "CBSAA": 41860, "METDIVA": 36084, "CSAA": 488, "NECTAA": NaN, "NECTADIVA": NaN, "CNECTAA": NaN, "UAA": NaN, "URBRURALA": NaN, "CDA": NaN, "SLDUA": NaN, "SLDLA": NaN, "ZCTA5A": NaN, "SUBMCDA": NaN, "SDELMA": NaN, "SDSECA": NaN, "SDUNIA": NaN, "NAME": "Census Tract 4403.34", "SABINSA": NaN, "TOTPOP": 4016, "H7X001": 4016, "WHITE": 839, "BLACK": 302, "AIAN": 13, "ASIAN": 2244, "NHPI": 59, "H7X007": 275, "H7X008": 284, "H7Y001": 4016, "H7Y002": 3359, "HISP": 657, "C_X": -2251092.0421902393, "C_Y": 321071.0921000005, "id": 3529}, {"boundary_node": true, "boundary_perim": 37374.655101912984, "area": 51492694.24181747, "STATEFP10": "06", "COUNTYFP10": "001", "TRACTCE10": "435103", "GEOID10": "06001435103", "NAME10": "4351.03", "NAMELSAD10": "Census Tract 4351.03", "MTFCC10": "G5020", "FUNCSTAT10": "S", "ALAND10": 51492700, "AWATER10": 0, "INTPTLAT10": "+37.6518042", "INTPTLON10": "-121.9830876", "GISJOIN": "G0600010435103", "Shape_area": 51492694.2418, "Shape_len": 55551.1438228, "YEAR": 2010, "REGIONA": 4, "DIVISIONA": 9, "STATE": "California", "STATEA": 6, "COUNTY": "Alameda County", "COUNTYA": 1, "COUSUBA": NaN, "PLACEA": NaN, "TRACTA": 435103, "BLKGRPA": NaN, "BLOCKA": NaN, "CONCITA": NaN, "AIANHHA": NaN, "RES_ONLYA": NaN, "TRUSTA": NaN, "AITSCEA": NaN, "TTRACTA": NaN, "TBLKGRPA": NaN, "ANRCA": NaN, "CBSAA": 41860, "METDIVA": 36084, "CSAA": 488, "NECTAA": NaN, "NECTADIVA": NaN, "CNECTAA": NaN, "UAA": NaN, "URBRURALA": NaN, "CDA": NaN, "SLDUA": NaN, "SLDLA": NaN, "ZCTA5A": NaN, "SUBMCDA": NaN, "SDELMA": NaN, "SDSECA": NaN, "SDUNIA": NaN, "NAME": "Census Tract 4351.03", "SABINSA": NaN, "TOTPOP": 6403, "H7X001": 6403, "WHITE": 2789, "BLACK": 507, "AIAN": 31, "ASIAN": 2431, "NHPI": 23, "H7X007": 186, "H7X008": 436, "H7Y001": 6403, "H7Y002": 5622, "HISP": 781, "C_X": -2242823.1620082622, "C_Y": 324694.04625000106, "id": 3530}, {"boundary_node": false, "area": 15151160.003716633, "STATEFP10": "06", "COUNTYFP10": "001", "TRACTCE10": "441100", "GEOID10": "06001441100", "NAME10": "4411", "NAMELSAD10": "Census Tract 4411", "MTFCC10": "G5020", "FUNCSTAT10": "S", "ALAND10": 15151159, "AWATER10": 0, "INTPTLAT10": "+37.5852993", "INTPTLON10": "-121.9620573", "GISJOIN": "G0600010441100", "Shape_area": 15151160.0037, "Shape_len": 19054.89514, "YEAR": 2010, "REGIONA": 4, "DIVISIONA": 9, "STATE": "California", "STATEA": 6, "COUNTY": "Alameda County", "COUNTYA": 1, "COUSUBA": NaN, "PLACEA": NaN, "TRACTA": 441100, "BLKGRPA": NaN, "BLOCKA": NaN, "CONCITA": NaN, "AIANHHA": NaN, "RES_ONLYA": NaN, "TRUSTA": NaN, "AITSCEA": NaN, "TTRACTA": NaN, "TBLKGRPA": NaN, "ANRCA": NaN, "CBSAA": 41860, "METDIVA": 36084, "CSAA": 488, "NECTAA": NaN, "NECTADIVA": NaN, "CNECTAA": NaN, "UAA": NaN, "URBRURALA": NaN, "CDA": NaN, "SLDUA": NaN, "SLDLA": NaN, "ZCTA5A": NaN, "SUBMCDA": NaN, "SDELMA": NaN, "SDSECA": NaN, "SDUNIA": NaN, "NAME": "Census Tract 4411", "SABINSA": NaN, "TOTPOP": 4308, "H7X001": 4308, "WHITE": 2498, "BLACK": 142, "AIAN": 36, "ASIAN": 1115, "NHPI": 20, "H7X007": 206, "H7X008": 291, "H7Y001": 4308, "H7Y002": 3580, "HISP": 728, "C_X": -2242858.817112883, "C_Y": 317962.23604999995, "id": 3534}, {"boundary_node": false, "area": 1307696.043073055, "STATEFP10": "06", "COUNTYFP10": "001", "TRACTCE10": "441522", "GEOID10": "06001441522", "NAME10": "4415.22", "NAMELSAD10": "Census Tract 4415.22", "MTFCC10": "G5020", "FUNCSTAT10": "S", "ALAND10": 1307697, "AWATER10": 0, "INTPTLAT10": "+37.5845579", "INTPTLON10": "-122.0572528", "GISJOIN": "G0600010441522", "Shape_area": 1307696.04307, "Shape_len": 5724.46827039, "YEAR": 2010, "REGIONA": 4, "DIVISIONA": 9, "STATE": "California", "STATEA": 6, "COUNTY": "Alameda County", "COUNTYA": 1, "COUSUBA": NaN, "PLACEA": NaN, "TRACTA": 441522, "BLKGRPA": NaN, "BLOCKA": NaN, "CONCITA": NaN, "AIANHHA": NaN, "RES_ONLYA": NaN, "TRUSTA": NaN, "AITSCEA": NaN, "TTRACTA": NaN, "TBLKGRPA": NaN, "ANRCA": NaN, "CBSAA": 41860, "METDIVA": 36084, "CSAA": 488, "NECTAA": NaN, "NECTADIVA": NaN, "CNECTAA": NaN, "UAA": NaN, "URBRURALA": NaN, "CDA": NaN, "SLDUA": NaN, "SLDLA": NaN, "ZCTA5A": NaN, "SUBMCDA": NaN, "SDELMA": NaN, "SDSECA": NaN, "SDUNIA": NaN, "NAME": "Census Tract 4415.22", "SABINSA": NaN, "TOTPOP": 4980, "H7X001": 4980, "WHITE": 1144, "BLACK": 250, "AIAN": 13, "ASIAN": 2880, "NHPI": 32, "H7X007": 353, "H7X008": 308, "H7Y001": 4980, "H7Y002": 4288, "HISP": 692, "C_X": -2250785.131886023, "C_Y": 319953.70955000166, "id": 3536}, {"boundary_node": false, "area": 1710403.3312708347, "STATEFP10": "06", "COUNTYFP10": "001", "TRACTCE10": "441521", "GEOID10": "06001441521", "NAME10": "4415.21", "NAMELSAD10": "Census Tract 4415.21", "MTFCC10": "G5020", "FUNCSTAT10": "S", "ALAND10": 1710406, "AWATER10": 0, "INTPTLAT10": "+37.5729294", "INTPTLON10": "-122.0532609", "GISJOIN": "G0600010441521", "Shape_area": 1710403.33127, "Shape_len": 5439.83821607, "YEAR": 2010, "REGIONA": 4, "DIVISIONA": 9, "STATE": "California", "STATEA": 6, "COUNTY": "Alameda County", "COUNTYA": 1, "COUSUBA": NaN, "PLACEA": NaN, "TRACTA": 441521, "BLKGRPA": NaN, "BLOCKA": NaN, "CONCITA": NaN, "AIANHHA": NaN, "RES_ONLYA": NaN, "TRUSTA": NaN, "AITSCEA": NaN, "TTRACTA": NaN, "TBLKGRPA": NaN, "ANRCA": NaN, "CBSAA": 41860, "METDIVA": 36084, "CSAA": 488, "NECTAA": NaN, "NECTADIVA": NaN, "CNECTAA": NaN, "UAA": NaN, "URBRURALA": NaN, "CDA": NaN, "SLDUA": NaN, "SLDLA": NaN, "ZCTA5A": NaN, "SUBMCDA": NaN, "SDELMA": NaN, "SDSECA": NaN, "SDUNIA": NaN, "NAME": "Census Tract 4415.21", "SABINSA": NaN, "TOTPOP": 5869, "H7X001": 5869, "WHITE": 1215, "BLACK": 191, "AIAN": 15, "ASIAN": 3905, "NHPI": 31, "H7X007": 118, "H7X008": 394, "H7Y001": 5869, "H7Y002": 5518, "HISP": 351, "C_X": -2250924.5437861513, "C_Y": 318748.4465000001, "id": 3538}, {"boundary_node": false, "area": 1888787.7875451609, "STATEFP10": "06", "COUNTYFP10": "001", "TRACTCE10": "441401", "GEOID10": "06001441401", "NAME10": "4414.01", "NAMELSAD10": "Census Tract 4414.01", "MTFCC10": "G5020", "FUNCSTAT10": "S", "ALAND10": 1888786, "AWATER10": 0, "INTPTLAT10": "+37.5735681", "INTPTLON10": "-122.0376753", "GISJOIN": "G0600010441401", "Shape_area": 1888787.78755, "Shape_len": 7126.01448329, "YEAR": 2010, "REGIONA": 4, "DIVISIONA": 9, "STATE": "California", "STATEA": 6, "COUNTY": "Alameda County", "COUNTYA": 1, "COUSUBA": NaN, "PLACEA": NaN, "TRACTA": 441401, "BLKGRPA": NaN, "BLOCKA": NaN, "CONCITA": NaN, "AIANHHA": NaN, "RES_ONLYA": NaN, "TRUSTA": NaN, "AITSCEA": NaN, "TTRACTA": NaN, "TBLKGRPA": NaN, "ANRCA": NaN, "CBSAA": 41860, "METDIVA": 36084, "CSAA": 488, "NECTAA": NaN, "NECTADIVA": NaN, "CNECTAA": NaN, "UAA": NaN, "URBRURALA": NaN, "CDA": NaN, "SLDUA": NaN, "SLDLA": NaN, "ZCTA5A": NaN, "SUBMCDA": NaN, "SDELMA": NaN, "SDSECA": NaN, "SDUNIA": NaN, "NAME": "Census Tract 4414.01", "SABINSA": NaN, "TOTPOP": 6931, "H7X001": 6931, "WHITE": 2100, "BLACK": 388, "AIAN": 24, "ASIAN": 3493, "NHPI": 52, "H7X007": 416, "H7X008": 458, "H7Y001": 6931, "H7Y002": 5882, "HISP": 1049, "C_X": -2249398.132784784, "C_Y": 318395.67170000006, "id": 3577}, {"boundary_node": true, "boundary_perim": 4253.252406108277, "area": 22311005.63292366, "STATEFP10": "06", "COUNTYFP10": "001", "TRACTCE10": "444302", "GEOID10": "06001444302", "NAME10": "4443.02", "NAMELSAD10": "Census Tract 4443.02", "MTFCC10": "G5020", "FUNCSTAT10": "S", "ALAND10": 22311006, "AWATER10": 0, "INTPTLAT10": "+37.5125267", "INTPTLON10": "-122.0473856", "GISJOIN": "G0600010444302", "Shape_area": 22311005.6329, "Shape_len": 32718.7657838, "YEAR": 2010, "REGIONA": 4, "DIVISIONA": 9, "STATE": "California", "STATEA": 6, "COUNTY": "Alameda County", "COUNTYA": 1, "COUSUBA": NaN, "PLACEA": NaN, "TRACTA": 444302, "BLKGRPA": NaN, "BLOCKA": NaN, "CONCITA": NaN, "AIANHHA": NaN, "RES_ONLYA": NaN, "TRUSTA": NaN, "AITSCEA": NaN, "TTRACTA": NaN, "TBLKGRPA": NaN, "ANRCA": NaN, "CBSAA": 41860, "METDIVA": 36084, "CSAA": 488, "NECTAA": NaN, "NECTADIVA": NaN, "CNECTAA": NaN, "UAA": NaN, "URBRURALA": NaN, "CDA": NaN, "SLDUA": NaN, "SLDLA": NaN, "ZCTA5A": NaN, "SUBMCDA": NaN, "SDELMA": NaN, "SDSECA": NaN, "SDUNIA": NaN, "NAME": "Census Tract 4443.02", "SABINSA": NaN, "TOTPOP": 4354, "H7X001": 4354, "WHITE": 1566, "BLACK": 207, "AIAN": 58, "ASIAN": 940, "NHPI": 87, "H7X007": 1204, "H7X008": 292, "H7Y001": 4354, "H7Y002": 2250, "HISP": 2104, "C_X": -2251135.5490959357, "C_Y": 311658.6664000016, "id": 3590}, {"boundary_node": true, "boundary_perim": 1707.516785070312, "area": 674200.2675064311, "STATEFP10": "06", "COUNTYFP10": "001", "TRACTCE10": "440306", "GEOID10": "06001440306", "NAME10": "4403.06", "NAMELSAD10": "Census Tract 4403.06", "MTFCC10": "G5020", "FUNCSTAT10": "S", "ALAND10": 674201, "AWATER10": 0, "INTPTLAT10": "+37.5849858", "INTPTLON10": "-122.0683607", "GISJOIN": "G0600010440306", "Shape_area": 674200.267506, "Shape_len": 3367.64122011, "YEAR": 2010, "REGIONA": 4, "DIVISIONA": 9, "STATE": "California", "STATEA": 6, "COUNTY": "Alameda County", "COUNTYA": 1, "COUSUBA": NaN, "PLACEA": NaN, "TRACTA": 440306, "BLKGRPA": NaN, "BLOCKA": NaN, "CONCITA": NaN, "AIANHHA": NaN, "RES_ONLYA": NaN, "TRUSTA": NaN, "AITSCEA": NaN, "TTRACTA": NaN, "TBLKGRPA": NaN, "ANRCA": NaN, "CBSAA": 41860, "METDIVA": 36084, "CSAA": 488, "NECTAA": NaN, "NECTADIVA": NaN, "CNECTAA": NaN, "UAA": NaN, "URBRURALA": NaN, "CDA": NaN, "SLDUA": NaN, "SLDLA": NaN, "ZCTA5A": NaN, "SUBMCDA": NaN, "SDELMA": NaN, "SDSECA": NaN, "SDUNIA": NaN, "NAME": "Census Tract 4403.06", "SABINSA": NaN, "TOTPOP": 3841, "H7X001": 3841, "WHITE": 464, "BLACK": 356, "AIAN": 16, "ASIAN": 2497, "NHPI": 61, "H7X007": 189, "H7X008": 258, "H7Y001": 3841, "H7Y002": 3418, "HISP": 423, "C_X": -2251743.284361531, "C_Y": 320342.24730000016, "id": 3597}, {"boundary_node": true, "boundary_perim": 68042.93064652779, "area": 269095365.72075087, "STATEFP10": "06", "COUNTYFP10": "001", "TRACTCE10": "450701", "GEOID10": "06001450701", "NAME10": "4507.01", "NAMELSAD10": "Census Tract 4507.01", "MTFCC10": "G5020", "FUNCSTAT10": "S", "ALAND10": 266251308, "AWATER10": 2844031, "INTPTLAT10": "+37.5511338", "INTPTLON10": "-121.8054596", "GISJOIN": "G0600010450701", "Shape_area": 269095365.721, "Shape_len": 91680.2458852, "YEAR": 2010, "REGIONA": 4, "DIVISIONA": 9, "STATE": "California", "STATEA": 6, "COUNTY": "Alameda County", "COUNTYA": 1, "COUSUBA": NaN, "PLACEA": NaN, "TRACTA": 450701, "BLKGRPA": NaN, "BLOCKA": NaN, "CONCITA": NaN, "AIANHHA": NaN, "RES_ONLYA": NaN, "TRUSTA": NaN, "AITSCEA": NaN, "TTRACTA": NaN, "TBLKGRPA": NaN, "ANRCA": NaN, "CBSAA": 41860, "METDIVA": 36084, "CSAA": 488, "NECTAA": NaN, "NECTADIVA": NaN, "CNECTAA": NaN, "UAA": NaN, "URBRURALA": NaN, "CDA": NaN, "SLDUA": NaN, "SLDLA": NaN, "ZCTA5A": NaN, "SUBMCDA": NaN, "SDELMA": NaN, "SDSECA": NaN, "SDUNIA": NaN, "NAME": "Census Tract 4507.01", "SABINSA": NaN, "TOTPOP": 8075, "H7X001": 8075, "WHITE": 5845, "BLACK": 98, "AIAN": 20, "ASIAN": 1657, "NHPI": 3, "H7X007": 88, "H7X008": 364, "H7Y001": 8075, "H7Y002": 7539, "HISP": 536, "C_X": -2230487.2222480727, "C_Y": 311789.8732000005, "id": 3605}, {"boundary_node": false, "area": 1318798.2324371724, "STATEFP10": "06", "COUNTYFP10": "001", "TRACTCE10": "442602", "GEOID10": "06001442602", "NAME10": "4426.02", "NAMELSAD10": "Census Tract 4426.02", "MTFCC10": "G5020", "FUNCSTAT10": "S", "ALAND10": 1318799, "AWATER10": 0, "INTPTLAT10": "+37.5481818", "INTPTLON10": "-122.0049883", "GISJOIN": "G0600010442602", "Shape_area": 1318798.23244, "Shape_len": 4949.58220928, "YEAR": 2010, "REGIONA": 4, "DIVISIONA": 9, "STATE": "California", "STATEA": 6, "COUNTY": "Alameda County", "COUNTYA": 1, "COUSUBA": NaN, "PLACEA": NaN, "TRACTA": 442602, "BLKGRPA": NaN, "BLOCKA": NaN, "CONCITA": NaN, "AIANHHA": NaN, "RES_ONLYA": NaN, "TRUSTA": NaN, "AITSCEA": NaN, "TTRACTA": NaN, "TBLKGRPA": NaN, "ANRCA": NaN, "CBSAA": 41860, "METDIVA": 36084, "CSAA": 488, "NECTAA": NaN, "NECTADIVA": NaN, "CNECTAA": NaN, "UAA": NaN, "URBRURALA": NaN, "CDA": NaN, "SLDUA": NaN, "SLDLA": NaN, "ZCTA5A": NaN, "SUBMCDA": NaN, "SDELMA": NaN, "SDSECA": NaN, "SDUNIA": NaN, "NAME": "Census Tract 4426.02", "SABINSA": NaN, "TOTPOP": 5074, "H7X001": 5074, "WHITE": 2453, "BLACK": 245, "AIAN": 43, "ASIAN": 1219, "NHPI": 38, "H7X007": 653, "H7X008": 423, "H7Y001": 5074, "H7Y002": 3848, "HISP": 1226, "C_X": -2247550.6678031674, "C_Y": 314823.5578500002, "id": 3610}, {"boundary_node": true, "boundary_perim": 373.33502903593035, "area": 1680778.8320650875, "STATEFP10": "06", "COUNTYFP10": "001", "TRACTCE10": "441524", "GEOID10": "06001441524", "NAME10": "4415.24", "NAMELSAD10": "Census Tract 4415.24", "MTFCC10": "G5020", "FUNCSTAT10": "S", "ALAND10": 1680777, "AWATER10": 0, "INTPTLAT10": "+37.5594781", "INTPTLON10": "-122.0506927", "GISJOIN": "G0600010441524", "Shape_area": 1680778.83207, "Shape_len": 7440.68901429, "YEAR": 2010, "REGIONA": 4, "DIVISIONA": 9, "STATE": "California", "STATEA": 6, "COUNTY": "Alameda County", "COUNTYA": 1, "COUSUBA": NaN, "PLACEA": NaN, "TRACTA": 441524, "BLKGRPA": NaN, "BLOCKA": NaN, "CONCITA": NaN, "AIANHHA": NaN, "RES_ONLYA": NaN, "TRUSTA": NaN, "AITSCEA": NaN, "TTRACTA": NaN, "TBLKGRPA": NaN, "ANRCA": NaN, "CBSAA": 41860, "METDIVA": 36084, "CSAA": 488, "NECTAA": NaN, "NECTADIVA": NaN, "CNECTAA": NaN, "UAA": NaN, "URBRURALA": NaN, "CDA": NaN, "SLDUA": NaN, "SLDLA": NaN, "ZCTA5A": NaN, "SUBMCDA": NaN, "SDELMA": NaN, "SDSECA": NaN, "SDUNIA": NaN, "NAME": "Census Tract 4415.24", "SABINSA": NaN, "TOTPOP": 4010, "H7X001": 4010, "WHITE": 479, "BLACK": 98, "AIAN": 11, "ASIAN": 3183, "NHPI": 6, "H7X007": 76, "H7X008": 157, "H7Y001": 4010, "H7Y002": 3851, "HISP": 159, "C_X": -2251190.3982941755, "C_Y": 317288.1936000006, "id": 3611}, {"boundary_node": false, "area": 1994672.1716522763, "STATEFP10": "06", "COUNTYFP10": "001", "TRACTCE10": "441302", "GEOID10": "06001441302", "NAME10": "4413.02", "NAMELSAD10": "Census Tract 4413.02", "MTFCC10": "G5020", "FUNCSTAT10": "S", "ALAND10": 1994668, "AWATER10": 0, "INTPTLAT10": "+37.5693426", "INTPTLON10": "-122.0194346", "GISJOIN": "G0600010441302", "Shape_area": 1994672.17165, "Shape_len": 6162.55838791, "YEAR": 2010, "REGIONA": 4, "DIVISIONA": 9, "STATE": "California", "STATEA": 6, "COUNTY": "Alameda County", "COUNTYA": 1, "COUSUBA": NaN, "PLACEA": NaN, "TRACTA": 441302, "BLKGRPA": NaN, "BLOCKA": NaN, "CONCITA": NaN, "AIANHHA": NaN, "RES_ONLYA": NaN, "TRUSTA": NaN, "AITSCEA": NaN, "TTRACTA": NaN, "TBLKGRPA": NaN, "ANRCA": NaN, "CBSAA": 41860, "METDIVA": 36084, "CSAA": 488, "NECTAA": NaN, "NECTADIVA": NaN, "CNECTAA": NaN, "UAA": NaN, "URBRURALA": NaN, "CDA": NaN, "SLDUA": NaN, "SLDLA": NaN, "ZCTA5A": NaN, "SUBMCDA": NaN, "SDELMA": NaN, "SDSECA": NaN, "SDUNIA": NaN, "NAME": "Census Tract 4413.02", "SABINSA": NaN, "TOTPOP": 5553, "H7X001": 5553, "WHITE": 2259, "BLACK": 211, "AIAN": 19, "ASIAN": 2238, "NHPI": 61, "H7X007": 327, "H7X008": 438, "H7Y001": 5553, "H7Y002": 4695, "HISP": 858, "C_X": -2248101.7253374914, "C_Y": 317462.6005499994, "id": 3636}, {"boundary_node": false, "area": 1582843.537760227, "STATEFP10": "06", "COUNTYFP10": "001", "TRACTCE10": "442400", "GEOID10": "06001442400", "NAME10": "4424", "NAMELSAD10": "Census Tract 4424", "MTFCC10": "G5020", "FUNCSTAT10": "S", "ALAND10": 1582847, "AWATER10": 0, "INTPTLAT10": "+37.5313805", "INTPTLON10": "-121.9737794", "GISJOIN": "G0600010442400", "Shape_area": 1582843.53776, "Shape_len": 5563.08652043, "YEAR": 2010, "REGIONA": 4, "DIVISIONA": 9, "STATE": "California", "STATEA": 6, "COUNTY": "Alameda County", "COUNTYA": 1, "COUSUBA": NaN, "PLACEA": NaN, "TRACTA": 442400, "BLKGRPA": NaN, "BLOCKA": NaN, "CONCITA": NaN, "AIANHHA": NaN, "RES_ONLYA": NaN, "TRUSTA": NaN, "AITSCEA": NaN, "TTRACTA": NaN, "TBLKGRPA": NaN, "ANRCA": NaN, "CBSAA": 41860, "METDIVA": 36084, "CSAA": 488, "NECTAA": NaN, "NECTADIVA": NaN, "CNECTAA": NaN, "UAA": NaN, "URBRURALA": NaN, "CDA": NaN, "SLDUA": NaN, "SLDLA": NaN, "ZCTA5A": NaN, "SUBMCDA": NaN, "SDELMA": NaN, "SDSECA": NaN, "SDUNIA": NaN, "NAME": "Census Tract 4424", "SABINSA": NaN, "TOTPOP": 6253, "H7X001": 6253, "WHITE": 2781, "BLACK": 214, "AIAN": 27, "ASIAN": 2053, "NHPI": 51, "H7X007": 777, "H7X008": 350, "H7Y001": 6253, "H7Y002": 4455, "HISP": 1798, "C_X": -2245592.995348348, "C_Y": 312232.9735000008, "id": 3638}, {"boundary_node": false, "area": 1824958.214602413, "STATEFP10": "06", "COUNTYFP10": "001", "TRACTCE10": "442100", "GEOID10": "06001442100", "NAME10": "4421", "NAMELSAD10": "Census Tract 4421", "MTFCC10": "G5020", "FUNCSTAT10": "S", "ALAND10": 1824959, "AWATER10": 0, "INTPTLAT10": "+37.5483239", "INTPTLON10": "-121.9498322", "GISJOIN": "G0600010442100", "Shape_area": 1824958.2146, "Shape_len": 7070.34105256, "YEAR": 2010, "REGIONA": 4, "DIVISIONA": 9, "STATE": "California", "STATEA": 6, "COUNTY": "Alameda County", "COUNTYA": 1, "COUSUBA": NaN, "PLACEA": NaN, "TRACTA": 442100, "BLKGRPA": NaN, "BLOCKA": NaN, "CONCITA": NaN, "AIANHHA": NaN, "RES_ONLYA": NaN, "TRUSTA": NaN, "AITSCEA": NaN, "TTRACTA": NaN, "TBLKGRPA": NaN, "ANRCA": NaN, "CBSAA": 41860, "METDIVA": 36084, "CSAA": 488, "NECTAA": NaN, "NECTADIVA": NaN, "CNECTAA": NaN, "UAA": NaN, "URBRURALA": NaN, "CDA": NaN, "SLDUA": NaN, "SLDLA": NaN, "ZCTA5A": NaN, "SUBMCDA": NaN, "SDELMA": NaN, "SDSECA": NaN, "SDUNIA": NaN, "NAME": "Census Tract 4421", "SABINSA": NaN, "TOTPOP": 5166, "H7X001": 5166, "WHITE": 1160, "BLACK": 35, "AIAN": 2, "ASIAN": 3811, "NHPI": 3, "H7X007": 27, "H7X008": 128, "H7Y001": 5166, "H7Y002": 5025, "HISP": 141, "C_X": -2242657.738160716, "C_Y": 313464.39390000235, "id": 3639}, {"boundary_node": false, "area": 3051404.031669482, "STATEFP10": "06", "COUNTYFP10": "001", "TRACTCE10": "444601", "GEOID10": "06001444601", "NAME10": "4446.01", "NAMELSAD10": "Census Tract 4446.01", "MTFCC10": "G5020", "FUNCSTAT10": "S", "ALAND10": 3051402, "AWATER10": 0, "INTPTLAT10": "+37.5270492", "INTPTLON10": "-122.0162378", "GISJOIN": "G0600010444601", "Shape_area": 3051404.03167, "Shape_len": 7488.12196279, "YEAR": 2010, "REGIONA": 4, "DIVISIONA": 9, "STATE": "California", "STATEA": 6, "COUNTY": "Alameda County", "COUNTYA": 1, "COUSUBA": NaN, "PLACEA": NaN, "TRACTA": 444601, "BLKGRPA": NaN, "BLOCKA": NaN, "CONCITA": NaN, "AIANHHA": NaN, "RES_ONLYA": NaN, "TRUSTA": NaN, "AITSCEA": NaN, "TTRACTA": NaN, "TBLKGRPA": NaN, "ANRCA": NaN, "CBSAA": 41860, "METDIVA": 36084, "CSAA": 488, "NECTAA": NaN, "NECTADIVA": NaN, "CNECTAA": NaN, "UAA": NaN, "URBRURALA": NaN, "CDA": NaN, "SLDUA": NaN, "SLDLA": NaN, "ZCTA5A": NaN, "SUBMCDA": NaN, "SDELMA": NaN, "SDSECA": NaN, "SDUNIA": NaN, "NAME": "Census Tract 4446.01", "SABINSA": NaN, "TOTPOP": 4761, "H7X001": 4761, "WHITE": 2230, "BLACK": 202, "AIAN": 39, "ASIAN": 1400, "NHPI": 65, "H7X007": 544, "H7X008": 281, "H7Y001": 4761, "H7Y002": 3511, "HISP": 1250, "C_X": -2249092.5391441323, "C_Y": 312825.27455000044, "id": 3645}, {"boundary_node": false, "area": 3290363.916051231, "STATEFP10": "06", "COUNTYFP10": "001", "TRACTCE10": "443105", "GEOID10": "06001443105", "NAME10": "4431.05", "NAMELSAD10": "Census Tract 4431.05", "MTFCC10": "G5020", "FUNCSTAT10": "S", "ALAND10": 3290366, "AWATER10": 0, "INTPTLAT10": "+37.5218333", "INTPTLON10": "-121.9322534", "GISJOIN": "G0600010443105", "Shape_area": 3290363.91605, "Shape_len": 8176.15294186, "YEAR": 2010, "REGIONA": 4, "DIVISIONA": 9, "STATE": "California", "STATEA": 6, "COUNTY": "Alameda County", "COUNTYA": 1, "COUSUBA": NaN, "PLACEA": NaN, "TRACTA": 443105, "BLKGRPA": NaN, "BLOCKA": NaN, "CONCITA": NaN, "AIANHHA": NaN, "RES_ONLYA": NaN, "TRUSTA": NaN, "AITSCEA": NaN, "TTRACTA": NaN, "TBLKGRPA": NaN, "ANRCA": NaN, "CBSAA": 41860, "METDIVA": 36084, "CSAA": 488, "NECTAA": NaN, "NECTADIVA": NaN, "CNECTAA": NaN, "UAA": NaN, "URBRURALA": NaN, "CDA": NaN, "SLDUA": NaN, "SLDLA": NaN, "ZCTA5A": NaN, "SUBMCDA": NaN, "SDELMA": NaN, "SDSECA": NaN, "SDUNIA": NaN, "NAME": "Census Tract 4431.05", "SABINSA": NaN, "TOTPOP": 4456, "H7X001": 4456, "WHITE": 833, "BLACK": 19, "AIAN": 4, "ASIAN": 3421, "NHPI": 4, "H7X007": 41, "H7X008": 134, "H7Y001": 4456, "H7Y002": 4332, "HISP": 124, "C_X": -2242356.196913791, "C_Y": 310283.64840000006, "id": 3646}, {"boundary_node": false, "area": 1846859.476490969, "STATEFP10": "06", "COUNTYFP10": "001", "TRACTCE10": "443104", "GEOID10": "06001443104", "NAME10": "4431.04", "NAMELSAD10": "Census Tract 4431.04", "MTFCC10": "G5020", "FUNCSTAT10": "S", "ALAND10": 1846856, "AWATER10": 0, "INTPTLAT10": "+37.5313765", "INTPTLON10": "-121.9266869", "GISJOIN": "G0600010443104", "Shape_area": 1846859.47649, "Shape_len": 6368.91803502, "YEAR": 2010, "REGIONA": 4, "DIVISIONA": 9, "STATE": "California", "STATEA": 6, "COUNTY": "Alameda County", "COUNTYA": 1, "COUSUBA": NaN, "PLACEA": NaN, "TRACTA": 443104, "BLKGRPA": NaN, "BLOCKA": NaN, "CONCITA": NaN, "AIANHHA": NaN, "RES_ONLYA": NaN, "TRUSTA": NaN, "AITSCEA": NaN, "TTRACTA": NaN, "TBLKGRPA": NaN, "ANRCA": NaN, "CBSAA": 41860, "METDIVA": 36084, "CSAA": 488, "NECTAA": NaN, "NECTADIVA": NaN, "CNECTAA": NaN, "UAA": NaN, "URBRURALA": NaN, "CDA": NaN, "SLDUA": NaN, "SLDLA": NaN, "ZCTA5A": NaN, "SUBMCDA": NaN, "SDELMA": NaN, "SDSECA": NaN, "SDUNIA": NaN, "NAME": "Census Tract 4431.04", "SABINSA": NaN, "TOTPOP": 5558, "H7X001": 5558, "WHITE": 1316, "BLACK": 61, "AIAN": 14, "ASIAN": 3877, "NHPI": 6, "H7X007": 69, "H7X008": 215, "H7Y001": 5558, "H7Y002": 5265, "HISP": 293, "C_X": -2241391.1558903507, "C_Y": 311161.8233500009, "id": 3647}, {"boundary_node": false, "area": 1682395.5508172016, "STATEFP10": "06", "COUNTYFP10": "001", "TRACTCE10": "441602", "GEOID10": "06001441602", "NAME10": "4416.02", "NAMELSAD10": "Census Tract 4416.02", "MTFCC10": "G5020", "FUNCSTAT10": "S", "ALAND10": 1682393, "AWATER10": 0, "INTPTLAT10": "+37.5569600", "INTPTLON10": "-122.0212345", "GISJOIN": "G0600010441602", "Shape_area": 1682395.55082, "Shape_len": 5931.83350732, "YEAR": 2010, "REGIONA": 4, "DIVISIONA": 9, "STATE": "California", "STATEA": 6, "COUNTY": "Alameda County", "COUNTYA": 1, "COUSUBA": NaN, "PLACEA": NaN, "TRACTA": 441602, "BLKGRPA": NaN, "BLOCKA": NaN, "CONCITA": NaN, "AIANHHA": NaN, "RES_ONLYA": NaN, "TRUSTA": NaN, "AITSCEA": NaN, "TTRACTA": NaN, "TBLKGRPA": NaN, "ANRCA": NaN, "CBSAA": 41860, "METDIVA": 36084, "CSAA": 488, "NECTAA": NaN, "NECTADIVA": NaN, "CNECTAA": NaN, "UAA": NaN, "URBRURALA": NaN, "CDA": NaN, "SLDUA": NaN, "SLDLA": NaN, "ZCTA5A": NaN, "SUBMCDA": NaN, "SDELMA": NaN, "SDSECA": NaN, "SDUNIA": NaN, "NAME": "Census Tract 4416.02", "SABINSA": NaN, "TOTPOP": 6802, "H7X001": 6802, "WHITE": 2440, "BLACK": 403, "AIAN": 39, "ASIAN": 2476, "NHPI": 73, "H7X007": 869, "H7X008": 502, "H7Y001": 6802, "H7Y002": 5122, "HISP": 1680, "C_X": -2248634.2585664564, "C_Y": 316134.5185500006, "id": 3648}, {"boundary_node": false, "area": 1233607.6312362044, "STATEFP10": "06", "COUNTYFP10": "001", "TRACTCE10": "442700", "GEOID10": "06001442700", "NAME10": "4427", "NAMELSAD10": "Census Tract 4427", "MTFCC10": "G5020", "FUNCSTAT10": "S", "ALAND10": 1233608, "AWATER10": 0, "INTPTLAT10": "+37.5371537", "INTPTLON10": "-122.0081115", "GISJOIN": "G0600010442700", "Shape_area": 1233607.63124, "Shape_len": 4771.21856605, "YEAR": 2010, "REGIONA": 4, "DIVISIONA": 9, "STATE": "California", "STATEA": 6, "COUNTY": "Alameda County", "COUNTYA": 1, "COUSUBA": NaN, "PLACEA": NaN, "TRACTA": 442700, "BLKGRPA": NaN, "BLOCKA": NaN, "CONCITA": NaN, "AIANHHA": NaN, "RES_ONLYA": NaN, "TRUSTA": NaN, "AITSCEA": NaN, "TTRACTA": NaN, "TBLKGRPA": NaN, "ANRCA": NaN, "CBSAA": 41860, "METDIVA": 36084, "CSAA": 488, "NECTAA": NaN, "NECTADIVA": NaN, "CNECTAA": NaN, "UAA": NaN, "URBRURALA": NaN, "CDA": NaN, "SLDUA": NaN, "SLDLA": NaN, "ZCTA5A": NaN, "SUBMCDA": NaN, "SDELMA": NaN, "SDSECA": NaN, "SDUNIA": NaN, "NAME": "Census Tract 4427", "SABINSA": NaN, "TOTPOP": 2873, "H7X001": 2873, "WHITE": 1776, "BLACK": 48, "AIAN": 13, "ASIAN": 645, "NHPI": 9, "H7X007": 201, "H7X008": 181, "H7Y001": 2873, "H7Y002": 2389, "HISP": 484, "C_X": -2248078.7343610115, "C_Y": 313693.4231500013, "id": 3654}, {"boundary_node": false, "area": 1181578.2889239562, "STATEFP10": "06", "COUNTYFP10": "001", "TRACTCE10": "442601", "GEOID10": "06001442601", "NAME10": "4426.01", "NAMELSAD10": "Census Tract 4426.01", "MTFCC10": "G5020", "FUNCSTAT10": "S", "ALAND10": 1181579, "AWATER10": 0, "INTPTLAT10": "+37.5443060", "INTPTLON10": "-121.9976615", "GISJOIN": "G0600010442601", "Shape_area": 1181578.28892, "Shape_len": 4811.82992811, "YEAR": 2010, "REGIONA": 4, "DIVISIONA": 9, "STATE": "California", "STATEA": 6, "COUNTY": "Alameda County", "COUNTYA": 1, "COUSUBA": NaN, "PLACEA": NaN, "TRACTA": 442601, "BLKGRPA": NaN, "BLOCKA": NaN, "CONCITA": NaN, "AIANHHA": NaN, "RES_ONLYA": NaN, "TRUSTA": NaN, "AITSCEA": NaN, "TTRACTA": NaN, "TBLKGRPA": NaN, "ANRCA": NaN, "CBSAA": 41860, "METDIVA": 36084, "CSAA": 488, "NECTAA": NaN, "NECTADIVA": NaN, "CNECTAA": NaN, "UAA": NaN, "URBRURALA": NaN, "CDA": NaN, "SLDUA": NaN, "SLDLA": NaN, "ZCTA5A": NaN, "SUBMCDA": NaN, "SDELMA": NaN, "SDSECA": NaN, "SDUNIA": NaN, "NAME": "Census Tract 4426.01", "SABINSA": NaN, "TOTPOP": 3844, "H7X001": 3844, "WHITE": 1961, "BLACK": 67, "AIAN": 15, "ASIAN": 1221, "NHPI": 10, "H7X007": 357, "H7X008": 213, "H7Y001": 3844, "H7Y002": 3122, "HISP": 722, "C_X": -2246967.7377734706, "C_Y": 314260.76110000256, "id": 3658}, {"boundary_node": false, "area": 408689.2753768378, "STATEFP10": "06", "COUNTYFP10": "001", "TRACTCE10": "441926", "GEOID10": "06001441926", "NAME10": "4419.26", "NAMELSAD10": "Census Tract 4419.26", "MTFCC10": "G5020", "FUNCSTAT10": "S", "ALAND10": 408691, "AWATER10": 0, "INTPTLAT10": "+37.5408003", "INTPTLON10": "-121.9787103", "GISJOIN": "G0600010441926", "Shape_area": 408689.275377, "Shape_len": 2669.2708816, "YEAR": 2010, "REGIONA": 4, "DIVISIONA": 9, "STATE": "California", "STATEA": 6, "COUNTY": "Alameda County", "COUNTYA": 1, "COUSUBA": NaN, "PLACEA": NaN, "TRACTA": 441926, "BLKGRPA": NaN, "BLOCKA": NaN, "CONCITA": NaN, "AIANHHA": NaN, "RES_ONLYA": NaN, "TRUSTA": NaN, "AITSCEA": NaN, "TTRACTA": NaN, "TBLKGRPA": NaN, "ANRCA": NaN, "CBSAA": 41860, "METDIVA": 36084, "CSAA": 488, "NECTAA": NaN, "NECTADIVA": NaN, "CNECTAA": NaN, "UAA": NaN, "URBRURALA": NaN, "CDA": NaN, "SLDUA": NaN, "SLDLA": NaN, "ZCTA5A": NaN, "SUBMCDA": NaN, "SDELMA": NaN, "SDSECA": NaN, "SDUNIA": NaN, "NAME": "Census Tract 4419.26", "SABINSA": NaN, "TOTPOP": 4080, "H7X001": 4080, "WHITE": 1243, "BLACK": 202, "AIAN": 44, "ASIAN": 1543, "NHPI": 11, "H7X007": 705, "H7X008": 332, "H7Y001": 4080, "H7Y002": 2768, "HISP": 1312, "C_X": -2245549.9776335107, "C_Y": 313425.88620000053, "id": 3659}, {"boundary_node": false, "area": 1141557.1854656683, "STATEFP10": "06", "COUNTYFP10": "001", "TRACTCE10": "440336", "GEOID10": "06001440336", "NAME10": "4403.36", "NAMELSAD10": "Census Tract 4403.36", "MTFCC10": "G5020", "FUNCSTAT10": "S", "ALAND10": 1141556, "AWATER10": 0, "INTPTLAT10": "+37.5811633", "INTPTLON10": "-122.0175013", "GISJOIN": "G0600010440336", "Shape_area": 1141557.18547, "Shape_len": 4988.00906798, "YEAR": 2010, "REGIONA": 4, "DIVISIONA": 9, "STATE": "California", "STATEA": 6, "COUNTY": "Alameda County", "COUNTYA": 1, "COUSUBA": NaN, "PLACEA": NaN, "TRACTA": 440336, "BLKGRPA": NaN, "BLOCKA": NaN, "CONCITA": NaN, "AIANHHA": NaN, "RES_ONLYA": NaN, "TRUSTA": NaN, "AITSCEA": NaN, "TTRACTA": NaN, "TBLKGRPA": NaN, "ANRCA": NaN, "CBSAA": 41860, "METDIVA": 36084, "CSAA": 488, "NECTAA": NaN, "NECTADIVA": NaN, "CNECTAA": NaN, "UAA": NaN, "URBRURALA": NaN, "CDA": NaN, "SLDUA": NaN, "SLDLA": NaN, "ZCTA5A": NaN, "SUBMCDA": NaN, "SDELMA": NaN, "SDSECA": NaN, "SDUNIA": NaN, "NAME": "Census Tract 4403.36", "SABINSA": NaN, "TOTPOP": 4459, "H7X001": 4459, "WHITE": 1267, "BLACK": 362, "AIAN": 42, "ASIAN": 1966, "NHPI": 62, "H7X007": 428, "H7X008": 332, "H7Y001": 4459, "H7Y002": 3394, "HISP": 1065, "C_X": -2247463.77126931, "C_Y": 318713.1656499994, "id": 3660}, {"boundary_node": true, "boundary_perim": 3197.165426753889, "area": 1843804.2816638972, "STATEFP10": "06", "COUNTYFP10": "001", "TRACTCE10": "440308", "GEOID10": "06001440308", "NAME10": "4403.08", "NAMELSAD10": "Census Tract 4403.08", "MTFCC10": "G5020", "FUNCSTAT10": "S", "ALAND10": 1843807, "AWATER10": 0, "INTPTLAT10": "+37.5893439", "INTPTLON10": "-122.0278186", "GISJOIN": "G0600010440308", "Shape_area": 1843804.28166, "Shape_len": 6990.63277912, "YEAR": 2010, "REGIONA": 4, "DIVISIONA": 9, "STATE": "California", "STATEA": 6, "COUNTY": "Alameda County", "COUNTYA": 1, "COUSUBA": NaN, "PLACEA": NaN, "TRACTA": 440308, "BLKGRPA": NaN, "BLOCKA": NaN, "CONCITA": NaN, "AIANHHA": NaN, "RES_ONLYA": NaN, "TRUSTA": NaN, "AITSCEA": NaN, "TTRACTA": NaN, "TBLKGRPA": NaN, "ANRCA": NaN, "CBSAA": 41860, "METDIVA": 36084, "CSAA": 488, "NECTAA": NaN, "NECTADIVA": NaN, "CNECTAA": NaN, "UAA": NaN, "URBRURALA": NaN, "CDA": NaN, "SLDUA": NaN, "SLDLA": NaN, "ZCTA5A": NaN, "SUBMCDA": NaN, "SDELMA": NaN, "SDSECA": NaN, "SDUNIA": NaN, "NAME": "Census Tract 4403.08", "SABINSA": NaN, "TOTPOP": 5883, "H7X001": 5883, "WHITE": 1712, "BLACK": 302, "AIAN": 26, "ASIAN": 2454, "NHPI": 103, "H7X007": 894, "H7X008": 392, "H7Y001": 5883, "H7Y002": 3984, "HISP": 1899, "C_X": -2248269.0863204272, "C_Y": 319868.83215000154, "id": 3668}, {"boundary_node": false, "area": 3253252.1417178013, "STATEFP10": "06", "COUNTYFP10": "001", "TRACTCE10": "441200", "GEOID10": "06001441200", "NAME10": "4412", "NAMELSAD10": "Census Tract 4412", "MTFCC10": "G5020", "FUNCSTAT10": "S", "ALAND10": 3241560, "AWATER10": 11692, "INTPTLAT10": "+37.5780625", "INTPTLON10": "-121.9910071", "GISJOIN": "G0600010441200", "Shape_area": 3253252.14172, "Shape_len": 8598.00822782, "YEAR": 2010, "REGIONA": 4, "DIVISIONA": 9, "STATE": "California", "STATEA": 6, "COUNTY": "Alameda County", "COUNTYA": 1, "COUSUBA": NaN, "PLACEA": NaN, "TRACTA": 441200, "BLKGRPA": NaN, "BLOCKA": NaN, "CONCITA": NaN, "AIANHHA": NaN, "RES_ONLYA": NaN, "TRUSTA": NaN, "AITSCEA": NaN, "TTRACTA": NaN, "TBLKGRPA": NaN, "ANRCA": NaN, "CBSAA": 41860, "METDIVA": 36084, "CSAA": 488, "NECTAA": NaN, "NECTADIVA": NaN, "CNECTAA": NaN, "UAA": NaN, "URBRURALA": NaN, "CDA": NaN, "SLDUA": NaN, "SLDLA": NaN, "ZCTA5A": NaN, "SUBMCDA": NaN, "SDELMA": NaN, "SDSECA": NaN, "SDUNIA": NaN, "NAME": "Census Tract 4412", "SABINSA": NaN, "TOTPOP": 6816, "H7X001": 6816, "WHITE": 3527, "BLACK": 177, "AIAN": 37, "ASIAN": 2203, "NHPI": 36, "H7X007": 382, "H7X008": 454, "H7Y001": 6816, "H7Y002": 5681, "HISP": 1135, "C_X": -2245630.594379672, "C_Y": 317850.3491999991, "id": 3671}, {"boundary_node": false, "area": 846808.0010708842, "STATEFP10": "06", "COUNTYFP10": "001", "TRACTCE10": "441921", "GEOID10": "06001441921", "NAME10": "4419.21", "NAMELSAD10": "Census Tract 4419.21", "MTFCC10": "G5020", "FUNCSTAT10": "S", "ALAND10": 846808, "AWATER10": 0, "INTPTLAT10": "+37.5424223", "INTPTLON10": "-121.9678075", "GISJOIN": "G0600010441921", "Shape_area": 846808.001071, "Shape_len": 3847.0903777, "YEAR": 2010, "REGIONA": 4, "DIVISIONA": 9, "STATE": "California", "STATEA": 6, "COUNTY": "Alameda County", "COUNTYA": 1, "COUSUBA": NaN, "PLACEA": NaN, "TRACTA": 441921, "BLKGRPA": NaN, "BLOCKA": NaN, "CONCITA": NaN, "AIANHHA": NaN, "RES_ONLYA": NaN, "TRUSTA": NaN, "AITSCEA": NaN, "TTRACTA": NaN, "TBLKGRPA": NaN, "ANRCA": NaN, "CBSAA": 41860, "METDIVA": 36084, "CSAA": 488, "NECTAA": NaN, "NECTADIVA": NaN, "CNECTAA": NaN, "UAA": NaN, "URBRURALA": NaN, "CDA": NaN, "SLDUA": NaN, "SLDLA": NaN, "ZCTA5A": NaN, "SUBMCDA": NaN, "SDELMA": NaN, "SDSECA": NaN, "SDUNIA": NaN, "NAME": "Census Tract 4419.21", "SABINSA": NaN, "TOTPOP": 3663, "H7X001": 3663, "WHITE": 1410, "BLACK": 143, "AIAN": 22, "ASIAN": 1390, "NHPI": 9, "H7X007": 457, "H7X008": 232, "H7Y001": 3663, "H7Y002": 2674, "HISP": 989, "C_X": -2244561.4678326054, "C_Y": 313403.42990000104, "id": 3685}, {"boundary_node": false, "area": 768731.4984995932, "STATEFP10": "06", "COUNTYFP10": "001", "TRACTCE10": "443001", "GEOID10": "06001443001", "NAME10": "4430.01", "NAMELSAD10": "Census Tract 4430.01", "MTFCC10": "G5020", "FUNCSTAT10": "S", "ALAND10": 768732, "AWATER10": 0, "INTPTLAT10": "+37.5184218", "INTPTLON10": "-121.9515237", "GISJOIN": "G0600010443001", "Shape_area": 768731.4985, "Shape_len": 3975.87384715, "YEAR": 2010, "REGIONA": 4, "DIVISIONA": 9, "STATE": "California", "STATEA": 6, "COUNTY": "Alameda County", "COUNTYA": 1, "COUSUBA": NaN, "PLACEA": NaN, "TRACTA": 443001, "BLKGRPA": NaN, "BLOCKA": NaN, "CONCITA": NaN, "AIANHHA": NaN, "RES_ONLYA": NaN, "TRUSTA": NaN, "AITSCEA": NaN, "TTRACTA": NaN, "TBLKGRPA": NaN, "ANRCA": NaN, "CBSAA": 41860, "METDIVA": 36084, "CSAA": 488, "NECTAA": NaN, "NECTADIVA": NaN, "CNECTAA": NaN, "UAA": NaN, "URBRURALA": NaN, "CDA": NaN, "SLDUA": NaN, "SLDLA": NaN, "ZCTA5A": NaN, "SUBMCDA": NaN, "SDELMA": NaN, "SDSECA": NaN, "SDUNIA": NaN, "NAME": "Census Tract 4430.01", "SABINSA": NaN, "TOTPOP": 2917, "H7X001": 2917, "WHITE": 1203, "BLACK": 94, "AIAN": 19, "ASIAN": 904, "NHPI": 8, "H7X007": 538, "H7X008": 151, "H7Y001": 2917, "H7Y002": 1892, "HISP": 1025, "C_X": -2243905.7839680375, "C_Y": 310370.5439999995, "id": 3700}, {"boundary_node": false, "area": 2070551.0139373827, "STATEFP10": "06", "COUNTYFP10": "001", "TRACTCE10": "442900", "GEOID10": "06001442900", "NAME10": "4429", "NAMELSAD10": "Census Tract 4429", "MTFCC10": "G5020", "FUNCSTAT10": "S", "ALAND10": 2070553, "AWATER10": 0, "INTPTLAT10": "+37.5183894", "INTPTLON10": "-121.9748246", "GISJOIN": "G0600010442900", "Shape_area": 2070551.01394, "Shape_len": 6719.15953458, "YEAR": 2010, "REGIONA": 4, "DIVISIONA": 9, "STATE": "California", "STATEA": 6, "COUNTY": "Alameda County", "COUNTYA": 1, "COUSUBA": NaN, "PLACEA": NaN, "TRACTA": 442900, "BLKGRPA": NaN, "BLOCKA": NaN, "CONCITA": NaN, "AIANHHA": NaN, "RES_ONLYA": NaN, "TRUSTA": NaN, "AITSCEA": NaN, "TTRACTA": NaN, "TBLKGRPA": NaN, "ANRCA": NaN, "CBSAA": 41860, "METDIVA": 36084, "CSAA": 488, "NECTAA": NaN, "NECTADIVA": NaN, "CNECTAA": NaN, "UAA": NaN, "URBRURALA": NaN, "CDA": NaN, "SLDUA": NaN, "SLDLA": NaN, "ZCTA5A": NaN, "SUBMCDA": NaN, "SDELMA": NaN, "SDSECA": NaN, "SDUNIA": NaN, "NAME": "Census Tract 4429", "SABINSA": NaN, "TOTPOP": 7194, "H7X001": 7194, "WHITE": 2957, "BLACK": 241, "AIAN": 36, "ASIAN": 2765, "NHPI": 62, "H7X007": 603, "H7X008": 530, "H7Y001": 7194, "H7Y002": 5818, "HISP": 1376, "C_X": -2245788.476659597, "C_Y": 310854.15054999944, "id": 3704}, {"boundary_node": false, "area": 1580310.0787496779, "STATEFP10": "06", "COUNTYFP10": "001", "TRACTCE10": "443002", "GEOID10": "06001443002", "NAME10": "4430.02", "NAMELSAD10": "Census Tract 4430.02", "MTFCC10": "G5020", "FUNCSTAT10": "S", "ALAND10": 1580307, "AWATER10": 0, "INTPTLAT10": "+37.5168344", "INTPTLON10": "-121.9605916", "GISJOIN": "G0600010443002", "Shape_area": 1580310.07875, "Shape_len": 5109.92021976, "YEAR": 2010, "REGIONA": 4, "DIVISIONA": 9, "STATE": "California", "STATEA": 6, "COUNTY": "Alameda County", "COUNTYA": 1, "COUSUBA": NaN, "PLACEA": NaN, "TRACTA": 443002, "BLKGRPA": NaN, "BLOCKA": NaN, "CONCITA": NaN, "AIANHHA": NaN, "RES_ONLYA": NaN, "TRUSTA": NaN, "AITSCEA": NaN, "TTRACTA": NaN, "TBLKGRPA": NaN, "ANRCA": NaN, "CBSAA": 41860, "METDIVA": 36084, "CSAA": 488, "NECTAA": NaN, "NECTADIVA": NaN, "CNECTAA": NaN, "UAA": NaN, "URBRURALA": NaN, "CDA": NaN, "SLDUA": NaN, "SLDLA": NaN, "ZCTA5A": NaN, "SUBMCDA": NaN, "SDELMA": NaN, "SDSECA": NaN, "SDUNIA": NaN, "NAME": "Census Tract 4430.02", "SABINSA": NaN, "TOTPOP": 5918, "H7X001": 5918, "WHITE": 2359, "BLACK": 171, "AIAN": 57, "ASIAN": 2416, "NHPI": 34, "H7X007": 536, "H7X008": 345, "H7Y001": 5918, "H7Y002": 4552, "HISP": 1366, "C_X": -2244727.877466562, "C_Y": 310432.1752000009, "id": 3717}, {"boundary_node": true, "boundary_perim": 2.7284841053187847e-12, "area": 1602358.2814179384, "STATEFP10": "06", "COUNTYFP10": "001", "TRACTCE10": "443301", "GEOID10": "06001443301", "NAME10": "4433.01", "NAMELSAD10": "Census Tract 4433.01", "MTFCC10": "G5020", "FUNCSTAT10": "S", "ALAND10": 1602359, "AWATER10": 0, "INTPTLAT10": "+37.4707218", "INTPTLON10": "-121.9128679", "GISJOIN": "G0600010443301", "Shape_area": 1602358.28142, "Shape_len": 6753.03098881, "YEAR": 2010, "REGIONA": 4, "DIVISIONA": 9, "STATE": "California", "STATEA": 6, "COUNTY": "Alameda County", "COUNTYA": 1, "COUSUBA": NaN, "PLACEA": NaN, "TRACTA": 443301, "BLKGRPA": NaN, "BLOCKA": NaN, "CONCITA": NaN, "AIANHHA": NaN, "RES_ONLYA": NaN, "TRUSTA": NaN, "AITSCEA": NaN, "TTRACTA": NaN, "TBLKGRPA": NaN, "ANRCA": NaN, "CBSAA": 41860, "METDIVA": 36084, "CSAA": 488, "NECTAA": NaN, "NECTADIVA": NaN, "CNECTAA": NaN, "UAA": NaN, "URBRURALA": NaN, "CDA": NaN, "SLDUA": NaN, "SLDLA": NaN, "ZCTA5A": NaN, "SUBMCDA": NaN, "SDELMA": NaN, "SDSECA": NaN, "SDUNIA": NaN, "NAME": "Census Tract 4433.01", "SABINSA": NaN, "TOTPOP": 4074, "H7X001": 4074, "WHITE": 1371, "BLACK": 67, "AIAN": 2, "ASIAN": 2380, "NHPI": 16, "H7X007": 71, "H7X008": 167, "H7Y001": 4074, "H7Y002": 3799, "HISP": 275, "C_X": -2242180.488899667, "C_Y": 304473.3961000005, "id": 3718}, {"boundary_node": false, "area": 2229950.087715786, "STATEFP10": "06", "COUNTYFP10": "001", "TRACTCE10": "441700", "GEOID10": "06001441700", "NAME10": "4417", "NAMELSAD10": "Census Tract 4417", "MTFCC10": "G5020", "FUNCSTAT10": "S", "ALAND10": 2229947, "AWATER10": 0, "INTPTLAT10": "+37.5532064", "INTPTLON10": "-122.0116314", "GISJOIN": "G0600010441700", "Shape_area": 2229950.08772, "Shape_len": 8183.64270849, "YEAR": 2010, "REGIONA": 4, "DIVISIONA": 9, "STATE": "California", "STATEA": 6, "COUNTY": "Alameda County", "COUNTYA": 1, "COUSUBA": NaN, "PLACEA": NaN, "TRACTA": 441700, "BLKGRPA": NaN, "BLOCKA": NaN, "CONCITA": NaN, "AIANHHA": NaN, "RES_ONLYA": NaN, "TRUSTA": NaN, "AITSCEA": NaN, "TTRACTA": NaN, "TBLKGRPA": NaN, "ANRCA": NaN, "CBSAA": 41860, "METDIVA": 36084, "CSAA": 488, "NECTAA": NaN, "NECTADIVA": NaN, "CNECTAA": NaN, "UAA": NaN, "URBRURALA": NaN, "CDA": NaN, "SLDUA": NaN, "SLDLA": NaN, "ZCTA5A": NaN, "SUBMCDA": NaN, "SDELMA": NaN, "SDSECA": NaN, "SDUNIA": NaN, "NAME": "Census Tract 4417", "SABINSA": NaN, "TOTPOP": 7436, "H7X001": 7436, "WHITE": 2749, "BLACK": 418, "AIAN": 86, "ASIAN": 2856, "NHPI": 73, "H7X007": 698, "H7X008": 556, "H7Y001": 7436, "H7Y002": 5728, "HISP": 1708, "C_X": -2248086.089387252, "C_Y": 315411.79330000095, "id": 3719}, {"boundary_node": false, "area": 5386823.526977813, "STATEFP10": "06", "COUNTYFP10": "001", "TRACTCE10": "444602", "GEOID10": "06001444602", "NAME10": "4446.02", "NAMELSAD10": "Census Tract 4446.02", "MTFCC10": "G5020", "FUNCSTAT10": "S", "ALAND10": 5386824, "AWATER10": 0, "INTPTLAT10": "+37.5122564", "INTPTLON10": "-122.0030673", "GISJOIN": "G0600010444602", "Shape_area": 5386823.52698, "Shape_len": 11309.0664058, "YEAR": 2010, "REGIONA": 4, "DIVISIONA": 9, "STATE": "California", "STATEA": 6, "COUNTY": "Alameda County", "COUNTYA": 1, "COUSUBA": NaN, "PLACEA": NaN, "TRACTA": 444602, "BLKGRPA": NaN, "BLOCKA": NaN, "CONCITA": NaN, "AIANHHA": NaN, "RES_ONLYA": NaN, "TRUSTA": NaN, "AITSCEA": NaN, "TTRACTA": NaN, "TBLKGRPA": NaN, "ANRCA": NaN, "CBSAA": 41860, "METDIVA": 36084, "CSAA": 488, "NECTAA": NaN, "NECTADIVA": NaN, "CNECTAA": NaN, "UAA": NaN, "URBRURALA": NaN, "CDA": NaN, "SLDUA": NaN, "SLDLA": NaN, "ZCTA5A": NaN, "SUBMCDA": NaN, "SDELMA": NaN, "SDSECA": NaN, "SDUNIA": NaN, "NAME": "Census Tract 4446.02", "SABINSA": NaN, "TOTPOP": 4014, "H7X001": 4014, "WHITE": 1195, "BLACK": 297, "AIAN": 13, "ASIAN": 2050, "NHPI": 22, "H7X007": 187, "H7X008": 250, "H7Y001": 4014, "H7Y002": 3479, "HISP": 535, "C_X": -2248597.156497958, "C_Y": 310875.57839999907, "id": 3726}, {"boundary_node": false, "area": 1506721.3182662078, "STATEFP10": "06", "COUNTYFP10": "001", "TRACTCE10": "441923", "GEOID10": "06001441923", "NAME10": "4419.23", "NAMELSAD10": "Census Tract 4419.23", "MTFCC10": "G5020", "FUNCSTAT10": "S", "ALAND10": 1506724, "AWATER10": 0, "INTPTLAT10": "+37.5509731", "INTPTLON10": "-121.9850086", "GISJOIN": "G0600010441923", "Shape_area": 1506721.31827, "Shape_len": 5414.77449324, "YEAR": 2010, "REGIONA": 4, "DIVISIONA": 9, "STATE": "California", "STATEA": 6, "COUNTY": "Alameda County", "COUNTYA": 1, "COUSUBA": NaN, "PLACEA": NaN, "TRACTA": 441923, "BLKGRPA": NaN, "BLOCKA": NaN, "CONCITA": NaN, "AIANHHA": NaN, "RES_ONLYA": NaN, "TRUSTA": NaN, "AITSCEA": NaN, "TTRACTA": NaN, "TBLKGRPA": NaN, "ANRCA": NaN, "CBSAA": 41860, "METDIVA": 36084, "CSAA": 488, "NECTAA": NaN, "NECTADIVA": NaN, "CNECTAA": NaN, "UAA": NaN, "URBRURALA": NaN, "CDA": NaN, "SLDUA": NaN, "SLDLA": NaN, "ZCTA5A": NaN, "SUBMCDA": NaN, "SDELMA": NaN, "SDSECA": NaN, "SDUNIA": NaN, "NAME": "Census Tract 4419.23", "SABINSA": NaN, "TOTPOP": 5605, "H7X001": 5605, "WHITE": 1362, "BLACK": 239, "AIAN": 44, "ASIAN": 3028, "NHPI": 35, "H7X007": 552, "H7X008": 345, "H7Y001": 5605, "H7Y002": 4652, "HISP": 953, "C_X": -2245662.347985699, "C_Y": 314660.6367000011, "id": 3732}, {"boundary_node": true, "boundary_perim": 50346.18055910449, "area": 77476450.08204824, "STATEFP10": "06", "COUNTYFP10": "001", "TRACTCE10": "441503", "GEOID10": "06001441503", "NAME10": "4415.03", "NAMELSAD10": "Census Tract 4415.03", "MTFCC10": "G5020", "FUNCSTAT10": "S", "ALAND10": 77476439, "AWATER10": 12542580, "INTPTLAT10": "+37.4731786", "INTPTLON10": "-121.9444248", "GISJOIN": "G0600010441503", "Shape_area": 77476450.082, "Shape_len": 106431.727944, "YEAR": 2010, "REGIONA": 4, "DIVISIONA": 9, "STATE": "California", "STATEA": 6, "COUNTY": "Alameda County", "COUNTYA": 1, "COUSUBA": NaN, "PLACEA": NaN, "TRACTA": 441503, "BLKGRPA": NaN, "BLOCKA": NaN, "CONCITA": NaN, "AIANHHA": NaN, "RES_ONLYA": NaN, "TRUSTA": NaN, "AITSCEA": NaN, "TTRACTA": NaN, "TBLKGRPA": NaN, "ANRCA": NaN, "CBSAA": 41860, "METDIVA": 36084, "CSAA": 488, "NECTAA": NaN, "NECTADIVA": NaN, "CNECTAA": NaN, "UAA": NaN, "URBRURALA": NaN, "CDA": NaN, "SLDUA": NaN, "SLDLA": NaN, "ZCTA5A": NaN, "SUBMCDA": NaN, "SDELMA": NaN, "SDSECA": NaN, "SDUNIA": NaN, "NAME": "Census Tract 4415.03", "SABINSA": NaN, "TOTPOP": 5389, "H7X001": 5389, "WHITE": 625, "BLACK": 96, "AIAN": 12, "ASIAN": 4347, "NHPI": 12, "H7X007": 75, "H7X008": 222, "H7Y001": 5389, "H7Y002": 5165, "HISP": 224, "C_X": -2246265.8071069075, "C_Y": 308573.6983500009, "id": 3735}, {"boundary_node": true, "boundary_perim": 1935.1310035513516, "area": 1963775.7162873903, "STATEFP10": "06", "COUNTYFP10": "001", "TRACTCE10": "444500", "GEOID10": "06001444500", "NAME10": "4445", "NAMELSAD10": "Census Tract 4445", "MTFCC10": "G5020", "FUNCSTAT10": "S", "ALAND10": 1963778, "AWATER10": 0, "INTPTLAT10": "+37.5342611", "INTPTLON10": "-122.0273559", "GISJOIN": "G0600010444500", "Shape_area": 1963775.71629, "Shape_len": 6698.85649322, "YEAR": 2010, "REGIONA": 4, "DIVISIONA": 9, "STATE": "California", "STATEA": 6, "COUNTY": "Alameda County", "COUNTYA": 1, "COUSUBA": NaN, "PLACEA": NaN, "TRACTA": 444500, "BLKGRPA": NaN, "BLOCKA": NaN, "CONCITA": NaN, "AIANHHA": NaN, "RES_ONLYA": NaN, "TRUSTA": NaN, "AITSCEA": NaN, "TTRACTA": NaN, "TBLKGRPA": NaN, "ANRCA": NaN, "CBSAA": 41860, "METDIVA": 36084, "CSAA": 488, "NECTAA": NaN, "NECTADIVA": NaN, "CNECTAA": NaN, "UAA": NaN, "URBRURALA": NaN, "CDA": NaN, "SLDUA": NaN, "SLDLA": NaN, "ZCTA5A": NaN, "SUBMCDA": NaN, "SDELMA": NaN, "SDSECA": NaN, "SDUNIA": NaN, "NAME": "Census Tract 4445", "SABINSA": NaN, "TOTPOP": 6696, "H7X001": 6696, "WHITE": 2089, "BLACK": 380, "AIAN": 44, "ASIAN": 2024, "NHPI": 84, "H7X007": 1653, "H7X008": 422, "H7Y001": 6696, "H7Y002": 4024, "HISP": 2672, "C_X": -2249676.1334766084, "C_Y": 313947.602200001, "id": 3736}, {"boundary_node": false, "area": 963010.1841878018, "STATEFP10": "06", "COUNTYFP10": "001", "TRACTCE10": "442302", "GEOID10": "06001442302", "NAME10": "4423.02", "NAMELSAD10": "Census Tract 4423.02", "MTFCC10": "G5020", "FUNCSTAT10": "S", "ALAND10": 963013, "AWATER10": 0, "INTPTLAT10": "+37.5362999", "INTPTLON10": "-121.9600524", "GISJOIN": "G0600010442302", "Shape_area": 963010.184188, "Shape_len": 4365.7691508, "YEAR": 2010, "REGIONA": 4, "DIVISIONA": 9, "STATE": "California", "STATEA": 6, "COUNTY": "Alameda County", "COUNTYA": 1, "COUSUBA": NaN, "PLACEA": NaN, "TRACTA": 442302, "BLKGRPA": NaN, "BLOCKA": NaN, "CONCITA": NaN, "AIANHHA": NaN, "RES_ONLYA": NaN, "TRUSTA": NaN, "AITSCEA": NaN, "TTRACTA": NaN, "TBLKGRPA": NaN, "ANRCA": NaN, "CBSAA": 41860, "METDIVA": 36084, "CSAA": 488, "NECTAA": NaN, "NECTADIVA": NaN, "CNECTAA": NaN, "UAA": NaN, "URBRURALA": NaN, "CDA": NaN, "SLDUA": NaN, "SLDLA": NaN, "ZCTA5A": NaN, "SUBMCDA": NaN, "SDELMA": NaN, "SDSECA": NaN, "SDUNIA": NaN, "NAME": "Census Tract 4423.02", "SABINSA": NaN, "TOTPOP": 4788, "H7X001": 4788, "WHITE": 1586, "BLACK": 397, "AIAN": 21, "ASIAN": 1898, "NHPI": 51, "H7X007": 483, "H7X008": 352, "H7Y001": 4788, "H7Y002": 3772, "HISP": 1016, "C_X": -2244075.1950213313, "C_Y": 312547.9893500013, "id": 3740}, {"boundary_node": false, "area": 650132.5559717905, "STATEFP10": "06", "COUNTYFP10": "001", "TRACTCE10": "441927", "GEOID10": "06001441927", "NAME10": "4419.27", "NAMELSAD10": "Census Tract 4419.27", "MTFCC10": "G5020", "FUNCSTAT10": "S", "ALAND10": 650131, "AWATER10": 0, "INTPTLAT10": "+37.5465021", "INTPTLON10": "-121.9765770", "GISJOIN": "G0600010441927", "Shape_area": 650132.555972, "Shape_len": 3355.91618607, "YEAR": 2010, "REGIONA": 4, "DIVISIONA": 9, "STATE": "California", "STATEA": 6, "COUNTY": "Alameda County", "COUNTYA": 1, "COUSUBA": NaN, "PLACEA": NaN, "TRACTA": 441927, "BLKGRPA": NaN, "BLOCKA": NaN, "CONCITA": NaN, "AIANHHA": NaN, "RES_ONLYA": NaN, "TRUSTA": NaN, "AITSCEA": NaN, "TTRACTA": NaN, "TBLKGRPA": NaN, "ANRCA": NaN, "CBSAA": 41860, "METDIVA": 36084, "CSAA": 488, "NECTAA": NaN, "NECTADIVA": NaN, "CNECTAA": NaN, "UAA": NaN, "URBRURALA": NaN, "CDA": NaN, "SLDUA": NaN, "SLDLA": NaN, "ZCTA5A": NaN, "SUBMCDA": NaN, "SDELMA": NaN, "SDSECA": NaN, "SDUNIA": NaN, "NAME": "Census Tract 4419.27", "SABINSA": NaN, "TOTPOP": 4103, "H7X001": 4103, "WHITE": 982, "BLACK": 233, "AIAN": 7, "ASIAN": 2336, "NHPI": 44, "H7X007": 243, "H7X008": 258, "H7Y001": 4103, "H7Y002": 3619, "HISP": 484, "C_X": -2245212.4888730766, "C_Y": 313945.58859999967, "id": 3741}, {"boundary_node": false, "area": 3268076.6123992656, "STATEFP10": "06", "COUNTYFP10": "001", "TRACTCE10": "441925", "GEOID10": "06001441925", "NAME10": "4419.25", "NAMELSAD10": "Census Tract 4419.25", "MTFCC10": "G5020", "FUNCSTAT10": "S", "ALAND10": 3003332, "AWATER10": 264744, "INTPTLAT10": "+37.5500775", "INTPTLON10": "-121.9630732", "GISJOIN": "G0600010441925", "Shape_area": 3268076.6124, "Shape_len": 7429.79153099, "YEAR": 2010, "REGIONA": 4, "DIVISIONA": 9, "STATE": "California", "STATEA": 6, "COUNTY": "Alameda County", "COUNTYA": 1, "COUSUBA": NaN, "PLACEA": NaN, "TRACTA": 441925, "BLKGRPA": NaN, "BLOCKA": NaN, "CONCITA": NaN, "AIANHHA": NaN, "RES_ONLYA": NaN, "TRUSTA": NaN, "AITSCEA": NaN, "TTRACTA": NaN, "TBLKGRPA": NaN, "ANRCA": NaN, "CBSAA": 41860, "METDIVA": 36084, "CSAA": 488, "NECTAA": NaN, "NECTADIVA": NaN, "CNECTAA": NaN, "UAA": NaN, "URBRURALA": NaN, "CDA": NaN, "SLDUA": NaN, "SLDLA": NaN, "ZCTA5A": NaN, "SUBMCDA": NaN, "SDELMA": NaN, "SDSECA": NaN, "SDUNIA": NaN, "NAME": "Census Tract 4419.25", "SABINSA": NaN, "TOTPOP": 6159, "H7X001": 6159, "WHITE": 1562, "BLACK": 276, "AIAN": 26, "ASIAN": 3632, "NHPI": 43, "H7X007": 187, "H7X008": 433, "H7Y001": 6159, "H7Y002": 5648, "HISP": 511, "C_X": -2243997.766242774, "C_Y": 314328.826850001, "id": 3742}, {"boundary_node": false, "area": 2184665.374644451, "STATEFP10": "06", "COUNTYFP10": "001", "TRACTCE10": "441924", "GEOID10": "06001441924", "NAME10": "4419.24", "NAMELSAD10": "Census Tract 4419.24", "MTFCC10": "G5020", "FUNCSTAT10": "S", "ALAND10": 2184662, "AWATER10": 0, "INTPTLAT10": "+37.5647659", "INTPTLON10": "-121.9732494", "GISJOIN": "G0600010441924", "Shape_area": 2184665.37464, "Shape_len": 6719.18715927, "YEAR": 2010, "REGIONA": 4, "DIVISIONA": 9, "STATE": "California", "STATEA": 6, "COUNTY": "Alameda County", "COUNTYA": 1, "COUSUBA": NaN, "PLACEA": NaN, "TRACTA": 441924, "BLKGRPA": NaN, "BLOCKA": NaN, "CONCITA": NaN, "AIANHHA": NaN, "RES_ONLYA": NaN, "TRUSTA": NaN, "AITSCEA": NaN, "TTRACTA": NaN, "TBLKGRPA": NaN, "ANRCA": NaN, "CBSAA": 41860, "METDIVA": 36084, "CSAA": 488, "NECTAA": NaN, "NECTADIVA": NaN, "CNECTAA": NaN, "UAA": NaN, "URBRURALA": NaN, "CDA": NaN, "SLDUA": NaN, "SLDLA": NaN, "ZCTA5A": NaN, "SUBMCDA": NaN, "SDELMA": NaN, "SDSECA": NaN, "SDUNIA": NaN, "NAME": "Census Tract 4419.24", "SABINSA": NaN, "TOTPOP": 7301, "H7X001": 7301, "WHITE": 2084, "BLACK": 240, "AIAN": 41, "ASIAN": 4083, "NHPI": 24, "H7X007": 399, "H7X008": 430, "H7Y001": 7301, "H7Y002": 6298, "HISP": 1003, "C_X": -2244110.01119693, "C_Y": 315763.1211499993, "id": 3743}, {"boundary_node": false, "area": 1291642.9555147158, "STATEFP10": "06", "COUNTYFP10": "001", "TRACTCE10": "441601", "GEOID10": "06001441601", "NAME10": "4416.01", "NAMELSAD10": "Census Tract 4416.01", "MTFCC10": "G5020", "FUNCSTAT10": "S", "ALAND10": 1291642, "AWATER10": 0, "INTPTLAT10": "+37.5635007", "INTPTLON10": "-122.0305372", "GISJOIN": "G0600010441601", "Shape_area": 1291642.95551, "Shape_len": 4587.31122774, "YEAR": 2010, "REGIONA": 4, "DIVISIONA": 9, "STATE": "California", "STATEA": 6, "COUNTY": "Alameda County", "COUNTYA": 1, "COUSUBA": NaN, "PLACEA": NaN, "TRACTA": 441601, "BLKGRPA": NaN, "BLOCKA": NaN, "CONCITA": NaN, "AIANHHA": NaN, "RES_ONLYA": NaN, "TRUSTA": NaN, "AITSCEA": NaN, "TTRACTA": NaN, "TBLKGRPA": NaN, "ANRCA": NaN, "CBSAA": 41860, "METDIVA": 36084, "CSAA": 488, "NECTAA": NaN, "NECTADIVA": NaN, "CNECTAA": NaN, "UAA": NaN, "URBRURALA": NaN, "CDA": NaN, "SLDUA": NaN, "SLDLA": NaN, "ZCTA5A": NaN, "SUBMCDA": NaN, "SDELMA": NaN, "SDSECA": NaN, "SDUNIA": NaN, "NAME": "Census Tract 4416.01", "SABINSA": NaN, "TOTPOP": 4561, "H7X001": 4561, "WHITE": 2070, "BLACK": 206, "AIAN": 19, "ASIAN": 1449, "NHPI": 23, "H7X007": 454, "H7X008": 340, "H7Y001": 4561, "H7Y002": 3464, "HISP": 1097, "C_X": -2249173.1190937324, "C_Y": 317111.27880000183, "id": 3746}, {"boundary_node": false, "area": 1279075.8826470543, "STATEFP10": "06", "COUNTYFP10": "001", "TRACTCE10": "442800", "GEOID10": "06001442800", "NAME10": "4428", "NAMELSAD10": "Census Tract 4428", "MTFCC10": "G5020", "FUNCSTAT10": "S", "ALAND10": 1279073, "AWATER10": 0, "INTPTLAT10": "+37.5293622", "INTPTLON10": "-121.9931032", "GISJOIN": "G0600010442800", "Shape_area": 1279075.88265, "Shape_len": 4766.23358061, "YEAR": 2010, "REGIONA": 4, "DIVISIONA": 9, "STATE": "California", "STATEA": 6, "COUNTY": "Alameda County", "COUNTYA": 1, "COUSUBA": NaN, "PLACEA": NaN, "TRACTA": 442800, "BLKGRPA": NaN, "BLOCKA": NaN, "CONCITA": NaN, "AIANHHA": NaN, "RES_ONLYA": NaN, "TRUSTA": NaN, "AITSCEA": NaN, "TTRACTA": NaN, "TBLKGRPA": NaN, "ANRCA": NaN, "CBSAA": 41860, "METDIVA": 36084, "CSAA": 488, "NECTAA": NaN, "NECTADIVA": NaN, "CNECTAA": NaN, "UAA": NaN, "URBRURALA": NaN, "CDA": NaN, "SLDUA": NaN, "SLDLA": NaN, "ZCTA5A": NaN, "SUBMCDA": NaN, "SDELMA": NaN, "SDSECA": NaN, "SDUNIA": NaN, "NAME": "Census Tract 4428", "SABINSA": NaN, "TOTPOP": 2816, "H7X001": 2816, "WHITE": 1290, "BLACK": 82, "AIAN": 19, "ASIAN": 939, "NHPI": 19, "H7X007": 268, "H7X008": 199, "H7Y001": 2816, "H7Y002": 2146, "HISP": 670, "C_X": -2247084.6720853783, "C_Y": 312521.58850000054, "id": 3758}, {"boundary_node": false, "area": 15518518.738733284, "STATEFP10": "06", "COUNTYFP10": "001", "TRACTCE10": "443103", "GEOID10": "06001443103", "NAME10": "4431.03", "NAMELSAD10": "Census Tract 4431.03", "MTFCC10": "G5020", "FUNCSTAT10": "S", "ALAND10": 15518521, "AWATER10": 0, "INTPTLAT10": "+37.5273674", "INTPTLON10": "-121.9027992", "GISJOIN": "G0600010443103", "Shape_area": 15518518.7387, "Shape_len": 18380.550341, "YEAR": 2010, "REGIONA": 4, "DIVISIONA": 9, "STATE": "California", "STATEA": 6, "COUNTY": "Alameda County", "COUNTYA": 1, "COUSUBA": NaN, "PLACEA": NaN, "TRACTA": 443103, "BLKGRPA": NaN, "BLOCKA": NaN, "CONCITA": NaN, "AIANHHA": NaN, "RES_ONLYA": NaN, "TRUSTA": NaN, "AITSCEA": NaN, "TTRACTA": NaN, "TBLKGRPA": NaN, "ANRCA": NaN, "CBSAA": 41860, "METDIVA": 36084, "CSAA": 488, "NECTAA": NaN, "NECTADIVA": NaN, "CNECTAA": NaN, "UAA": NaN, "URBRURALA": NaN, "CDA": NaN, "SLDUA": NaN, "SLDLA": NaN, "ZCTA5A": NaN, "SUBMCDA": NaN, "SDELMA": NaN, "SDSECA": NaN, "SDUNIA": NaN, "NAME": "Census Tract 4431.03", "SABINSA": NaN, "TOTPOP": 4029, "H7X001": 4029, "WHITE": 574, "BLACK": 32, "AIAN": 1, "ASIAN": 3293, "NHPI": 3, "H7X007": 16, "H7X008": 110, "H7Y001": 4029, "H7Y002": 3932, "HISP": 97, "C_X": -2239330.9470768077, "C_Y": 310316.911950001, "id": 3759}, {"boundary_node": true, "boundary_perim": 2495.820294010673, "area": 1405902.5442297482, "STATEFP10": "06", "COUNTYFP10": "001", "TRACTCE10": "440307", "GEOID10": "06001440307", "NAME10": "4403.07", "NAMELSAD10": "Census Tract 4403.07", "MTFCC10": "G5020", "FUNCSTAT10": "S", "ALAND10": 1405902, "AWATER10": 0, "INTPTLAT10": "+37.5911419", "INTPTLON10": "-122.0486869", "GISJOIN": "G0600010440307", "Shape_area": 1405902.54423, "Shape_len": 6185.74825379, "YEAR": 2010, "REGIONA": 4, "DIVISIONA": 9, "STATE": "California", "STATEA": 6, "COUNTY": "Alameda County", "COUNTYA": 1, "COUSUBA": NaN, "PLACEA": NaN, "TRACTA": 440307, "BLKGRPA": NaN, "BLOCKA": NaN, "CONCITA": NaN, "AIANHHA": NaN, "RES_ONLYA": NaN, "TRUSTA": NaN, "AITSCEA": NaN, "TTRACTA": NaN, "TBLKGRPA": NaN, "ANRCA": NaN, "CBSAA": 41860, "METDIVA": 36084, "CSAA": 488, "NECTAA": NaN, "NECTADIVA": NaN, "CNECTAA": NaN, "UAA": NaN, "URBRURALA": NaN, "CDA": NaN, "SLDUA": NaN, "SLDLA": NaN, "ZCTA5A": NaN, "SUBMCDA": NaN, "SDELMA": NaN, "SDSECA": NaN, "SDUNIA": NaN, "NAME": "Census Tract 4403.07", "SABINSA": NaN, "TOTPOP": 4219, "H7X001": 4219, "WHITE": 1534, "BLACK": 314, "AIAN": 20, "ASIAN": 1738, "NHPI": 51, "H7X007": 322, "H7X008": 240, "H7Y001": 4219, "H7Y002": 3342, "HISP": 877, "C_X": -2249986.9167336244, "C_Y": 320687.69854999986, "id": 3761}, {"boundary_node": true, "boundary_perim": 14014.82950058218, "area": 16957740.859797098, "STATEFP10": "06", "COUNTYFP10": "085", "TRACTCE10": "504420", "GEOID10": "06085504420", "NAME10": "5044.20", "NAMELSAD10": "Census Tract 5044.20", "MTFCC10": "G5020", "FUNCSTAT10": "S", "ALAND10": 16818824, "AWATER10": 138917, "INTPTLAT10": "+37.4597212", "INTPTLON10": "-121.8680063", "GISJOIN": "G0600850504420", "Shape_area": 16957740.8598, "Shape_len": 19882.1713526, "YEAR": 2010, "REGIONA": 4, "DIVISIONA": 9, "STATE": "California", "STATEA": 6, "COUNTY": "Santa Clara County", "COUNTYA": 85, "COUSUBA": NaN, "PLACEA": NaN, "TRACTA": 504420, "BLKGRPA": NaN, "BLOCKA": NaN, "CONCITA": NaN, "AIANHHA": NaN, "RES_ONLYA": NaN, "TRUSTA": NaN, "AITSCEA": NaN, "TTRACTA": NaN, "TBLKGRPA": NaN, "ANRCA": NaN, "CBSAA": 41940, "METDIVA": 99999, "CSAA": 488, "NECTAA": NaN, "NECTADIVA": NaN, "CNECTAA": NaN, "UAA": NaN, "URBRURALA": NaN, "CDA": NaN, "SLDUA": NaN, "SLDLA": NaN, "ZCTA5A": NaN, "SUBMCDA": NaN, "SDELMA": NaN, "SDSECA": NaN, "SDUNIA": NaN, "NAME": "Census Tract 5044.20", "SABINSA": NaN, "TOTPOP": 4555, "H7X001": 4555, "WHITE": 1071, "BLACK": 62, "AIAN": 21, "ASIAN": 3002, "NHPI": 11, "H7X007": 211, "H7X008": 177, "H7Y001": 4555, "H7Y002": 4046, "HISP": 509, "C_X": -2238862.9377582083, "C_Y": 302221.1071500005, "id": 9043}, {"boundary_node": true, "boundary_perim": 56376.2885712192, "area": 57421518.78001789, "STATEFP10": "06", "COUNTYFP10": "085", "TRACTCE10": "504602", "GEOID10": "06085504602", "NAME10": "5046.02", "NAMELSAD10": "Census Tract 5046.02", "MTFCC10": "G5020", "FUNCSTAT10": "S", "ALAND10": 57092745, "AWATER10": 6754901, "INTPTLAT10": "+37.4495367", "INTPTLON10": "-121.9948126", "GISJOIN": "G0600850504602", "Shape_area": 57421518.78, "Shape_len": 62665.9169839, "YEAR": 2010, "REGIONA": 4, "DIVISIONA": 9, "STATE": "California", "STATEA": 6, "COUNTY": "Santa Clara County", "COUNTYA": 85, "COUSUBA": NaN, "PLACEA": NaN, "TRACTA": 504602, "BLKGRPA": NaN, "BLOCKA": NaN, "CONCITA": NaN, "AIANHHA": NaN, "RES_ONLYA": NaN, "TRUSTA": NaN, "AITSCEA": NaN, "TTRACTA": NaN, "TBLKGRPA": NaN, "ANRCA": NaN, "CBSAA": 41940, "METDIVA": 99999, "CSAA": 488, "NECTAA": NaN, "NECTADIVA": NaN, "CNECTAA": NaN, "UAA": NaN, "URBRURALA": NaN, "CDA": NaN, "SLDUA": NaN, "SLDLA": NaN, "ZCTA5A": NaN, "SUBMCDA": NaN, "SDELMA": NaN, "SDSECA": NaN, "SDUNIA": NaN, "NAME": "Census Tract 5046.02", "SABINSA": NaN, "TOTPOP": 2144, "H7X001": 2144, "WHITE": 836, "BLACK": 46, "AIAN": 28, "ASIAN": 361, "NHPI": 7, "H7X007": 770, "H7X008": 96, "H7Y001": 2144, "H7Y002": 834, "HISP": 1310, "C_X": -2246560.5077591366, "C_Y": 302733.0613000016, "id": 9107}, {"boundary_node": false, "area": 467502.5424586481, "STATEFP10": "06", "COUNTYFP10": "001", "TRACTCE10": "441523", "GEOID10": "06001441523", "NAME10": "4415.23", "NAMELSAD10": "Census Tract 4415.23", "MTFCC10": "G5020", "FUNCSTAT10": "S", "ALAND10": 467502, "AWATER10": 0, "INTPTLAT10": "+37.5647793", "INTPTLON10": "-122.0464869", "GISJOIN": "G0600010441523", "Shape_area": 467502.542459, "Shape_len": 2656.12060668, "YEAR": 2010, "REGIONA": 4, "DIVISIONA": 9, "STATE": "California", "STATEA": 6, "COUNTY": "Alameda County", "COUNTYA": 1, "COUSUBA": NaN, "PLACEA": NaN, "TRACTA": 441523, "BLKGRPA": NaN, "BLOCKA": NaN, "CONCITA": NaN, "AIANHHA": NaN, "RES_ONLYA": NaN, "TRUSTA": NaN, "AITSCEA": NaN, "TTRACTA": NaN, "TBLKGRPA": NaN, "ANRCA": NaN, "CBSAA": 41860, "METDIVA": 36084, "CSAA": 488, "NECTAA": NaN, "NECTADIVA": NaN, "CNECTAA": NaN, "UAA": NaN, "URBRURALA": NaN, "CDA": NaN, "SLDUA": NaN, "SLDLA": NaN, "ZCTA5A": NaN, "SUBMCDA": NaN, "SDELMA": NaN, "SDSECA": NaN, "SDUNIA": NaN, "NAME": "Census Tract 4415.23", "SABINSA": NaN, "TOTPOP": 4077, "H7X001": 4077, "WHITE": 578, "BLACK": 103, "AIAN": 13, "ASIAN": 3045, "NHPI": 22, "H7X007": 91, "H7X008": 225, "H7Y001": 4077, "H7Y002": 3824, "HISP": 253, "C_X": -2250470.4981828965, "C_Y": 317587.17204999947, "id": 9961}, {"boundary_node": false, "area": 8127726.264155766, "STATEFP10": "06", "COUNTYFP10": "001", "TRACTCE10": "442000", "GEOID10": "06001442000", "NAME10": "4420", "NAMELSAD10": "Census Tract 4420", "MTFCC10": "G5020", "FUNCSTAT10": "S", "ALAND10": 8127719, "AWATER10": 0, "INTPTLAT10": "+37.5592488", "INTPTLON10": "-121.9351067", "GISJOIN": "G0600010442000", "Shape_area": 8127726.26416, "Shape_len": 13893.9957494, "YEAR": 2010, "REGIONA": 4, "DIVISIONA": 9, "STATE": "California", "STATEA": 6, "COUNTY": "Alameda County", "COUNTYA": 1, "COUSUBA": NaN, "PLACEA": NaN, "TRACTA": 442000, "BLKGRPA": NaN, "BLOCKA": NaN, "CONCITA": NaN, "AIANHHA": NaN, "RES_ONLYA": NaN, "TRUSTA": NaN, "AITSCEA": NaN, "TTRACTA": NaN, "TBLKGRPA": NaN, "ANRCA": NaN, "CBSAA": 41860, "METDIVA": 36084, "CSAA": 488, "NECTAA": NaN, "NECTADIVA": NaN, "CNECTAA": NaN, "UAA": NaN, "URBRURALA": NaN, "CDA": NaN, "SLDUA": NaN, "SLDLA": NaN, "ZCTA5A": NaN, "SUBMCDA": NaN, "SDELMA": NaN, "SDSECA": NaN, "SDUNIA": NaN, "NAME": "Census Tract 4420", "SABINSA": NaN, "TOTPOP": 3212, "H7X001": 3212, "WHITE": 786, "BLACK": 21, "AIAN": 1, "ASIAN": 2238, "NHPI": 5, "H7X007": 26, "H7X008": 135, "H7Y001": 3212, "H7Y002": 3097, "HISP": 115, "C_X": -2241376.047946592, "C_Y": 314069.29599999916, "id": 9964}, {"boundary_node": true, "boundary_perim": 3094.8870509735616, "area": 3015395.201661191, "STATEFP10": "06", "COUNTYFP10": "001", "TRACTCE10": "444100", "GEOID10": "06001444100", "NAME10": "4441", "NAMELSAD10": "Census Tract 4441", "MTFCC10": "G5020", "FUNCSTAT10": "S", "ALAND10": 2954867, "AWATER10": 60530, "INTPTLAT10": "+37.5509780", "INTPTLON10": "-122.0361606", "GISJOIN": "G0600010444100", "Shape_area": 3015395.20166, "Shape_len": 7774.78071934, "YEAR": 2010, "REGIONA": 4, "DIVISIONA": 9, "STATE": "California", "STATEA": 6, "COUNTY": "Alameda County", "COUNTYA": 1, "COUSUBA": NaN, "PLACEA": NaN, "TRACTA": 444100, "BLKGRPA": NaN, "BLOCKA": NaN, "CONCITA": NaN, "AIANHHA": NaN, "RES_ONLYA": NaN, "TRUSTA": NaN, "AITSCEA": NaN, "TTRACTA": NaN, "TBLKGRPA": NaN, "ANRCA": NaN, "CBSAA": 41860, "METDIVA": 36084, "CSAA": 488, "NECTAA": NaN, "NECTADIVA": NaN, "CNECTAA": NaN, "UAA": NaN, "URBRURALA": NaN, "CDA": NaN, "SLDUA": NaN, "SLDLA": NaN, "ZCTA5A": NaN, "SUBMCDA": NaN, "SDELMA": NaN, "SDSECA": NaN, "SDUNIA": NaN, "NAME": "Census Tract 4441", "SABINSA": NaN, "TOTPOP": 7280, "H7X001": 7280, "WHITE": 3835, "BLACK": 254, "AIAN": 20, "ASIAN": 1602, "NHPI": 106, "H7X007": 959, "H7X008": 504, "H7Y001": 7280, "H7Y002": 5180, "HISP": 2100, "C_X": -2250190.411073004, "C_Y": 316003.8927000009, "id": 9973}, {"boundary_node": true, "boundary_perim": 2353.654584756221, "area": 2624990.341433519, "STATEFP10": "06", "COUNTYFP10": "001", "TRACTCE10": "441501", "GEOID10": "06001441501", "NAME10": "4415.01", "NAMELSAD10": "Census Tract 4415.01", "MTFCC10": "G5020", "FUNCSTAT10": "S", "ALAND10": 2624991, "AWATER10": 0, "INTPTLAT10": "+37.5699748", "INTPTLON10": "-122.0724418", "GISJOIN": "G0600010441501", "Shape_area": 2624990.34143, "Shape_len": 8198.38413298, "YEAR": 2010, "REGIONA": 4, "DIVISIONA": 9, "STATE": "California", "STATEA": 6, "COUNTY": "Alameda County", "COUNTYA": 1, "COUSUBA": NaN, "PLACEA": NaN, "TRACTA": 441501, "BLKGRPA": NaN, "BLOCKA": NaN, "CONCITA": NaN, "AIANHHA": NaN, "RES_ONLYA": NaN, "TRUSTA": NaN, "AITSCEA": NaN, "TTRACTA": NaN, "TBLKGRPA": NaN, "ANRCA": NaN, "CBSAA": 41860, "METDIVA": 36084, "CSAA": 488, "NECTAA": NaN, "NECTADIVA": NaN, "CNECTAA": NaN, "UAA": NaN, "URBRURALA": NaN, "CDA": NaN, "SLDUA": NaN, "SLDLA": NaN, "ZCTA5A": NaN, "SUBMCDA": NaN, "SDELMA": NaN, "SDSECA": NaN, "SDUNIA": NaN, "NAME": "Census Tract 4415.01", "SABINSA": NaN, "TOTPOP": 6068, "H7X001": 6068, "WHITE": 970, "BLACK": 296, "AIAN": 20, "ASIAN": 4110, "NHPI": 47, "H7X007": 164, "H7X008": 461, "H7Y001": 6068, "H7Y002": 5662, "HISP": 406, "C_X": -2251970.6521185627, "C_Y": 319077.0294500005, "id": 9980}, {"boundary_node": false, "area": 1148281.2842805865, "STATEFP10": "06", "COUNTYFP10": "001", "TRACTCE10": "443322", "GEOID10": "06001443322", "NAME10": "4433.22", "NAMELSAD10": "Census Tract 4433.22", "MTFCC10": "G5020", "FUNCSTAT10": "S", "ALAND10": 1148280, "AWATER10": 0, "INTPTLAT10": "+37.4829830", "INTPTLON10": "-121.9198352", "GISJOIN": "G0600010443322", "Shape_area": 1148281.28428, "Shape_len": 5148.86327939, "YEAR": 2010, "REGIONA": 4, "DIVISIONA": 9, "STATE": "California", "STATEA": 6, "COUNTY": "Alameda County", "COUNTYA": 1, "COUSUBA": NaN, "PLACEA": NaN, "TRACTA": 443322, "BLKGRPA": NaN, "BLOCKA": NaN, "CONCITA": NaN, "AIANHHA": NaN, "RES_ONLYA": NaN, "TRUSTA": NaN, "AITSCEA": NaN, "TTRACTA": NaN, "TBLKGRPA": NaN, "ANRCA": NaN, "CBSAA": 41860, "METDIVA": 36084, "CSAA": 488, "NECTAA": NaN, "NECTADIVA": NaN, "CNECTAA": NaN, "UAA": NaN, "URBRURALA": NaN, "CDA": NaN, "SLDUA": NaN, "SLDLA": NaN, "ZCTA5A": NaN, "SUBMCDA": NaN, "SDELMA": NaN, "SDSECA": NaN, "SDUNIA": NaN, "NAME": "Census Tract 4433.22", "SABINSA": NaN, "TOTPOP": 2985, "H7X001": 2985, "WHITE": 932, "BLACK": 47, "AIAN": 19, "ASIAN": 1742, "NHPI": 11, "H7X007": 94, "H7X008": 140, "H7Y001": 2985, "H7Y002": 2743, "HISP": 242, "C_X": -2242267.9732592218, "C_Y": 305788.6234500001, "id": 9981}, {"boundary_node": false, "area": 559914.4846349502, "STATEFP10": "06", "COUNTYFP10": "001", "TRACTCE10": "443321", "GEOID10": "06001443321", "NAME10": "4433.21", "NAMELSAD10": "Census Tract 4433.21", "MTFCC10": "G5020", "FUNCSTAT10": "S", "ALAND10": 559916, "AWATER10": 0, "INTPTLAT10": "+37.4902675", "INTPTLON10": "-121.9242947", "GISJOIN": "G0600010443321", "Shape_area": 559914.484635, "Shape_len": 3328.70145893, "YEAR": 2010, "REGIONA": 4, "DIVISIONA": 9, "STATE": "California", "STATEA": 6, "COUNTY": "Alameda County", "COUNTYA": 1, "COUSUBA": NaN, "PLACEA": NaN, "TRACTA": 443321, "BLKGRPA": NaN, "BLOCKA": NaN, "CONCITA": NaN, "AIANHHA": NaN, "RES_ONLYA": NaN, "TRUSTA": NaN, "AITSCEA": NaN, "TTRACTA": NaN, "TBLKGRPA": NaN, "ANRCA": NaN, "CBSAA": 41860, "METDIVA": 36084, "CSAA": 488, "NECTAA": NaN, "NECTADIVA": NaN, "CNECTAA": NaN, "UAA": NaN, "URBRURALA": NaN, "CDA": NaN, "SLDUA": NaN, "SLDLA": NaN, "ZCTA5A": NaN, "SUBMCDA": NaN, "SDELMA": NaN, "SDSECA": NaN, "SDUNIA": NaN, "NAME": "Census Tract 4433.21", "SABINSA": NaN, "TOTPOP": 3142, "H7X001": 3142, "WHITE": 588, "BLACK": 99, "AIAN": 14, "ASIAN": 2234, "NHPI": 12, "H7X007": 80, "H7X008": 115, "H7Y001": 3142, "H7Y002": 2902, "HISP": 240, "C_X": -2242436.368049109, "C_Y": 306678.24730000016, "id": 10001}, {"boundary_node": false, "area": 1429041.881504606, "STATEFP10": "06", "COUNTYFP10": "001", "TRACTCE10": "442301", "GEOID10": "06001442301", "NAME10": "4423.01", "NAMELSAD10": "Census Tract 4423.01", "MTFCC10": "G5020", "FUNCSTAT10": "S", "ALAND10": 1429041, "AWATER10": 0, "INTPTLAT10": "+37.5278226", "INTPTLON10": "-121.9615164", "GISJOIN": "G0600010442301", "Shape_area": 1429041.8815, "Shape_len": 5037.27942465, "YEAR": 2010, "REGIONA": 4, "DIVISIONA": 9, "STATE": "California", "STATEA": 6, "COUNTY": "Alameda County", "COUNTYA": 1, "COUSUBA": NaN, "PLACEA": NaN, "TRACTA": 442301, "BLKGRPA": NaN, "BLOCKA": NaN, "CONCITA": NaN, "AIANHHA": NaN, "RES_ONLYA": NaN, "TRUSTA": NaN, "AITSCEA": NaN, "TTRACTA": NaN, "TBLKGRPA": NaN, "ANRCA": NaN, "CBSAA": 41860, "METDIVA": 36084, "CSAA": 488, "NECTAA": NaN, "NECTADIVA": NaN, "CNECTAA": NaN, "UAA": NaN, "URBRURALA": NaN, "CDA": NaN, "SLDUA": NaN, "SLDLA": NaN, "ZCTA5A": NaN, "SUBMCDA": NaN, "SDELMA": NaN, "SDSECA": NaN, "SDUNIA": NaN, "NAME": "Census Tract 4423.01", "SABINSA": NaN, "TOTPOP": 4388, "H7X001": 4388, "WHITE": 1836, "BLACK": 167, "AIAN": 19, "ASIAN": 1748, "NHPI": 37, "H7X007": 350, "H7X008": 231, "H7Y001": 4388, "H7Y002": 3520, "HISP": 868, "C_X": -2244480.293885029, "C_Y": 311649.20559999975, "id": 10005}, {"boundary_node": false, "area": 1634595.0641500712, "STATEFP10": "06", "COUNTYFP10": "001", "TRACTCE10": "441402", "GEOID10": "06001441402", "NAME10": "4414.02", "NAMELSAD10": "Census Tract 4414.02", "MTFCC10": "G5020", "FUNCSTAT10": "S", "ALAND10": 1634599, "AWATER10": 0, "INTPTLAT10": "+37.5823791", "INTPTLON10": "-122.0398734", "GISJOIN": "G0600010441402", "Shape_area": 1634595.06415, "Shape_len": 6377.44859333, "YEAR": 2010, "REGIONA": 4, "DIVISIONA": 9, "STATE": "California", "STATEA": 6, "COUNTY": "Alameda County", "COUNTYA": 1, "COUSUBA": NaN, "PLACEA": NaN, "TRACTA": 441402, "BLKGRPA": NaN, "BLOCKA": NaN, "CONCITA": NaN, "AIANHHA": NaN, "RES_ONLYA": NaN, "TRUSTA": NaN, "AITSCEA": NaN, "TTRACTA": NaN, "TBLKGRPA": NaN, "ANRCA": NaN, "CBSAA": 41860, "METDIVA": 36084, "CSAA": 488, "NECTAA": NaN, "NECTADIVA": NaN, "CNECTAA": NaN, "UAA": NaN, "URBRURALA": NaN, "CDA": NaN, "SLDUA": NaN, "SLDLA": NaN, "ZCTA5A": NaN, "SUBMCDA": NaN, "SDELMA": NaN, "SDSECA": NaN, "SDUNIA": NaN, "NAME": "Census Tract 4414.02", "SABINSA": NaN, "TOTPOP": 5233, "H7X001": 5233, "WHITE": 1710, "BLACK": 183, "AIAN": 23, "ASIAN": 2665, "NHPI": 29, "H7X007": 173, "H7X008": 450, "H7Y001": 5233, "H7Y002": 4649, "HISP": 584, "C_X": -2249383.3181604957, "C_Y": 319270.5016499995, "id": 10008}, {"boundary_node": true, "boundary_perim": 38143.536822714785, "area": 48855001.72561888, "STATEFP10": "06", "COUNTYFP10": "001", "TRACTCE10": "437101", "GEOID10": "06001437101", "NAME10": "4371.01", "NAMELSAD10": "Census Tract 4371.01", "MTFCC10": "G5020", "FUNCSTAT10": "S", "ALAND10": 48854999, "AWATER10": 7227925, "INTPTLAT10": "+37.6059048", "INTPTLON10": "-122.1268730", "GISJOIN": "G0600010437101", "Shape_area": 48855001.7256, "Shape_len": 44218.9481968, "YEAR": 2010, "REGIONA": 4, "DIVISIONA": 9, "STATE": "California", "STATEA": 6, "COUNTY": "Alameda County", "COUNTYA": 1, "COUSUBA": NaN, "PLACEA": NaN, "TRACTA": 437101, "BLKGRPA": NaN, "BLOCKA": NaN, "CONCITA": NaN, "AIANHHA": NaN, "RES_ONLYA": NaN, "TRUSTA": NaN, "AITSCEA": NaN, "TTRACTA": NaN, "TBLKGRPA": NaN, "ANRCA": NaN, "CBSAA": 41860, "METDIVA": 36084, "CSAA": 488, "NECTAA": NaN, "NECTADIVA": NaN, "CNECTAA": NaN, "UAA": NaN, "URBRURALA": NaN, "CDA": NaN, "SLDUA": NaN, "SLDLA": NaN, "ZCTA5A": NaN, "SUBMCDA": NaN, "SDELMA": NaN, "SDSECA": NaN, "SDUNIA": NaN, "NAME": "Census Tract 4371.01", "SABINSA": NaN, "TOTPOP": 6448, "H7X001": 6448, "WHITE": 1356, "BLACK": 409, "AIAN": 36, "ASIAN": 3268, "NHPI": 201, "H7X007": 765, "H7X008": 413, "H7Y001": 6448, "H7Y002": 5000, "HISP": 1448, "C_X": -2255091.153221363, "C_Y": 324680.9222500017, "id": 10010}, {"boundary_node": false, "area": 13642449.580478538, "STATEFP10": "06", "COUNTYFP10": "001", "TRACTCE10": "443200", "GEOID10": "06001443200", "NAME10": "4432", "NAMELSAD10": "Census Tract 4432", "MTFCC10": "G5020", "FUNCSTAT10": "S", "ALAND10": 13642449, "AWATER10": 0, "INTPTLAT10": "+37.4871497", "INTPTLON10": "-121.8964116", "GISJOIN": "G0600010443200", "Shape_area": 13642449.5805, "Shape_len": 15688.8327568, "YEAR": 2010, "REGIONA": 4, "DIVISIONA": 9, "STATE": "California", "STATEA": 6, "COUNTY": "Alameda County", "COUNTYA": 1, "COUSUBA": NaN, "PLACEA": NaN, "TRACTA": 443200, "BLKGRPA": NaN, "BLOCKA": NaN, "CONCITA": NaN, "AIANHHA": NaN, "RES_ONLYA": NaN, "TRUSTA": NaN, "AITSCEA": NaN, "TTRACTA": NaN, "TBLKGRPA": NaN, "ANRCA": NaN, "CBSAA": 41860, "METDIVA": 36084, "CSAA": 488, "NECTAA": NaN, "NECTADIVA": NaN, "CNECTAA": NaN, "UAA": NaN, "URBRURALA": NaN, "CDA": NaN, "SLDUA": NaN, "SLDLA": NaN, "ZCTA5A": NaN, "SUBMCDA": NaN, "SDELMA": NaN, "SDSECA": NaN, "SDUNIA": NaN, "NAME": "Census Tract 4432", "SABINSA": NaN, "TOTPOP": 3704, "H7X001": 3704, "WHITE": 923, "BLACK": 29, "AIAN": 2, "ASIAN": 2527, "NHPI": 14, "H7X007": 25, "H7X008": 184, "H7Y001": 3704, "H7Y002": 3591, "HISP": 113, "C_X": -2240171.074781811, "C_Y": 305675.0707999994, "id": 10013}, {"boundary_node": false, "area": 3293449.700242771, "STATEFP10": "06", "COUNTYFP10": "001", "TRACTCE10": "441301", "GEOID10": "06001441301", "NAME10": "4413.01", "NAMELSAD10": "Census Tract 4413.01", "MTFCC10": "G5020", "FUNCSTAT10": "S", "ALAND10": 3293451, "AWATER10": 0, "INTPTLAT10": "+37.5717252", "INTPTLON10": "-122.0026581", "GISJOIN": "G0600010441301", "Shape_area": 3293449.70024, "Shape_len": 8423.21268238, "YEAR": 2010, "REGIONA": 4, "DIVISIONA": 9, "STATE": "California", "STATEA": 6, "COUNTY": "Alameda County", "COUNTYA": 1, "COUSUBA": NaN, "PLACEA": NaN, "TRACTA": 441301, "BLKGRPA": NaN, "BLOCKA": NaN, "CONCITA": NaN, "AIANHHA": NaN, "RES_ONLYA": NaN, "TRUSTA": NaN, "AITSCEA": NaN, "TTRACTA": NaN, "TBLKGRPA": NaN, "ANRCA": NaN, "CBSAA": 41860, "METDIVA": 36084, "CSAA": 488, "NECTAA": NaN, "NECTADIVA": NaN, "CNECTAA": NaN, "UAA": NaN, "URBRURALA": NaN, "CDA": NaN, "SLDUA": NaN, "SLDLA": NaN, "ZCTA5A": NaN, "SUBMCDA": NaN, "SDELMA": NaN, "SDSECA": NaN, "SDUNIA": NaN, "NAME": "Census Tract 4413.01", "SABINSA": NaN, "TOTPOP": 3179, "H7X001": 3179, "WHITE": 954, "BLACK": 137, "AIAN": 10, "ASIAN": 1713, "NHPI": 33, "H7X007": 108, "H7X008": 224, "H7Y001": 3179, "H7Y002": 2874, "HISP": 305, "C_X": -2246664.4894455597, "C_Y": 317392.8882499996, "id": 10018}, {"boundary_node": false, "area": 1959815.3033794863, "STATEFP10": "06", "COUNTYFP10": "001", "TRACTCE10": "442500", "GEOID10": "06001442500", "NAME10": "4425", "NAMELSAD10": "Census Tract 4425", "MTFCC10": "G5020", "FUNCSTAT10": "S", "ALAND10": 1959816, "AWATER10": 0, "INTPTLAT10": "+37.5371440", "INTPTLON10": "-121.9871471", "GISJOIN": "G0600010442500", "Shape_area": 1959815.30338, "Shape_len": 6633.29216618, "YEAR": 2010, "REGIONA": 4, "DIVISIONA": 9, "STATE": "California", "STATEA": 6, "COUNTY": "Alameda County", "COUNTYA": 1, "COUSUBA": NaN, "PLACEA": NaN, "TRACTA": 442500, "BLKGRPA": NaN, "BLOCKA": NaN, "CONCITA": NaN, "AIANHHA": NaN, "RES_ONLYA": NaN, "TRUSTA": NaN, "AITSCEA": NaN, "TTRACTA": NaN, "TBLKGRPA": NaN, "ANRCA": NaN, "CBSAA": 41860, "METDIVA": 36084, "CSAA": 488, "NECTAA": NaN, "NECTADIVA": NaN, "CNECTAA": NaN, "UAA": NaN, "URBRURALA": NaN, "CDA": NaN, "SLDUA": NaN, "SLDLA": NaN, "ZCTA5A": NaN, "SUBMCDA": NaN, "SDELMA": NaN, "SDSECA": NaN, "SDUNIA": NaN, "NAME": "Census Tract 4425", "SABINSA": NaN, "TOTPOP": 7371, "H7X001": 7371, "WHITE": 2710, "BLACK": 247, "AIAN": 51, "ASIAN": 2917, "NHPI": 66, "H7X007": 907, "H7X008": 473, "H7Y001": 7371, "H7Y002": 5624, "HISP": 1747, "C_X": -2246425.3854355384, "C_Y": 313205.1657500006, "id": 10020}, {"boundary_node": false, "area": 4207602.017366896, "STATEFP10": "06", "COUNTYFP10": "001", "TRACTCE10": "442200", "GEOID10": "06001442200", "NAME10": "4422", "NAMELSAD10": "Census Tract 4422", "MTFCC10": "G5020", "FUNCSTAT10": "S", "ALAND10": 4207605, "AWATER10": 0, "INTPTLAT10": "+37.5345605", "INTPTLON10": "-121.9421767", "GISJOIN": "G0600010442200", "Shape_area": 4207602.01737, "Shape_len": 11022.2969199, "YEAR": 2010, "REGIONA": 4, "DIVISIONA": 9, "STATE": "California", "STATEA": 6, "COUNTY": "Alameda County", "COUNTYA": 1, "COUSUBA": NaN, "PLACEA": NaN, "TRACTA": 442200, "BLKGRPA": NaN, "BLOCKA": NaN, "CONCITA": NaN, "AIANHHA": NaN, "RES_ONLYA": NaN, "TRUSTA": NaN, "AITSCEA": NaN, "TTRACTA": NaN, "TBLKGRPA": NaN, "ANRCA": NaN, "CBSAA": 41860, "METDIVA": 36084, "CSAA": 488, "NECTAA": NaN, "NECTADIVA": NaN, "CNECTAA": NaN, "UAA": NaN, "URBRURALA": NaN, "CDA": NaN, "SLDUA": NaN, "SLDLA": NaN, "ZCTA5A": NaN, "SUBMCDA": NaN, "SDELMA": NaN, "SDSECA": NaN, "SDUNIA": NaN, "NAME": "Census Tract 4422", "SABINSA": NaN, "TOTPOP": 6875, "H7X001": 6875, "WHITE": 2049, "BLACK": 98, "AIAN": 16, "ASIAN": 4390, "NHPI": 4, "H7X007": 105, "H7X008": 213, "H7Y001": 6875, "H7Y002": 6457, "HISP": 418, "C_X": -2243142.7825094936, "C_Y": 311542.15460000164, "id": 10024}, {"boundary_node": false, "area": 2383410.517729278, "STATEFP10": "06", "COUNTYFP10": "001", "TRACTCE10": "443102", "GEOID10": "06001443102", "NAME10": "4431.02", "NAMELSAD10": "Census Tract 4431.02", "MTFCC10": "G5020", "FUNCSTAT10": "S", "ALAND10": 2383411, "AWATER10": 0, "INTPTLAT10": "+37.5071611", "INTPTLON10": "-121.9271478", "GISJOIN": "G0600010443102", "Shape_area": 2383410.51773, "Shape_len": 6636.26576607, "YEAR": 2010, "REGIONA": 4, "DIVISIONA": 9, "STATE": "California", "STATEA": 6, "COUNTY": "Alameda County", "COUNTYA": 1, "COUSUBA": NaN, "PLACEA": NaN, "TRACTA": 443102, "BLKGRPA": NaN, "BLOCKA": NaN, "CONCITA": NaN, "AIANHHA": NaN, "RES_ONLYA": NaN, "TRUSTA": NaN, "AITSCEA": NaN, "TTRACTA": NaN, "TBLKGRPA": NaN, "ANRCA": NaN, "CBSAA": 41860, "METDIVA": 36084, "CSAA": 488, "NECTAA": NaN, "NECTADIVA": NaN, "CNECTAA": NaN, "UAA": NaN, "URBRURALA": NaN, "CDA": NaN, "SLDUA": NaN, "SLDLA": NaN, "ZCTA5A": NaN, "SUBMCDA": NaN, "SDELMA": NaN, "SDSECA": NaN, "SDUNIA": NaN, "NAME": "Census Tract 4431.02", "SABINSA": NaN, "TOTPOP": 4611, "H7X001": 4611, "WHITE": 1083, "BLACK": 28, "AIAN": 8, "ASIAN": 3275, "NHPI": 2, "H7X007": 58, "H7X008": 157, "H7Y001": 4611, "H7Y002": 4416, "HISP": 195, "C_X": -2242164.6835049326, "C_Y": 308441.01095000166, "id": 10026}, {"boundary_node": true, "boundary_perim": 6031.755453837959, "area": 27751539.749495346, "STATEFP10": "06", "COUNTYFP10": "001", "TRACTCE10": "440100", "GEOID10": "06001440100", "NAME10": "4401", "NAMELSAD10": "Census Tract 4401", "MTFCC10": "G5020", "FUNCSTAT10": "S", "ALAND10": 27751537, "AWATER10": 0, "INTPTLAT10": "+37.6163011", "INTPTLON10": "-121.9815046", "GISJOIN": "G0600010440100", "Shape_area": 27751539.7495, "Shape_len": 26707.8370682, "YEAR": 2010, "REGIONA": 4, "DIVISIONA": 9, "STATE": "California", "STATEA": 6, "COUNTY": "Alameda County", "COUNTYA": 1, "COUSUBA": NaN, "PLACEA": NaN, "TRACTA": 440100, "BLKGRPA": NaN, "BLOCKA": NaN, "CONCITA": NaN, "AIANHHA": NaN, "RES_ONLYA": NaN, "TRUSTA": NaN, "AITSCEA": NaN, "TTRACTA": NaN, "TBLKGRPA": NaN, "ANRCA": NaN, "CBSAA": 41860, "METDIVA": 36084, "CSAA": 488, "NECTAA": NaN, "NECTADIVA": NaN, "CNECTAA": NaN, "UAA": NaN, "URBRURALA": NaN, "CDA": NaN, "SLDUA": NaN, "SLDLA": NaN, "ZCTA5A": NaN, "SUBMCDA": NaN, "SDELMA": NaN, "SDSECA": NaN, "SDUNIA": NaN, "NAME": "Census Tract 4401", "SABINSA": NaN, "TOTPOP": 2310, "H7X001": 2310, "WHITE": 974, "BLACK": 221, "AIAN": 11, "ASIAN": 767, "NHPI": 21, "H7X007": 157, "H7X008": 159, "H7Y001": 2310, "H7Y002": 1931, "HISP": 379, "C_X": -2243537.9175613783, "C_Y": 321328.05545000127, "id": 10032}, {"boundary_node": false, "area": 2040471.0066471188, "STATEFP10": "06", "COUNTYFP10": "001", "TRACTCE10": "441800", "GEOID10": "06001441800", "NAME10": "4418", "NAMELSAD10": "Census Tract 4418", "MTFCC10": "G5020", "FUNCSTAT10": "S", "ALAND10": 2040472, "AWATER10": 0, "INTPTLAT10": "+37.5591933", "INTPTLON10": "-121.9915834", "GISJOIN": "G0600010441800", "Shape_area": 2040471.00665, "Shape_len": 6596.02352174, "YEAR": 2010, "REGIONA": 4, "DIVISIONA": 9, "STATE": "California", "STATEA": 6, "COUNTY": "Alameda County", "COUNTYA": 1, "COUSUBA": NaN, "PLACEA": NaN, "TRACTA": 441800, "BLKGRPA": NaN, "BLOCKA": NaN, "CONCITA": NaN, "AIANHHA": NaN, "RES_ONLYA": NaN, "TRUSTA": NaN, "AITSCEA": NaN, "TTRACTA": NaN, "TBLKGRPA": NaN, "ANRCA": NaN, "CBSAA": 41860, "METDIVA": 36084, "CSAA": 488, "NECTAA": NaN, "NECTADIVA": NaN, "CNECTAA": NaN, "UAA": NaN, "URBRURALA": NaN, "CDA": NaN, "SLDUA": NaN, "SLDLA": NaN, "ZCTA5A": NaN, "SUBMCDA": NaN, "SDELMA": NaN, "SDSECA": NaN, "SDUNIA": NaN, "NAME": "Census Tract 4418", "SABINSA": NaN, "TOTPOP": 6786, "H7X001": 6786, "WHITE": 2802, "BLACK": 258, "AIAN": 32, "ASIAN": 2839, "NHPI": 35, "H7X007": 431, "H7X008": 389, "H7Y001": 6786, "H7Y002": 5714, "HISP": 1072, "C_X": -2245976.3597981893, "C_Y": 315557.84555000137, "id": 10033}], "adjacency": [[{"shared_perim": 468.06648972886455, "id": 9043}, {"shared_perim": 950.7746223986512, "id": 3718}], [{"shared_perim": 15.357809782650532, "id": 10018}, {"shared_perim": 942.8544964572162, "id": 3671}, {"shared_perim": 1410.648087408576, "id": 3660}, {"shared_perim": 623.047781834266, "id": 3668}, {"shared_perim": 1893.6673523820805, "id": 10032}], [{"shared_perim": 991.6833913049852, "id": 3536}, {"shared_perim": 623.4651064067239, "id": 3597}, {"shared_perim": 799.1794360890142, "id": 3761}], [{"shared_perim": 3907.350677569474, "id": 3605}, {"shared_perim": 1987.1334966655745, "id": 3534}, {"shared_perim": 12282.004546623075, "id": 10032}], [{"shared_perim": 1987.1334966655745, "id": 3530}, {"shared_perim": 2772.9984964946684, "id": 3605}, {"shared_perim": 3139.550732186699, "id": 9964}, {"shared_perim": 1129.3694986387827, "id": 3743}, {"shared_perim": 3525.4332007035823, "id": 3671}, {"shared_perim": 6500.409715322426, "id": 10032}], [{"shared_perim": 991.6833913049852, "id": 3529}, {"shared_perim": 284.5965709942711, "id": 3577}, {"shared_perim": 1574.4212174722452, "id": 3538}, {"shared_perim": 1144.4697355514616, "id": 9980}, {"shared_perim": 291.4572845017, "id": 10008}, {"shared_perim": 293.06232526611126, "id": 3597}, {"shared_perim": 1144.7777453035242, "id": 3761}], [{"shared_perim": 1574.4212174722452, "id": 3536}, {"shared_perim": 415.87802744482264, "id": 3735}, {"shared_perim": 889.675263739186, "id": 3611}, {"shared_perim": 755.1821607681338, "id": 9961}, {"shared_perim": 1312.4182221090714, "id": 3577}, {"shared_perim": 492.2633245358689, "id": 9980}], [{"shared_perim": 284.5965709942711, "id": 3536}, {"shared_perim": 1312.4182221090714, "id": 3538}, {"shared_perim": 1014.0195032415952, "id": 3746}, {"shared_perim": 428.2796289361256, "id": 3611}, {"shared_perim": 845.0226165575874, "id": 3636}, {"shared_perim": 202.7451985978457, "id": 9961}, {"shared_perim": 3038.9327428581378, "id": 10008}], [{"shared_perim": 3390.006599839613, "id": 3726}, {"shared_perim": 22175.04442049838, "id": 3735}, {"shared_perim": 1804.0652591994742, "id": 3645}, {"shared_perim": 1096.3970981489992, "id": 3736}], [{"shared_perim": 623.4651064067239, "id": 3529}, {"shared_perim": 293.06232526611126, "id": 3536}, {"shared_perim": 743.597003371479, "id": 9980}], [{"shared_perim": 3907.350677569474, "id": 3530}, {"shared_perim": 2772.9984964946684, "id": 3534}, {"shared_perim": 1117.0744767585559, "id": 9043}, {"shared_perim": 2880.7477365044992, "id": 10013}, {"shared_perim": 8382.081421742667, "id": 3759}, {"shared_perim": 4577.06242960439, "id": 9964}], [{"shared_perim": 877.3354354131744, "id": 3654}, {"shared_perim": 1650.8175631941028, "id": 3658}, {"shared_perim": 1633.1188852709258, "id": 3719}, {"shared_perim": 788.310325399736, "id": 10033}], [{"shared_perim": 889.675263739186, "id": 3538}, {"shared_perim": 428.2796289361256, "id": 3577}, {"shared_perim": 2265.7251698480823, "id": 3735}, {"shared_perim": 1785.4806754172134, "id": 9973}, {"shared_perim": 1698.1932473144875, "id": 9961}], [{"shared_perim": 845.0226165575874, "id": 3577}, {"shared_perim": 609.0663355367668, "id": 3719}, {"shared_perim": 1147.5941222718925, "id": 3648}, {"shared_perim": 997.424643460273, "id": 3746}, {"shared_perim": 1568.755968910536, "id": 10018}, {"shared_perim": 778.2603771900258, "id": 3660}, {"shared_perim": 216.434323980985, "id": 10008}], [{"shared_perim": 1431.1478969173004, "id": 3704}, {"shared_perim": 1108.4765802438378, "id": 10005}, {"shared_perim": 570.6385476741006, "id": 3740}, {"shared_perim": 1163.1906021065918, "id": 10020}, {"shared_perim": 828.8352290409128, "id": 3685}, {"shared_perim": 460.7976644487393, "id": 3659}], [{"shared_perim": 2296.9039122450117, "id": 10024}, {"shared_perim": 974.4909252124851, "id": 3740}, {"shared_perim": 1776.7591329543593, "id": 9964}, {"shared_perim": 2022.1870821494324, "id": 3742}], [{"shared_perim": 1804.0652591994742, "id": 3590}, {"shared_perim": 1849.3217890455364, "id": 3726}, {"shared_perim": 1692.3317308591631, "id": 3654}, {"shared_perim": 2142.4031836823415, "id": 3736}], [{"shared_perim": 1872.4049324974046, "id": 10026}, {"shared_perim": 1418.3238478926419, "id": 3759}, {"shared_perim": 2785.5204950874204, "id": 3647}, {"shared_perim": 2099.9036663798897, "id": 10024}], [{"shared_perim": 2785.5204950874204, "id": 3646}, {"shared_perim": 1737.5575491630914, "id": 3759}, {"shared_perim": 1845.839990764503, "id": 10024}], [{"shared_perim": 1147.5941222718925, "id": 3636}, {"shared_perim": 1862.864262247198, "id": 3719}, {"shared_perim": 1340.5331293599352, "id": 9973}, {"shared_perim": 1580.8419934377268, "id": 3746}], [{"shared_perim": 877.3354354131744, "id": 3610}, {"shared_perim": 1692.3317308591631, "id": 3645}, {"shared_perim": 835.536191922815, "id": 3758}, {"shared_perim": 715.5692015862902, "id": 3658}, {"shared_perim": 650.4460062668902, "id": 3719}], [{"shared_perim": 1650.8175631941028, "id": 3610}, {"shared_perim": 715.5692015862902, "id": 3654}, {"shared_perim": 1218.0618178378977, "id": 10020}, {"shared_perim": 834.8555135672112, "id": 3732}, {"shared_perim": 392.52583192250427, "id": 10033}], [{"shared_perim": 460.7976644487393, "id": 3638}, {"shared_perim": 1410.13888337097, "id": 10020}, {"shared_perim": 798.3343337759924, "id": 3741}], [{"shared_perim": 1410.648087408576, "id": 3528}, {"shared_perim": 778.2603771900258, "id": 3636}, {"shared_perim": 1760.437823881626, "id": 10018}, {"shared_perim": 1038.6627795043576, "id": 3668}], [{"shared_perim": 623.047781834266, "id": 3528}, {"shared_perim": 1038.6627795043576, "id": 3660}, {"shared_perim": 1608.2051273129764, "id": 10008}, {"shared_perim": 523.5516637148997, "id": 3761}], [{"shared_perim": 942.8544964572162, "id": 3528}, {"shared_perim": 3525.4332007035823, "id": 3534}, {"shared_perim": 1489.041866211752, "id": 3743}, {"shared_perim": 2640.6786644479894, "id": 10018}], [{"shared_perim": 828.8352290409128, "id": 3638}, {"shared_perim": 733.0859496232646, "id": 3740}, {"shared_perim": 962.1098732317046, "id": 3741}, {"shared_perim": 1323.0593258019003, "id": 3742}], [{"shared_perim": 1444.7975224543313, "id": 3717}, {"shared_perim": 523.6268289011624, "id": 3735}, {"shared_perim": 1467.092698475747, "id": 10024}, {"shared_perim": 540.356797319859, "id": 10005}], [{"shared_perim": 1431.1478969173004, "id": 3638}, {"shared_perim": 1577.9441929624966, "id": 3717}, {"shared_perim": 2919.629704227958, "id": 3735}, {"shared_perim": 790.4377404680212, "id": 3758}], [{"shared_perim": 1444.7975224543313, "id": 3700}, {"shared_perim": 1577.9441929624966, "id": 3704}, {"shared_perim": 1075.7293666806627, "id": 3735}, {"shared_perim": 1011.449137662833, "id": 10005}], [{"shared_perim": 950.7746223986512, "id": 773}, {"shared_perim": 2333.7875015997515, "id": 10013}, {"shared_perim": 1727.9991523853844, "id": 9981}, {"shared_perim": 1740.4697124295515, "id": 3735}], [{"shared_perim": 1633.1188852709258, "id": 3610}, {"shared_perim": 609.0663355367668, "id": 3636}, {"shared_perim": 1862.864262247198, "id": 3648}, {"shared_perim": 650.4460062668902, "id": 3654}, {"shared_perim": 966.0704318489934, "id": 3736}, {"shared_perim": 1355.3999099529947, "id": 10033}, {"shared_perim": 1106.6768773679537, "id": 10018}], [{"shared_perim": 3390.006599839613, "id": 3590}, {"shared_perim": 1849.3217890455364, "id": 3645}, {"shared_perim": 4549.904941286664, "id": 3735}, {"shared_perim": 1519.833075660545, "id": 3758}], [{"shared_perim": 834.8555135672112, "id": 3658}, {"shared_perim": 1029.1781699729368, "id": 10020}, {"shared_perim": 830.3213216304139, "id": 3741}, {"shared_perim": 287.3202956400113, "id": 3742}, {"shared_perim": 1624.4556849768571, "id": 10033}, {"shared_perim": 808.6435074542177, "id": 3743}], [{"shared_perim": 415.87802744482264, "id": 3538}, {"shared_perim": 22175.04442049838, "id": 3590}, {"shared_perim": 2265.7251698480823, "id": 3611}, {"shared_perim": 523.6268289011624, "id": 3700}, {"shared_perim": 2919.629704227958, "id": 3704}, {"shared_perim": 1075.7293666806627, "id": 3717}, {"shared_perim": 1740.4697124295515, "id": 3718}, {"shared_perim": 4549.904941286664, "id": 3726}, {"shared_perim": 6289.628412723711, "id": 9107}, {"shared_perim": 1211.0183942940741, "id": 9981}, {"shared_perim": 1476.9050436281043, "id": 10001}, {"shared_perim": 2622.4742548993017, "id": 10026}, {"shared_perim": 556.1159911522968, "id": 10024}, {"shared_perim": 2826.1926136946167, "id": 9980}, {"shared_perim": 5437.2045030596855, "id": 10010}], [{"shared_perim": 1096.3970981489992, "id": 3590}, {"shared_perim": 2142.4031836823415, "id": 3645}, {"shared_perim": 966.0704318489934, "id": 3719}, {"shared_perim": 558.8547759903281, "id": 9973}], [{"shared_perim": 570.6385476741006, "id": 3638}, {"shared_perim": 974.4909252124851, "id": 3639}, {"shared_perim": 733.0859496232646, "id": 3685}, {"shared_perim": 87.27657700734974, "id": 10024}, {"shared_perim": 1424.1287253472706, "id": 10005}, {"shared_perim": 576.1484259379763, "id": 3742}], [{"shared_perim": 798.3343337759924, "id": 3659}, {"shared_perim": 962.1098732317046, "id": 3685}, {"shared_perim": 830.3213216304139, "id": 3732}, {"shared_perim": 192.29612032741838, "id": 10020}, {"shared_perim": 572.8545371006064, "id": 3742}], [{"shared_perim": 2022.1870821494324, "id": 3639}, {"shared_perim": 1323.0593258019003, "id": 3685}, {"shared_perim": 287.3202956400113, "id": 3732}, {"shared_perim": 576.1484259379763, "id": 3740}, {"shared_perim": 572.8545371006064, "id": 3741}, {"shared_perim": 820.2174680516813, "id": 9964}, {"shared_perim": 1828.0043963068465, "id": 3743}], [{"shared_perim": 1129.3694986387827, "id": 3534}, {"shared_perim": 1489.041866211752, "id": 3671}, {"shared_perim": 808.6435074542177, "id": 3732}, {"shared_perim": 1828.0043963068465, "id": 3742}, {"shared_perim": 1284.0770610780608, "id": 10033}, {"shared_perim": 180.05082957562635, "id": 10018}], [{"shared_perim": 1014.0195032415952, "id": 3577}, {"shared_perim": 997.424643460273, "id": 3636}, {"shared_perim": 1580.8419934377268, "id": 3648}, {"shared_perim": 995.0250876017251, "id": 9973}], [{"shared_perim": 835.536191922815, "id": 3654}, {"shared_perim": 790.4377404680212, "id": 3704}, {"shared_perim": 1519.833075660545, "id": 3726}, {"shared_perim": 1620.4265725606735, "id": 10020}], [{"shared_perim": 8382.081421742667, "id": 3605}, {"shared_perim": 1418.3238478926419, "id": 3646}, {"shared_perim": 1737.5575491630914, "id": 3647}, {"shared_perim": 3681.6279927958103, "id": 10013}, {"shared_perim": 1296.8494425618492, "id": 10026}, {"shared_perim": 1864.1100868218052, "id": 9964}], [{"shared_perim": 799.1794360890142, "id": 3529}, {"shared_perim": 1144.7777453035242, "id": 3536}, {"shared_perim": 523.5516637148997, "id": 3668}, {"shared_perim": 1222.41911467672, "id": 10008}], [{"shared_perim": 468.06648972886455, "id": 773}, {"shared_perim": 1117.0744767585559, "id": 3605}, {"shared_perim": 4282.200885501705, "id": 10013}], [{"shared_perim": 6289.628412723711, "id": 3735}], [{"shared_perim": 755.1821607681338, "id": 3538}, {"shared_perim": 202.7451985978457, "id": 3577}, {"shared_perim": 1698.1932473144875, "id": 3611}], [{"shared_perim": 3139.550732186699, "id": 3534}, {"shared_perim": 4577.06242960439, "id": 3605}, {"shared_perim": 1776.7591329543593, "id": 3639}, {"shared_perim": 820.2174680516813, "id": 3742}, {"shared_perim": 1864.1100868218052, "id": 3759}, {"shared_perim": 1716.2958997531152, "id": 10024}], [{"shared_perim": 1785.4806754172134, "id": 3611}, {"shared_perim": 1340.5331293599352, "id": 3648}, {"shared_perim": 558.8547759903281, "id": 3736}, {"shared_perim": 995.0250876017251, "id": 3746}], [{"shared_perim": 1144.4697355514616, "id": 3536}, {"shared_perim": 492.2633245358689, "id": 3538}, {"shared_perim": 743.597003371479, "id": 3597}, {"shared_perim": 2826.1926136946167, "id": 3735}, {"shared_perim": 638.2068710719491, "id": 10010}], [{"shared_perim": 1727.9991523853844, "id": 3718}, {"shared_perim": 1211.0183942940741, "id": 3735}, {"shared_perim": 1011.990410830576, "id": 10013}, {"shared_perim": 1197.8553218806017, "id": 10001}], [{"shared_perim": 1476.9050436281043, "id": 3735}, {"shared_perim": 1197.8553218806017, "id": 9981}, {"shared_perim": 653.9410934164329, "id": 10013}], [{"shared_perim": 1108.4765802438378, "id": 3638}, {"shared_perim": 540.356797319859, "id": 3700}, {"shared_perim": 1011.449137662833, "id": 3717}, {"shared_perim": 1424.1287253472706, "id": 3740}, {"shared_perim": 952.8681840798207, "id": 10024}], [{"shared_perim": 291.4572845017, "id": 3536}, {"shared_perim": 3038.9327428581378, "id": 3577}, {"shared_perim": 216.434323980985, "id": 3636}, {"shared_perim": 1608.2051273129764, "id": 3668}, {"shared_perim": 1222.41911467672, "id": 3761}], [{"shared_perim": 5437.2045030596855, "id": 3735}, {"shared_perim": 638.2068710719491, "id": 9980}], [{"shared_perim": 2880.7477365044992, "id": 3605}, {"shared_perim": 2333.7875015997515, "id": 3718}, {"shared_perim": 3681.6279927958103, "id": 3759}, {"shared_perim": 4282.200885501705, "id": 9043}, {"shared_perim": 1011.990410830576, "id": 9981}, {"shared_perim": 653.9410934164329, "id": 10001}, {"shared_perim": 844.5371361156691, "id": 10026}], [{"shared_perim": 15.357809782650532, "id": 3528}, {"shared_perim": 1568.755968910536, "id": 3636}, {"shared_perim": 1760.437823881626, "id": 3660}, {"shared_perim": 2640.6786644479894, "id": 3671}, {"shared_perim": 1106.6768773679537, "id": 3719}, {"shared_perim": 180.05082957562635, "id": 3743}, {"shared_perim": 1151.2547084109758, "id": 10033}], [{"shared_perim": 1163.1906021065918, "id": 3638}, {"shared_perim": 1218.0618178378977, "id": 3658}, {"shared_perim": 1410.13888337097, "id": 3659}, {"shared_perim": 1029.1781699729368, "id": 3732}, {"shared_perim": 192.29612032741838, "id": 3741}, {"shared_perim": 1620.4265725606735, "id": 3758}], [{"shared_perim": 2296.9039122450117, "id": 3639}, {"shared_perim": 2099.9036663798897, "id": 3646}, {"shared_perim": 1845.839990764503, "id": 3647}, {"shared_perim": 1467.092698475747, "id": 3700}, {"shared_perim": 556.1159911522968, "id": 3735}, {"shared_perim": 87.27657700734974, "id": 3740}, {"shared_perim": 1716.2958997531152, "id": 9964}, {"shared_perim": 952.8681840798207, "id": 10005}], [{"shared_perim": 1872.4049324974046, "id": 3646}, {"shared_perim": 2622.4742548993017, "id": 3735}, {"shared_perim": 1296.8494425618492, "id": 3759}, {"shared_perim": 844.5371361156691, "id": 10013}], [{"shared_perim": 1893.6673523820805, "id": 3528}, {"shared_perim": 12282.004546623075, "id": 3530}, {"shared_perim": 6500.409715322426, "id": 3534}], [{"shared_perim": 788.310325399736, "id": 3610}, {"shared_perim": 392.52583192250427, "id": 3658}, {"shared_perim": 1355.3999099529947, "id": 3719}, {"shared_perim": 1624.4556849768571, "id": 3732}, {"shared_perim": 1284.0770610780608, "id": 3743}, {"shared_perim": 1151.2547084109758, "id": 10018}]]}