{"directed": false, "multigraph": false, "graph": [], "nodes": [{"boundary_node": false, "area": 2263213.3664896227, "STATEFP10": "12", "COUNTYFP10": "086", "TRACTCE10": "000708", "GEOID10": "12086000708", "NAME10": "7.08", "NAMELSAD10": "Census Tract 7.08", "MTFCC10": "G5020", "FUNCSTAT10": "S", "ALAND10": 2095141, "AWATER10": 168077, "INTPTLAT10": "+25.8621707", "INTPTLON10": "-080.2966702", "GISJOIN": "G1200860000708", "Shape_area": 2263213.36649, "Shape_len": 9878.63602017, "YEAR": 2010, "REGIONA": 3, "DIVISIONA": 5, "STATE": "Florida", "STATEA": 12, "COUNTY": "Miami-Dade County", "COUNTYA": 86, "COUSUBA": NaN, "PLACEA": NaN, "TRACTA": 708, "BLKGRPA": NaN, "BLOCKA": NaN, "CONCITA": NaN, "AIANHHA": NaN, "RES_ONLYA": NaN, "TRUSTA": NaN, "AITSCEA": NaN, "TTRACTA": NaN, "TBLKGRPA": NaN, "ANRCA": NaN, "CBSAA": 33100, "METDIVA": 33124, "CSAA": 999, "NECTAA": NaN, "NECTADIVA": NaN, "CNECTAA": NaN, "UAA": NaN, "URBRURALA": NaN, "CDA": NaN, "SLDUA": NaN, "SLDLA": NaN, "ZCTA5A": NaN, "SUBMCDA": NaN, "SDELMA": NaN, "SDSECA": NaN, "SDUNIA": NaN, "NAME": "Census Tract 7.08", "SABINSA": NaN, "TOTPOP": 6480, "H7X001": 6480, "WHITE": 6071, "BLACK": 136, "AIAN": 10, "ASIAN": 70, "NHPI": 1, "H7X007": 106, "H7X008": 86, "H7Y001": 6480, "H7Y002": 478, "HISP": 6002, "C_X": 1582038.7740017558, "C_Y": -1163420.6623999998, "id": 22573}, {"boundary_node": true, "boundary_perim": 3414.7961022834133, "area": 2983143.0149929835, "STATEFP10": "12", "COUNTYFP10": "086", "TRACTCE10": "004701", "GEOID10": "12086004701", "NAME10": "47.01", "NAMELSAD10": "Census Tract 47.01", "MTFCC10": "G5020", "FUNCSTAT10": "S", "ALAND10": 2806119, "AWATER10": 177023, "INTPTLAT10": "+25.8284867", "INTPTLON10": "-080.2957315", "GISJOIN": "G1200860004701", "Shape_area": 2983143.01499, "Shape_len": 8726.3190908, "YEAR": 2010, "REGIONA": 3, "DIVISIONA": 5, "STATE": "Florida", "STATEA": 12, "COUNTY": "Miami-Dade County", "COUNTYA": 86, "COUSUBA": NaN, "PLACEA": NaN, "TRACTA": 4701, "BLKGRPA": NaN, "BLOCKA": NaN, "CONCITA": NaN, "AIANHHA": NaN, "RES_ONLYA": NaN, "TRUSTA": NaN, "AITSCEA": NaN, "TTRACTA": NaN, "TBLKGRPA": NaN, "ANRCA": NaN, "CBSAA": 33100, "METDIVA": 33124, "CSAA": 999, "NECTAA": NaN, "NECTADIVA": NaN, "CNECTAA": NaN, "UAA": NaN, "URBRURALA": NaN, "CDA": NaN, "SLDUA": NaN, "SLDLA": NaN, "ZCTA5A": NaN, "SUBMCDA": NaN, "SDELMA": NaN, "SDSECA": NaN, "SDUNIA": NaN, "NAME": "Census Tract 47.01", "SABINSA": NaN, "TOTPOP": 5346, "H7X001": 5346, "WHITE": 5012, "BLACK": 48, "AIAN": 16, "ASIAN": 69, "NHPI": 0, "H7X007": 108, "H7X008": 93, "H7Y001": 5346, "H7Y002": 1947, "HISP": 3399, "C_X": 1582374.761018695, "C_Y": -1166767.5042500005, "id": 22576}, {"boundary_node": false, "area": 1014506.0110657837, "STATEFP10": "12", "COUNTYFP10": "086", "TRACTCE10": "000707", "GEOID10": "12086000707", "NAME10": "7.07", "NAMELSAD10": "Census Tract 7.07", "MTFCC10": "G5020", "FUNCSTAT10": "S", "ALAND10": 991398, "AWATER10": 23107, "INTPTLAT10": "+25.8605501", "INTPTLON10": "-080.3023283", "GISJOIN": "G1200860000707", "Shape_area": 1014506.01107, "Shape_len": 4125.15108562, "YEAR": 2010, "REGIONA": 3, "DIVISIONA": 5, "STATE": "Florida", "STATEA": 12, "COUNTY": "Miami-Dade County", "COUNTYA": 86, "COUSUBA": NaN, "PLACEA": NaN, "TRACTA": 707, "BLKGRPA": NaN, "BLOCKA": NaN, "CONCITA": NaN, "AIANHHA": NaN, "RES_ONLYA": NaN, "TRUSTA": NaN, "AITSCEA": NaN, "TTRACTA": NaN, "TBLKGRPA": NaN, "ANRCA": NaN, "CBSAA": 33100, "METDIVA": 33124, "CSAA": 999, "NECTAA": NaN, "NECTADIVA": NaN, "CNECTAA": NaN, "UAA": NaN, "URBRURALA": NaN, "CDA": NaN, "SLDUA": NaN, "SLDLA": NaN, "ZCTA5A": NaN, "SUBMCDA": NaN, "SDELMA": NaN, "SDSECA": NaN, "SDUNIA": NaN, "NAME": "Census Tract 7.07", "SABINSA": NaN, "TOTPOP": 6641, "H7X001": 6641, "WHITE": 6166, "BLACK": 141, "AIAN": 2, "ASIAN": 52, "NHPI": 1, "H7X007": 163, "H7X008": 116, "H7Y001": 6641, "H7Y002": 339, "HISP": 6302, "C_X": 1581210.4391314767, "C_Y": -1163436.4542999992, "id": 22577}, {"boundary_node": false, "area": 1028525.0290034148, "STATEFP10": "12", "COUNTYFP10": "086", "TRACTCE10": "000804", "GEOID10": "12086000804", "NAME10": "8.04", "NAMELSAD10": "Census Tract 8.04", "MTFCC10": "G5020", "FUNCSTAT10": "S", "ALAND10": 1028526, "AWATER10": 0, "INTPTLAT10": "+25.8358596", "INTPTLON10": "-080.2758153", "GISJOIN": "G1200860000804", "Shape_area": 1028525.029, "Shape_len": 4162.34002207, "YEAR": 2010, "REGIONA": 3, "DIVISIONA": 5, "STATE": "Florida", "STATEA": 12, "COUNTY": "Miami-Dade County", "COUNTYA": 86, "COUSUBA": NaN, "PLACEA": NaN, "TRACTA": 804, "BLKGRPA": NaN, "BLOCKA": NaN, "CONCITA": NaN, "AIANHHA": NaN, "RES_ONLYA": NaN, "TRUSTA": NaN, "AITSCEA": NaN, "TTRACTA": NaN, "TBLKGRPA": NaN, "ANRCA": NaN, "CBSAA": 33100, "METDIVA": 33124, "CSAA": 999, "NECTAA": NaN, "NECTADIVA": NaN, "CNECTAA": NaN, "UAA": NaN, "URBRURALA": NaN, "CDA": NaN, "SLDUA": NaN, "SLDLA": NaN, "ZCTA5A": NaN, "SUBMCDA": NaN, "SDELMA": NaN, "SDSECA": NaN, "SDUNIA": NaN, "NAME": "Census Tract 8.04", "SABINSA": NaN, "TOTPOP": 4864, "H7X001": 4864, "WHITE": 4583, "BLACK": 116, "AIAN": 4, "ASIAN": 9, "NHPI": 0, "H7X007": 70, "H7X008": 82, "H7Y001": 4864, "H7Y002": 243, "HISP": 4621, "C_X": 1584338.8627532378, "C_Y": -1165679.5258000006, "id": 22579}, {"boundary_node": true, "boundary_perim": 2205.1809359169906, "area": 1573222.2673837184, "STATEFP10": "12", "COUNTYFP10": "086", "TRACTCE10": "013700", "GEOID10": "12086013700", "NAME10": "137", "NAMELSAD10": "Census Tract 137", "MTFCC10": "G5020", "FUNCSTAT10": "S", "ALAND10": 1341455, "AWATER10": 231767, "INTPTLAT10": "+25.8630491", "INTPTLON10": "-080.3300686", "GISJOIN": "G1200860013700", "Shape_area": 1573222.26738, "Shape_len": 5590.86889868, "YEAR": 2010, "REGIONA": 3, "DIVISIONA": 5, "STATE": "Florida", "STATEA": 12, "COUNTY": "Miami-Dade County", "COUNTYA": 86, "COUSUBA": NaN, "PLACEA": NaN, "TRACTA": 13700, "BLKGRPA": NaN, "BLOCKA": NaN, "CONCITA": NaN, "AIANHHA": NaN, "RES_ONLYA": NaN, "TRUSTA": NaN, "AITSCEA": NaN, "TTRACTA": NaN, "TBLKGRPA": NaN, "ANRCA": NaN, "CBSAA": 33100, "METDIVA": 33124, "CSAA": 999, "NECTAA": NaN, "NECTADIVA": NaN, "CNECTAA": NaN, "UAA": NaN, "URBRURALA": NaN, "CDA": NaN, "SLDUA": NaN, "SLDLA": NaN, "ZCTA5A": NaN, "SUBMCDA": NaN, "SDELMA": NaN, "SDSECA": NaN, "SDUNIA": NaN, "NAME": "Census Tract 137", "SABINSA": NaN, "TOTPOP": 5574, "H7X001": 5574, "WHITE": 5107, "BLACK": 154, "AIAN": 9, "ASIAN": 12, "NHPI": 0, "H7X007": 213, "H7X008": 79, "H7Y001": 5574, "H7Y002": 275, "HISP": 5299, "C_X": 1578592.0281831159, "C_Y": -1163769.7741499995, "id": 22628}, {"boundary_node": false, "area": 807163.4863316223, "STATEFP10": "12", "COUNTYFP10": "086", "TRACTCE10": "013600", "GEOID10": "12086013600", "NAME10": "136", "NAMELSAD10": "Census Tract 136", "MTFCC10": "G5020", "FUNCSTAT10": "S", "ALAND10": 777551, "AWATER10": 29613, "INTPTLAT10": "+25.8715219", "INTPTLON10": "-080.3264032", "GISJOIN": "G1200860013600", "Shape_area": 807163.486332, "Shape_len": 3700.2455476, "YEAR": 2010, "REGIONA": 3, "DIVISIONA": 5, "STATE": "Florida", "STATEA": 12, "COUNTY": "Miami-Dade County", "COUNTYA": 86, "COUSUBA": NaN, "PLACEA": NaN, "TRACTA": 13600, "BLKGRPA": NaN, "BLOCKA": NaN, "CONCITA": NaN, "AIANHHA": NaN, "RES_ONLYA": NaN, "TRUSTA": NaN, "AITSCEA": NaN, "TTRACTA": NaN, "TBLKGRPA": NaN, "ANRCA": NaN, "CBSAA": 33100, "METDIVA": 33124, "CSAA": 999, "NECTAA": NaN, "NECTADIVA": NaN, "CNECTAA": NaN, "UAA": NaN, "URBRURALA": NaN, "CDA": NaN, "SLDUA": NaN, "SLDLA": NaN, "ZCTA5A": NaN, "SUBMCDA": NaN, "SDELMA": NaN, "SDSECA": NaN, "SDUNIA": NaN, "NAME": "Census Tract 136", "SABINSA": NaN, "TOTPOP": 5939, "H7X001": 5939, "WHITE": 5504, "BLACK": 129, "AIAN": 7, "ASIAN": 20, "NHPI": 0, "H7X007": 174, "H7X008": 105, "H7Y001": 5939, "H7Y002": 217, "HISP": 5722, "C_X": 1578564.8767320332, "C_Y": -1162609.4621000001, "id": 22629}, {"boundary_node": false, "area": 1271292.0639833692, "STATEFP10": "12", "COUNTYFP10": "086", "TRACTCE10": "000705", "GEOID10": "12086000705", "NAME10": "7.05", "NAMELSAD10": "Census Tract 7.05", "MTFCC10": "G5020", "FUNCSTAT10": "S", "ALAND10": 1271293, "AWATER10": 0, "INTPTLAT10": "+25.8624395", "INTPTLON10": "-080.3187414", "GISJOIN": "G1200860000705", "Shape_area": 1271292.06398, "Shape_len": 4913.72052728, "YEAR": 2010, "REGIONA": 3, "DIVISIONA": 5, "STATE": "Florida", "STATEA": 12, "COUNTY": "Miami-Dade County", "COUNTYA": 86, "COUSUBA": NaN, "PLACEA": NaN, "TRACTA": 705, "BLKGRPA": NaN, "BLOCKA": NaN, "CONCITA": NaN, "AIANHHA": NaN, "RES_ONLYA": NaN, "TRUSTA": NaN, "AITSCEA": NaN, "TTRACTA": NaN, "TBLKGRPA": NaN, "ANRCA": NaN, "CBSAA": 33100, "METDIVA": 33124, "CSAA": 999, "NECTAA": NaN, "NECTADIVA": NaN, "CNECTAA": NaN, "UAA": NaN, "URBRURALA": NaN, "CDA": NaN, "SLDUA": NaN, "SLDLA": NaN, "ZCTA5A": NaN, "SUBMCDA": NaN, "SDELMA": NaN, "SDSECA": NaN, "SDUNIA": NaN, "NAME": "Census Tract 7.05", "SABINSA": NaN, "TOTPOP": 4683, "H7X001": 4683, "WHITE": 4418, "BLACK": 93, "AIAN": 2, "ASIAN": 12, "NHPI": 2, "H7X007": 93, "H7X008": 63, "H7Y001": 4683, "H7Y002": 178, "HISP": 4505, "C_X": 1579578.9245072545, "C_Y": -1163550.5345500004, "id": 22630}, {"boundary_node": false, "area": 1011267.562906273, "STATEFP10": "12", "COUNTYFP10": "086", "TRACTCE10": "000706", "GEOID10": "12086000706", "NAME10": "7.06", "NAMELSAD10": "Census Tract 7.06", "MTFCC10": "G5020", "FUNCSTAT10": "S", "ALAND10": 1011266, "AWATER10": 0, "INTPTLAT10": "+25.8609295", "INTPTLON10": "-080.3106952", "GISJOIN": "G1200860000706", "Shape_area": 1011267.56291, "Shape_len": 4112.2006553, "YEAR": 2010, "REGIONA": 3, "DIVISIONA": 5, "STATE": "Florida", "STATEA": 12, "COUNTY": "Miami-Dade County", "COUNTYA": 86, "COUSUBA": NaN, "PLACEA": NaN, "TRACTA": 706, "BLKGRPA": NaN, "BLOCKA": NaN, "CONCITA": NaN, "AIANHHA": NaN, "RES_ONLYA": NaN, "TRUSTA": NaN, "AITSCEA": NaN, "TTRACTA": NaN, "TBLKGRPA": NaN, "ANRCA": NaN, "CBSAA": 33100, "METDIVA": 33124, "CSAA": 999, "NECTAA": NaN, "NECTADIVA": NaN, "CNECTAA": NaN, "UAA": NaN, "URBRURALA": NaN, "CDA": NaN, "SLDUA": NaN, "SLDLA": NaN, "ZCTA5A": NaN, "SUBMCDA": NaN, "SDELMA": NaN, "SDSECA": NaN, "SDUNIA": NaN, "NAME": "Census Tract 7.06", "SABINSA": NaN, "TOTPOP": 7688, "H7X001": 7688, "WHITE": 7250, "BLACK": 163, "AIAN": 20, "ASIAN": 11, "NHPI": 0, "H7X007": 136, "H7X008": 108, "H7Y001": 7688, "H7Y002": 241, "HISP": 7447, "C_X": 1580409.6682174127, "C_Y": -1163571.2684499992, "id": 22631}, {"boundary_node": false, "area": 1946197.0090372344, "STATEFP10": "12", "COUNTYFP10": "086", "TRACTCE10": "009311", "GEOID10": "12086009311", "NAME10": "93.11", "NAMELSAD10": "Census Tract 93.11", "MTFCC10": "G5020", "FUNCSTAT10": "S", "ALAND10": 1786743, "AWATER10": 159451, "INTPTLAT10": "+25.8748691", "INTPTLON10": "-080.3053997", "GISJOIN": "G1200860009311", "Shape_area": 1946197.00904, "Shape_len": 6530.408277, "YEAR": 2010, "REGIONA": 3, "DIVISIONA": 5, "STATE": "Florida", "STATEA": 12, "COUNTY": "Miami-Dade County", "COUNTYA": 86, "COUSUBA": NaN, "PLACEA": NaN, "TRACTA": 9311, "BLKGRPA": NaN, "BLOCKA": NaN, "CONCITA": NaN, "AIANHHA": NaN, "RES_ONLYA": NaN, "TRUSTA": NaN, "AITSCEA": NaN, "TTRACTA": NaN, "TBLKGRPA": NaN, "ANRCA": NaN, "CBSAA": 33100, "METDIVA": 33124, "CSAA": 999, "NECTAA": NaN, "NECTADIVA": NaN, "CNECTAA": NaN, "UAA": NaN, "URBRURALA": NaN, "CDA": NaN, "SLDUA": NaN, "SLDLA": NaN, "ZCTA5A": NaN, "SUBMCDA": NaN, "SDELMA": NaN, "SDSECA": NaN, "SDUNIA": NaN, "NAME": "Census Tract 93.11", "SABINSA": NaN, "TOTPOP": 6675, "H7X001": 6675, "WHITE": 6324, "BLACK": 106, "AIAN": 6, "ASIAN": 36, "NHPI": 0, "H7X007": 98, "H7X008": 105, "H7Y001": 6675, "H7Y002": 524, "HISP": 6151, "C_X": 1580835.9220964825, "C_Y": -1161777.7571000014, "id": 22632}, {"boundary_node": false, "area": 1318817.6982960093, "STATEFP10": "12", "COUNTYFP10": "086", "TRACTCE10": "009309", "GEOID10": "12086009309", "NAME10": "93.09", "NAMELSAD10": "Census Tract 93.09", "MTFCC10": "G5020", "FUNCSTAT10": "S", "ALAND10": 1170901, "AWATER10": 147918, "INTPTLAT10": "+25.8818013", "INTPTLON10": "-080.3184685", "GISJOIN": "G1200860009309", "Shape_area": 1318817.6983, "Shape_len": 4876.32367942, "YEAR": 2010, "REGIONA": 3, "DIVISIONA": 5, "STATE": "Florida", "STATEA": 12, "COUNTY": "Miami-Dade County", "COUNTYA": 86, "COUSUBA": NaN, "PLACEA": NaN, "TRACTA": 9309, "BLKGRPA": NaN, "BLOCKA": NaN, "CONCITA": NaN, "AIANHHA": NaN, "RES_ONLYA": NaN, "TRUSTA": NaN, "AITSCEA": NaN, "TTRACTA": NaN, "TBLKGRPA": NaN, "ANRCA": NaN, "CBSAA": 33100, "METDIVA": 33124, "CSAA": 999, "NECTAA": NaN, "NECTADIVA": NaN, "CNECTAA": NaN, "UAA": NaN, "URBRURALA": NaN, "CDA": NaN, "SLDUA": NaN, "SLDLA": NaN, "ZCTA5A": NaN, "SUBMCDA": NaN, "SDELMA": NaN, "SDSECA": NaN, "SDUNIA": NaN, "NAME": "Census Tract 93.09", "SABINSA": NaN, "TOTPOP": 7044, "H7X001": 7044, "WHITE": 6596, "BLACK": 162, "AIAN": 4, "ASIAN": 26, "NHPI": 0, "H7X007": 160, "H7X008": 96, "H7Y001": 7044, "H7Y002": 354, "HISP": 6690, "C_X": 1579582.3447324387, "C_Y": -1161507.9303499998, "id": 22685}, {"boundary_node": false, "area": 1254929.491340935, "STATEFP10": "12", "COUNTYFP10": "086", "TRACTCE10": "009308", "GEOID10": "12086009308", "NAME10": "93.08", "NAMELSAD10": "Census Tract 93.08", "MTFCC10": "G5020", "FUNCSTAT10": "S", "ALAND10": 1187318, "AWATER10": 67610, "INTPTLAT10": "+25.8879442", "INTPTLON10": "-080.2986961", "GISJOIN": "G1200860009308", "Shape_area": 1254929.49134, "Shape_len": 5085.15343808, "YEAR": 2010, "REGIONA": 3, "DIVISIONA": 5, "STATE": "Florida", "STATEA": 12, "COUNTY": "Miami-Dade County", "COUNTYA": 86, "COUSUBA": NaN, "PLACEA": NaN, "TRACTA": 9308, "BLKGRPA": NaN, "BLOCKA": NaN, "CONCITA": NaN, "AIANHHA": NaN, "RES_ONLYA": NaN, "TRUSTA": NaN, "AITSCEA": NaN, "TTRACTA": NaN, "TBLKGRPA": NaN, "ANRCA": NaN, "CBSAA": 33100, "METDIVA": 33124, "CSAA": 999, "NECTAA": NaN, "NECTADIVA": NaN, "CNECTAA": NaN, "UAA": NaN, "URBRURALA": NaN, "CDA": NaN, "SLDUA": NaN, "SLDLA": NaN, "ZCTA5A": NaN, "SUBMCDA": NaN, "SDELMA": NaN, "SDSECA": NaN, "SDUNIA": NaN, "NAME": "Census Tract 93.08", "SABINSA": NaN, "TOTPOP": 7318, "H7X001": 7318, "WHITE": 6631, "BLACK": 205, "AIAN": 17, "ASIAN": 24, "NHPI": 0, "H7X007": 270, "H7X008": 171, "H7Y001": 7318, "H7Y002": 330, "HISP": 6988, "C_X": 1581027.224314204, "C_Y": -1160442.7463499997, "id": 22886}, {"boundary_node": true, "boundary_perim": 24.740969489958843, "area": 1345786.5606517608, "STATEFP10": "12", "COUNTYFP10": "086", "TRACTCE10": "009307", "GEOID10": "12086009307", "NAME10": "93.07", "NAMELSAD10": "Census Tract 93.07", "MTFCC10": "G5020", "FUNCSTAT10": "S", "ALAND10": 1267986, "AWATER10": 77800, "INTPTLAT10": "+25.8928296", "INTPTLON10": "-080.2964004", "GISJOIN": "G1200860009307", "Shape_area": 1345786.56065, "Shape_len": 5075.98700684, "YEAR": 2010, "REGIONA": 3, "DIVISIONA": 5, "STATE": "Florida", "STATEA": 12, "COUNTY": "Miami-Dade County", "COUNTYA": 86, "COUSUBA": NaN, "PLACEA": NaN, "TRACTA": 9307, "BLKGRPA": NaN, "BLOCKA": NaN, "CONCITA": NaN, "AIANHHA": NaN, "RES_ONLYA": NaN, "TRUSTA": NaN, "AITSCEA": NaN, "TTRACTA": NaN, "TBLKGRPA": NaN, "ANRCA": NaN, "CBSAA": 33100, "METDIVA": 33124, "CSAA": 999, "NECTAA": NaN, "NECTADIVA": NaN, "CNECTAA": NaN, "UAA": NaN, "URBRURALA": NaN, "CDA": NaN, "SLDUA": NaN, "SLDLA": NaN, "ZCTA5A": NaN, "SUBMCDA": NaN, "SDELMA": NaN, "SDSECA": NaN, "SDUNIA": NaN, "NAME": "Census Tract 93.07", "SABINSA": NaN, "TOTPOP": 6696, "H7X001": 6696, "WHITE": 6144, "BLACK": 249, "AIAN": 6, "ASIAN": 14, "NHPI": 0, "H7X007": 171, "H7X008": 112, "H7Y001": 6696, "H7Y002": 382, "HISP": 6314, "C_X": 1580861.8923168397, "C_Y": -1159675.8907500007, "id": 22887}, {"boundary_node": false, "area": 425001.5853800844, "STATEFP10": "12", "COUNTYFP10": "086", "TRACTCE10": "000807", "GEOID10": "12086000807", "NAME10": "8.07", "NAMELSAD10": "Census Tract 8.07", "MTFCC10": "G5020", "FUNCSTAT10": "S", "ALAND10": 425003, "AWATER10": 0, "INTPTLAT10": "+25.8330613", "INTPTLON10": "-080.2827352", "GISJOIN": "G1200860000807", "Shape_area": 425001.58538, "Shape_len": 2611.6248968, "YEAR": 2010, "REGIONA": 3, "DIVISIONA": 5, "STATE": "Florida", "STATEA": 12, "COUNTY": "Miami-Dade County", "COUNTYA": 86, "COUSUBA": NaN, "PLACEA": NaN, "TRACTA": 807, "BLKGRPA": NaN, "BLOCKA": NaN, "CONCITA": NaN, "AIANHHA": NaN, "RES_ONLYA": NaN, "TRUSTA": NaN, "AITSCEA": NaN, "TTRACTA": NaN, "TBLKGRPA": NaN, "ANRCA": NaN, "CBSAA": 33100, "METDIVA": 33124, "CSAA": 999, "NECTAA": NaN, "NECTADIVA": NaN, "CNECTAA": NaN, "UAA": NaN, "URBRURALA": NaN, "CDA": NaN, "SLDUA": NaN, "SLDLA": NaN, "ZCTA5A": NaN, "SUBMCDA": NaN, "SDELMA": NaN, "SDSECA": NaN, "SDUNIA": NaN, "NAME": "Census Tract 8.07", "SABINSA": NaN, "TOTPOP": 3900, "H7X001": 3900, "WHITE": 3454, "BLACK": 228, "AIAN": 4, "ASIAN": 5, "NHPI": 0, "H7X007": 110, "H7X008": 99, "H7Y001": 3900, "H7Y002": 196, "HISP": 3704, "C_X": 1583701.8800948723, "C_Y": -1166113.8267500014, "id": 22898}, {"boundary_node": true, "boundary_perim": 4898.2677676424755, "area": 4111798.4442384318, "STATEFP10": "12", "COUNTYFP10": "086", "TRACTCE10": "009305", "GEOID10": "12086009305", "NAME10": "93.05", "NAMELSAD10": "Census Tract 93.05", "MTFCC10": "G5020", "FUNCSTAT10": "S", "ALAND10": 3502345, "AWATER10": 609452, "INTPTLAT10": "+25.9060039", "INTPTLON10": "-080.3093178", "GISJOIN": "G1200860009305", "Shape_area": 4111798.44424, "Shape_len": 9775.73129445, "YEAR": 2010, "REGIONA": 3, "DIVISIONA": 5, "STATE": "Florida", "STATEA": 12, "COUNTY": "Miami-Dade County", "COUNTYA": 86, "COUSUBA": NaN, "PLACEA": NaN, "TRACTA": 9305, "BLKGRPA": NaN, "BLOCKA": NaN, "CONCITA": NaN, "AIANHHA": NaN, "RES_ONLYA": NaN, "TRUSTA": NaN, "AITSCEA": NaN, "TTRACTA": NaN, "TBLKGRPA": NaN, "ANRCA": NaN, "CBSAA": 33100, "METDIVA": 33124, "CSAA": 999, "NECTAA": NaN, "NECTADIVA": NaN, "CNECTAA": NaN, "UAA": NaN, "URBRURALA": NaN, "CDA": NaN, "SLDUA": NaN, "SLDLA": NaN, "ZCTA5A": NaN, "SUBMCDA": NaN, "SDELMA": NaN, "SDSECA": NaN, "SDUNIA": NaN, "NAME": "Census Tract 93.05", "SABINSA": NaN, "TOTPOP": 5252, "H7X001": 5252, "WHITE": 4942, "BLACK": 71, "AIAN": 0, "ASIAN": 80, "NHPI": 0, "H7X007": 65, "H7X008": 94, "H7Y001": 5252, "H7Y002": 1286, "HISP": 3966, "C_X": 1579872.1586229065, "C_Y": -1158863.2733999996, "id": 22928}, {"boundary_node": false, "area": 1272190.711743266, "STATEFP10": "12", "COUNTYFP10": "086", "TRACTCE10": "009200", "GEOID10": "12086009200", "NAME10": "92", "NAMELSAD10": "Census Tract 92", "MTFCC10": "G5020", "FUNCSTAT10": "S", "ALAND10": 1164123, "AWATER10": 108069, "INTPTLAT10": "+25.8785671", "INTPTLON10": "-080.2949812", "GISJOIN": "G1200860009200", "Shape_area": 1272190.71174, "Shape_len": 4706.45690369, "YEAR": 2010, "REGIONA": 3, "DIVISIONA": 5, "STATE": "Florida", "STATEA": 12, "COUNTY": "Miami-Dade County", "COUNTYA": 86, "COUSUBA": NaN, "PLACEA": NaN, "TRACTA": 9200, "BLKGRPA": NaN, "BLOCKA": NaN, "CONCITA": NaN, "AIANHHA": NaN, "RES_ONLYA": NaN, "TRUSTA": NaN, "AITSCEA": NaN, "TTRACTA": NaN, "TBLKGRPA": NaN, "ANRCA": NaN, "CBSAA": 33100, "METDIVA": 33124, "CSAA": 999, "NECTAA": NaN, "NECTADIVA": NaN, "CNECTAA": NaN, "UAA": NaN, "URBRURALA": NaN, "CDA": NaN, "SLDUA": NaN, "SLDLA": NaN, "ZCTA5A": NaN, "SUBMCDA": NaN, "SDELMA": NaN, "SDSECA": NaN, "SDUNIA": NaN, "NAME": "Census Tract 92", "SABINSA": NaN, "TOTPOP": 3722, "H7X001": 3722, "WHITE": 3560, "BLACK": 30, "AIAN": 1, "ASIAN": 3, "NHPI": 0, "H7X007": 67, "H7X008": 61, "H7Y001": 3722, "H7Y002": 279, "HISP": 3443, "C_X": 1581674.3347392902, "C_Y": -1161559.0928499992, "id": 22929}, {"boundary_node": true, "boundary_perim": 8517.195510723572, "area": 12652641.123220263, "STATEFP10": "12", "COUNTYFP10": "086", "TRACTCE10": "012500", "GEOID10": "12086012500", "NAME10": "125", "NAMELSAD10": "Census Tract 125", "MTFCC10": "G5020", "FUNCSTAT10": "S", "ALAND10": 11499309, "AWATER10": 1153330, "INTPTLAT10": "+25.9177345", "INTPTLON10": "-080.3844155", "GISJOIN": "G1200860012500", "Shape_area": 12652641.1232, "Shape_len": 20519.508063, "YEAR": 2010, "REGIONA": 3, "DIVISIONA": 5, "STATE": "Florida", "STATEA": 12, "COUNTY": "Miami-Dade County", "COUNTYA": 86, "COUSUBA": NaN, "PLACEA": NaN, "TRACTA": 12500, "BLKGRPA": NaN, "BLOCKA": NaN, "CONCITA": NaN, "AIANHHA": NaN, "RES_ONLYA": NaN, "TRUSTA": NaN, "AITSCEA": NaN, "TTRACTA": NaN, "TBLKGRPA": NaN, "ANRCA": NaN, "CBSAA": 33100, "METDIVA": 33124, "CSAA": 999, "NECTAA": NaN, "NECTADIVA": NaN, "CNECTAA": NaN, "UAA": NaN, "URBRURALA": NaN, "CDA": NaN, "SLDUA": NaN, "SLDLA": NaN, "ZCTA5A": NaN, "SUBMCDA": NaN, "SDELMA": NaN, "SDSECA": NaN, "SDUNIA": NaN, "NAME": "Census Tract 125", "SABINSA": NaN, "TOTPOP": 6186, "H7X001": 6186, "WHITE": 5815, "BLACK": 123, "AIAN": 2, "ASIAN": 61, "NHPI": 0, "H7X007": 112, "H7X008": 73, "H7Y001": 6186, "H7Y002": 402, "HISP": 5784, "C_X": 1572227.622280214, "C_Y": -1159860.7156499994, "id": 22998}, {"boundary_node": true, "boundary_perim": 20443.555099086967, "area": 31598246.901695147, "STATEFP10": "12", "COUNTYFP10": "086", "TRACTCE10": "012400", "GEOID10": "12086012400", "NAME10": "124", "NAMELSAD10": "Census Tract 124", "MTFCC10": "G5020", "FUNCSTAT10": "S", "ALAND10": 27252016, "AWATER10": 4346220, "INTPTLAT10": "+25.9497034", "INTPTLON10": "-080.3870972", "GISJOIN": "G1200860012400", "Shape_area": 31598246.9017, "Shape_len": 28639.8160269, "YEAR": 2010, "REGIONA": 3, "DIVISIONA": 5, "STATE": "Florida", "STATEA": 12, "COUNTY": "Miami-Dade County", "COUNTYA": 86, "COUSUBA": NaN, "PLACEA": NaN, "TRACTA": 12400, "BLKGRPA": NaN, "BLOCKA": NaN, "CONCITA": NaN, "AIANHHA": NaN, "RES_ONLYA": NaN, "TRUSTA": NaN, "AITSCEA": NaN, "TTRACTA": NaN, "TBLKGRPA": NaN, "ANRCA": NaN, "CBSAA": 33100, "METDIVA": 33124, "CSAA": 999, "NECTAA": NaN, "NECTADIVA": NaN, "CNECTAA": NaN, "UAA": NaN, "URBRURALA": NaN, "CDA": NaN, "SLDUA": NaN, "SLDLA": NaN, "ZCTA5A": NaN, "SUBMCDA": NaN, "SDELMA": NaN, "SDSECA": NaN, "SDUNIA": NaN, "NAME": "Census Tract 124", "SABINSA": NaN, "TOTPOP": 9525, "H7X001": 9525, "WHITE": 8063, "BLACK": 676, "AIAN": 20, "ASIAN": 227, "NHPI": 1, "H7X007": 292, "H7X008": 246, "H7Y001": 9525, "H7Y002": 1588, "HISP": 7937, "C_X": 1570881.3128917967, "C_Y": -1155967.8636999994, "id": 23078}, {"boundary_node": false, "area": 792791.0889236452, "STATEFP10": "12", "COUNTYFP10": "086", "TRACTCE10": "012600", "GEOID10": "12086012600", "NAME10": "126", "NAMELSAD10": "Census Tract 126", "MTFCC10": "G5020", "FUNCSTAT10": "S", "ALAND10": 789621, "AWATER10": 3168, "INTPTLAT10": "+25.8916403", "INTPTLON10": "-080.3534757", "GISJOIN": "G1200860012600", "Shape_area": 792791.088924, "Shape_len": 4133.28102423, "YEAR": 2010, "REGIONA": 3, "DIVISIONA": 5, "STATE": "Florida", "STATEA": 12, "COUNTY": "Miami-Dade County", "COUNTYA": 86, "COUSUBA": NaN, "PLACEA": NaN, "TRACTA": 12600, "BLKGRPA": NaN, "BLOCKA": NaN, "CONCITA": NaN, "AIANHHA": NaN, "RES_ONLYA": NaN, "TRUSTA": NaN, "AITSCEA": NaN, "TTRACTA": NaN, "TBLKGRPA": NaN, "ANRCA": NaN, "CBSAA": 33100, "METDIVA": 33124, "CSAA": 999, "NECTAA": NaN, "NECTADIVA": NaN, "CNECTAA": NaN, "UAA": NaN, "URBRURALA": NaN, "CDA": NaN, "SLDUA": NaN, "SLDLA": NaN, "ZCTA5A": NaN, "SUBMCDA": NaN, "SDELMA": NaN, "SDSECA": NaN, "SDUNIA": NaN, "NAME": "Census Tract 126", "SABINSA": NaN, "TOTPOP": 6441, "H7X001": 6441, "WHITE": 5987, "BLACK": 121, "AIAN": 3, "ASIAN": 43, "NHPI": 0, "H7X007": 170, "H7X008": 117, "H7Y001": 6441, "H7Y002": 361, "HISP": 6080, "C_X": 1575576.2203725544, "C_Y": -1160968.1833000006, "id": 23079}, {"boundary_node": true, "boundary_perim": 3238.6548581098905, "area": 11483019.655050598, "STATEFP10": "12", "COUNTYFP10": "086", "TRACTCE10": "012700", "GEOID10": "12086012700", "NAME10": "127", "NAMELSAD10": "Census Tract 127", "MTFCC10": "G5020", "FUNCSTAT10": "S", "ALAND10": 9256028, "AWATER10": 2226995, "INTPTLAT10": "+25.9162961", "INTPTLON10": "-080.3532093", "GISJOIN": "G1200860012700", "Shape_area": 11483019.6551, "Shape_len": 16044.5112562, "YEAR": 2010, "REGIONA": 3, "DIVISIONA": 5, "STATE": "Florida", "STATEA": 12, "COUNTY": "Miami-Dade County", "COUNTYA": 86, "COUSUBA": NaN, "PLACEA": NaN, "TRACTA": 12700, "BLKGRPA": NaN, "BLOCKA": NaN, "CONCITA": NaN, "AIANHHA": NaN, "RES_ONLYA": NaN, "TRUSTA": NaN, "AITSCEA": NaN, "TTRACTA": NaN, "TBLKGRPA": NaN, "ANRCA": NaN, "CBSAA": 33100, "METDIVA": 33124, "CSAA": 999, "NECTAA": NaN, "NECTADIVA": NaN, "CNECTAA": NaN, "UAA": NaN, "URBRURALA": NaN, "CDA": NaN, "SLDUA": NaN, "SLDLA": NaN, "ZCTA5A": NaN, "SUBMCDA": NaN, "SDELMA": NaN, "SDSECA": NaN, "SDUNIA": NaN, "NAME": "Census Tract 127", "SABINSA": NaN, "TOTPOP": 7370, "H7X001": 7370, "WHITE": 6884, "BLACK": 195, "AIAN": 4, "ASIAN": 77, "NHPI": 0, "H7X007": 111, "H7X008": 99, "H7Y001": 7370, "H7Y002": 913, "HISP": 6457, "C_X": 1574378.5809454909, "C_Y": -1158527.8305000004, "id": 23186}, {"boundary_node": true, "boundary_perim": 1.8189894035458565e-12, "area": 4170845.3384776716, "STATEFP10": "12", "COUNTYFP10": "086", "TRACTCE10": "012800", "GEOID10": "12086012800", "NAME10": "128", "NAMELSAD10": "Census Tract 128", "MTFCC10": "G5020", "FUNCSTAT10": "S", "ALAND10": 3689367, "AWATER10": 481474, "INTPTLAT10": "+25.9069520", "INTPTLON10": "-080.3369235", "GISJOIN": "G1200860012800", "Shape_area": 4170845.33848, "Shape_len": 8695.21620715, "YEAR": 2010, "REGIONA": 3, "DIVISIONA": 5, "STATE": "Florida", "STATEA": 12, "COUNTY": "Miami-Dade County", "COUNTYA": 86, "COUSUBA": NaN, "PLACEA": NaN, "TRACTA": 12800, "BLKGRPA": NaN, "BLOCKA": NaN, "CONCITA": NaN, "AIANHHA": NaN, "RES_ONLYA": NaN, "TRUSTA": NaN, "AITSCEA": NaN, "TTRACTA": NaN, "TBLKGRPA": NaN, "ANRCA": NaN, "CBSAA": 33100, "METDIVA": 33124, "CSAA": 999, "NECTAA": NaN, "NECTADIVA": NaN, "CNECTAA": NaN, "UAA": NaN, "URBRURALA": NaN, "CDA": NaN, "SLDUA": NaN, "SLDLA": NaN, "ZCTA5A": NaN, "SUBMCDA": NaN, "SDELMA": NaN, "SDSECA": NaN, "SDUNIA": NaN, "NAME": "Census Tract 128", "SABINSA": NaN, "TOTPOP": 7895, "H7X001": 7895, "WHITE": 7334, "BLACK": 197, "AIAN": 0, "ASIAN": 117, "NHPI": 1, "H7X007": 120, "H7X008": 126, "H7Y001": 7895, "H7Y002": 1133, "HISP": 6762, "C_X": 1576966.4512978476, "C_Y": -1159110.9334000004, "id": 23187}, {"boundary_node": false, "area": 1946275.3851195408, "STATEFP10": "12", "COUNTYFP10": "086", "TRACTCE10": "012900", "GEOID10": "12086012900", "NAME10": "129", "NAMELSAD10": "Census Tract 129", "MTFCC10": "G5020", "FUNCSTAT10": "S", "ALAND10": 1907796, "AWATER10": 38473, "INTPTLAT10": "+25.8928760", "INTPTLON10": "-080.3300576", "GISJOIN": "G1200860012900", "Shape_area": 1946275.38512, "Shape_len": 6476.29094366, "YEAR": 2010, "REGIONA": 3, "DIVISIONA": 5, "STATE": "Florida", "STATEA": 12, "COUNTY": "Miami-Dade County", "COUNTYA": 86, "COUSUBA": NaN, "PLACEA": NaN, "TRACTA": 12900, "BLKGRPA": NaN, "BLOCKA": NaN, "CONCITA": NaN, "AIANHHA": NaN, "RES_ONLYA": NaN, "TRUSTA": NaN, "AITSCEA": NaN, "TTRACTA": NaN, "TBLKGRPA": NaN, "ANRCA": NaN, "CBSAA": 33100, "METDIVA": 33124, "CSAA": 999, "NECTAA": NaN, "NECTADIVA": NaN, "CNECTAA": NaN, "UAA": NaN, "URBRURALA": NaN, "CDA": NaN, "SLDUA": NaN, "SLDLA": NaN, "ZCTA5A": NaN, "SUBMCDA": NaN, "SDELMA": NaN, "SDSECA": NaN, "SDUNIA": NaN, "NAME": "Census Tract 129", "SABINSA": NaN, "TOTPOP": 4056, "H7X001": 4056, "WHITE": 3777, "BLACK": 94, "AIAN": 2, "ASIAN": 21, "NHPI": 0, "H7X007": 97, "H7X008": 65, "H7Y001": 4056, "H7Y002": 151, "HISP": 3905, "C_X": 1577730.8488215306, "C_Y": -1160573.0307000002, "id": 23188}, {"boundary_node": false, "area": 646105.1826519375, "STATEFP10": "12", "COUNTYFP10": "086", "TRACTCE10": "013000", "GEOID10": "12086013000", "NAME10": "130", "NAMELSAD10": "Census Tract 130", "MTFCC10": "G5020", "FUNCSTAT10": "S", "ALAND10": 646107, "AWATER10": 0, "INTPTLAT10": "+25.8878095", "INTPTLON10": "-080.3357740", "GISJOIN": "G1200860013000", "Shape_area": 646105.182652, "Shape_len": 3226.63267838, "YEAR": 2010, "REGIONA": 3, "DIVISIONA": 5, "STATE": "Florida", "STATEA": 12, "COUNTY": "Miami-Dade County", "COUNTYA": 86, "COUSUBA": NaN, "PLACEA": NaN, "TRACTA": 13000, "BLKGRPA": NaN, "BLOCKA": NaN, "CONCITA": NaN, "AIANHHA": NaN, "RES_ONLYA": NaN, "TRUSTA": NaN, "AITSCEA": NaN, "TTRACTA": NaN, "TBLKGRPA": NaN, "ANRCA": NaN, "CBSAA": 33100, "METDIVA": 33124, "CSAA": 999, "NECTAA": NaN, "NECTADIVA": NaN, "CNECTAA": NaN, "UAA": NaN, "URBRURALA": NaN, "CDA": NaN, "SLDUA": NaN, "SLDLA": NaN, "ZCTA5A": NaN, "SUBMCDA": NaN, "SDELMA": NaN, "SDSECA": NaN, "SDUNIA": NaN, "NAME": "Census Tract 130", "SABINSA": NaN, "TOTPOP": 4535, "H7X001": 4535, "WHITE": 4093, "BLACK": 113, "AIAN": 5, "ASIAN": 76, "NHPI": 0, "H7X007": 153, "H7X008": 95, "H7Y001": 4535, "H7Y002": 292, "HISP": 4243, "C_X": 1577420.2990989797, "C_Y": -1161067.2732000006, "id": 23189}, {"boundary_node": false, "area": 852367.5515166115, "STATEFP10": "12", "COUNTYFP10": "086", "TRACTCE10": "013100", "GEOID10": "12086013100", "NAME10": "131", "NAMELSAD10": "Census Tract 131", "MTFCC10": "G5020", "FUNCSTAT10": "S", "ALAND10": 849977, "AWATER10": 2385, "INTPTLAT10": "+25.8942494", "INTPTLON10": "-080.3455215", "GISJOIN": "G1200860013100", "Shape_area": 852367.551517, "Shape_len": 3734.94469649, "YEAR": 2010, "REGIONA": 3, "DIVISIONA": 5, "STATE": "Florida", "STATEA": 12, "COUNTY": "Miami-Dade County", "COUNTYA": 86, "COUSUBA": NaN, "PLACEA": NaN, "TRACTA": 13100, "BLKGRPA": NaN, "BLOCKA": NaN, "CONCITA": NaN, "AIANHHA": NaN, "RES_ONLYA": NaN, "TRUSTA": NaN, "AITSCEA": NaN, "TTRACTA": NaN, "TBLKGRPA": NaN, "ANRCA": NaN, "CBSAA": 33100, "METDIVA": 33124, "CSAA": 999, "NECTAA": NaN, "NECTADIVA": NaN, "CNECTAA": NaN, "UAA": NaN, "URBRURALA": NaN, "CDA": NaN, "SLDUA": NaN, "SLDLA": NaN, "ZCTA5A": NaN, "SUBMCDA": NaN, "SDELMA": NaN, "SDSECA": NaN, "SDUNIA": NaN, "NAME": "Census Tract 131", "SABINSA": NaN, "TOTPOP": 5170, "H7X001": 5170, "WHITE": 4672, "BLACK": 117, "AIAN": 8, "ASIAN": 38, "NHPI": 0, "H7X007": 219, "H7X008": 116, "H7Y001": 5170, "H7Y002": 214, "HISP": 4956, "C_X": 1576313.099622962, "C_Y": -1160490.074449999, "id": 23190}, {"boundary_node": false, "area": 937796.9524870028, "STATEFP10": "12", "COUNTYFP10": "086", "TRACTCE10": "013200", "GEOID10": "12086013200", "NAME10": "132", "NAMELSAD10": "Census Tract 132", "MTFCC10": "G5020", "FUNCSTAT10": "S", "ALAND10": 917046, "AWATER10": 20751, "INTPTLAT10": "+25.8863514", "INTPTLON10": "-080.3454905", "GISJOIN": "G1200860013200", "Shape_area": 937796.952487, "Shape_len": 4057.77973597, "YEAR": 2010, "REGIONA": 3, "DIVISIONA": 5, "STATE": "Florida", "STATEA": 12, "COUNTY": "Miami-Dade County", "COUNTYA": 86, "COUSUBA": NaN, "PLACEA": NaN, "TRACTA": 13200, "BLKGRPA": NaN, "BLOCKA": NaN, "CONCITA": NaN, "AIANHHA": NaN, "RES_ONLYA": NaN, "TRUSTA": NaN, "AITSCEA": NaN, "TTRACTA": NaN, "TBLKGRPA": NaN, "ANRCA": NaN, "CBSAA": 33100, "METDIVA": 33124, "CSAA": 999, "NECTAA": NaN, "NECTADIVA": NaN, "CNECTAA": NaN, "UAA": NaN, "URBRURALA": NaN, "CDA": NaN, "SLDUA": NaN, "SLDLA": NaN, "ZCTA5A": NaN, "SUBMCDA": NaN, "SDELMA": NaN, "SDSECA": NaN, "SDUNIA": NaN, "NAME": "Census Tract 132", "SABINSA": NaN, "TOTPOP": 5962, "H7X001": 5962, "WHITE": 5471, "BLACK": 128, "AIAN": 8, "ASIAN": 27, "NHPI": 1, "H7X007": 215, "H7X008": 112, "H7Y001": 5962, "H7Y002": 272, "HISP": 5690, "C_X": 1576470.603574227, "C_Y": -1161241.090950001, "id": 23191}, {"boundary_node": true, "boundary_perim": 1645.715624806824, "area": 1330913.083065602, "STATEFP10": "12", "COUNTYFP10": "086", "TRACTCE10": "013300", "GEOID10": "12086013300", "NAME10": "133", "NAMELSAD10": "Census Tract 133", "MTFCC10": "G5020", "FUNCSTAT10": "S", "ALAND10": 1301283, "AWATER10": 29631, "INTPTLAT10": "+25.8801137", "INTPTLON10": "-080.3510749", "GISJOIN": "G1200860013300", "Shape_area": 1330913.08307, "Shape_len": 6497.20444301, "YEAR": 2010, "REGIONA": 3, "DIVISIONA": 5, "STATE": "Florida", "STATEA": 12, "COUNTY": "Miami-Dade County", "COUNTYA": 86, "COUSUBA": NaN, "PLACEA": NaN, "TRACTA": 13300, "BLKGRPA": NaN, "BLOCKA": NaN, "CONCITA": NaN, "AIANHHA": NaN, "RES_ONLYA": NaN, "TRUSTA": NaN, "AITSCEA": NaN, "TTRACTA": NaN, "TBLKGRPA": NaN, "ANRCA": NaN, "CBSAA": 33100, "METDIVA": 33124, "CSAA": 999, "NECTAA": NaN, "NECTADIVA": NaN, "CNECTAA": NaN, "UAA": NaN, "URBRURALA": NaN, "CDA": NaN, "SLDUA": NaN, "SLDLA": NaN, "ZCTA5A": NaN, "SUBMCDA": NaN, "SDELMA": NaN, "SDSECA": NaN, "SDUNIA": NaN, "NAME": "Census Tract 133", "SABINSA": NaN, "TOTPOP": 5378, "H7X001": 5378, "WHITE": 5013, "BLACK": 108, "AIAN": 7, "ASIAN": 31, "NHPI": 0, "H7X007": 149, "H7X008": 70, "H7Y001": 5378, "H7Y002": 219, "HISP": 5159, "C_X": 1575975.3070310694, "C_Y": -1162344.4735499993, "id": 23192}, {"boundary_node": false, "area": 620408.0409321476, "STATEFP10": "12", "COUNTYFP10": "086", "TRACTCE10": "013400", "GEOID10": "12086013400", "NAME10": "134", "NAMELSAD10": "Census Tract 134", "MTFCC10": "G5020", "FUNCSTAT10": "S", "ALAND10": 450700, "AWATER10": 169704, "INTPTLAT10": "+25.8812634", "INTPTLON10": "-080.3354696", "GISJOIN": "G1200860013400", "Shape_area": 620408.040932, "Shape_len": 3148.1123199, "YEAR": 2010, "REGIONA": 3, "DIVISIONA": 5, "STATE": "Florida", "STATEA": 12, "COUNTY": "Miami-Dade County", "COUNTYA": 86, "COUSUBA": NaN, "PLACEA": NaN, "TRACTA": 13400, "BLKGRPA": NaN, "BLOCKA": NaN, "CONCITA": NaN, "AIANHHA": NaN, "RES_ONLYA": NaN, "TRUSTA": NaN, "AITSCEA": NaN, "TTRACTA": NaN, "TBLKGRPA": NaN, "ANRCA": NaN, "CBSAA": 33100, "METDIVA": 33124, "CSAA": 999, "NECTAA": NaN, "NECTADIVA": NaN, "CNECTAA": NaN, "UAA": NaN, "URBRURALA": NaN, "CDA": NaN, "SLDUA": NaN, "SLDLA": NaN, "ZCTA5A": NaN, "SUBMCDA": NaN, "SDELMA": NaN, "SDSECA": NaN, "SDUNIA": NaN, "NAME": "Census Tract 134", "SABINSA": NaN, "TOTPOP": 5069, "H7X001": 5069, "WHITE": 4482, "BLACK": 191, "AIAN": 17, "ASIAN": 33, "NHPI": 0, "H7X007": 240, "H7X008": 106, "H7Y001": 5069, "H7Y002": 381, "HISP": 4688, "C_X": 1577586.9812192544, "C_Y": -1161857.848650001, "id": 23193}, {"boundary_node": false, "area": 637558.800951765, "STATEFP10": "12", "COUNTYFP10": "086", "TRACTCE10": "013500", "GEOID10": "12086013500", "NAME10": "135", "NAMELSAD10": "Census Tract 135", "MTFCC10": "G5020", "FUNCSTAT10": "S", "ALAND10": 625909, "AWATER10": 11651, "INTPTLAT10": "+25.8790930", "INTPTLON10": "-080.3273513", "GISJOIN": "G1200860013500", "Shape_area": 637558.800952, "Shape_len": 3188.91622451, "YEAR": 2010, "REGIONA": 3, "DIVISIONA": 5, "STATE": "Florida", "STATEA": 12, "COUNTY": "Miami-Dade County", "COUNTYA": 86, "COUSUBA": NaN, "PLACEA": NaN, "TRACTA": 13500, "BLKGRPA": NaN, "BLOCKA": NaN, "CONCITA": NaN, "AIANHHA": NaN, "RES_ONLYA": NaN, "TRUSTA": NaN, "AITSCEA": NaN, "TTRACTA": NaN, "TBLKGRPA": NaN, "ANRCA": NaN, "CBSAA": 33100, "METDIVA": 33124, "CSAA": 999, "NECTAA": NaN, "NECTADIVA": NaN, "CNECTAA": NaN, "UAA": NaN, "URBRURALA": NaN, "CDA": NaN, "SLDUA": NaN, "SLDLA": NaN, "ZCTA5A": NaN, "SUBMCDA": NaN, "SDELMA": NaN, "SDSECA": NaN, "SDUNIA": NaN, "NAME": "Census Tract 135", "SABINSA": NaN, "TOTPOP": 5320, "H7X001": 5320, "WHITE": 4737, "BLACK": 183, "AIAN": 27, "ASIAN": 19, "NHPI": 0, "H7X007": 285, "H7X008": 69, "H7Y001": 5320, "H7Y002": 218, "HISP": 5102, "C_X": 1578381.273190319, "C_Y": -1161720.1249999986, "id": 23194}, {"boundary_node": false, "area": 693273.5547739348, "STATEFP10": "12", "COUNTYFP10": "086", "TRACTCE10": "013800", "GEOID10": "12086013800", "NAME10": "138", "NAMELSAD10": "Census Tract 138", "MTFCC10": "G5020", "FUNCSTAT10": "S", "ALAND10": 535030, "AWATER10": 158243, "INTPTLAT10": "+25.8729762", "INTPTLON10": "-080.3356336", "GISJOIN": "G1200860013800", "Shape_area": 693273.554774, "Shape_len": 3449.60967606, "YEAR": 2010, "REGIONA": 3, "DIVISIONA": 5, "STATE": "Florida", "STATEA": 12, "COUNTY": "Miami-Dade County", "COUNTYA": 86, "COUSUBA": NaN, "PLACEA": NaN, "TRACTA": 13800, "BLKGRPA": NaN, "BLOCKA": NaN, "CONCITA": NaN, "AIANHHA": NaN, "RES_ONLYA": NaN, "TRUSTA": NaN, "AITSCEA": NaN, "TTRACTA": NaN, "TBLKGRPA": NaN, "ANRCA": NaN, "CBSAA": 33100, "METDIVA": 33124, "CSAA": 999, "NECTAA": NaN, "NECTADIVA": NaN, "CNECTAA": NaN, "UAA": NaN, "URBRURALA": NaN, "CDA": NaN, "SLDUA": NaN, "SLDLA": NaN, "ZCTA5A": NaN, "SUBMCDA": NaN, "SDELMA": NaN, "SDSECA": NaN, "SDUNIA": NaN, "NAME": "Census Tract 138", "SABINSA": NaN, "TOTPOP": 6568, "H7X001": 6568, "WHITE": 5889, "BLACK": 207, "AIAN": 6, "ASIAN": 24, "NHPI": 0, "H7X007": 325, "H7X008": 117, "H7Y001": 6568, "H7Y002": 263, "HISP": 6305, "C_X": 1577756.439791048, "C_Y": -1162689.5403000005, "id": 23449}, {"boundary_node": true, "boundary_perim": 3936.174113580487, "area": 2859797.193434902, "STATEFP10": "12", "COUNTYFP10": "086", "TRACTCE10": "001701", "GEOID10": "12086001701", "NAME10": "17.01", "NAMELSAD10": "Census Tract 17.01", "MTFCC10": "G5020", "FUNCSTAT10": "S", "ALAND10": 2859796, "AWATER10": 0, "INTPTLAT10": "+25.8224232", "INTPTLON10": "-080.2519055", "GISJOIN": "G1200860001701", "Shape_area": 2859797.19343, "Shape_len": 8079.18957687, "YEAR": 2010, "REGIONA": 3, "DIVISIONA": 5, "STATE": "Florida", "STATEA": 12, "COUNTY": "Miami-Dade County", "COUNTYA": 86, "COUSUBA": NaN, "PLACEA": NaN, "TRACTA": 1701, "BLKGRPA": NaN, "BLOCKA": NaN, "CONCITA": NaN, "AIANHHA": NaN, "RES_ONLYA": NaN, "TRUSTA": NaN, "AITSCEA": NaN, "TTRACTA": NaN, "TBLKGRPA": NaN, "ANRCA": NaN, "CBSAA": 33100, "METDIVA": 33124, "CSAA": 999, "NECTAA": NaN, "NECTADIVA": NaN, "CNECTAA": NaN, "UAA": NaN, "URBRURALA": NaN, "CDA": NaN, "SLDUA": NaN, "SLDLA": NaN, "ZCTA5A": NaN, "SUBMCDA": NaN, "SDELMA": NaN, "SDSECA": NaN, "SDUNIA": NaN, "NAME": "Census Tract 17.01", "SABINSA": NaN, "TOTPOP": 4247, "H7X001": 4247, "WHITE": 1403, "BLACK": 2623, "AIAN": 16, "ASIAN": 1, "NHPI": 0, "H7X007": 109, "H7X008": 95, "H7Y001": 4247, "H7Y002": 2608, "HISP": 1639, "C_X": 1586801.2387067075, "C_Y": -1166926.3429499993, "id": 23451}, {"boundary_node": true, "boundary_perim": 588.9645642695114, "area": 871280.3136362341, "STATEFP10": "12", "COUNTYFP10": "086", "TRACTCE10": "013900", "GEOID10": "12086013900", "NAME10": "139", "NAMELSAD10": "Census Tract 139", "MTFCC10": "G5020", "FUNCSTAT10": "S", "ALAND10": 824105, "AWATER10": 47176, "INTPTLAT10": "+25.8736714", "INTPTLON10": "-080.3414181", "GISJOIN": "G1200860013900", "Shape_area": 871280.313636, "Shape_len": 4011.05829008, "YEAR": 2010, "REGIONA": 3, "DIVISIONA": 5, "STATE": "Florida", "STATEA": 12, "COUNTY": "Miami-Dade County", "COUNTYA": 86, "COUSUBA": NaN, "PLACEA": NaN, "TRACTA": 13900, "BLKGRPA": NaN, "BLOCKA": NaN, "CONCITA": NaN, "AIANHHA": NaN, "RES_ONLYA": NaN, "TRUSTA": NaN, "AITSCEA": NaN, "TTRACTA": NaN, "TBLKGRPA": NaN, "ANRCA": NaN, "CBSAA": 33100, "METDIVA": 33124, "CSAA": 999, "NECTAA": NaN, "NECTADIVA": NaN, "CNECTAA": NaN, "UAA": NaN, "URBRURALA": NaN, "CDA": NaN, "SLDUA": NaN, "SLDLA": NaN, "ZCTA5A": NaN, "SUBMCDA": NaN, "SDELMA": NaN, "SDSECA": NaN, "SDUNIA": NaN, "NAME": "Census Tract 139", "SABINSA": NaN, "TOTPOP": 4674, "H7X001": 4674, "WHITE": 4318, "BLACK": 105, "AIAN": 0, "ASIAN": 42, "NHPI": 1, "H7X007": 126, "H7X008": 82, "H7Y001": 4674, "H7Y002": 221, "HISP": 4453, "C_X": 1576948.9567233243, "C_Y": -1162788.25565, "id": 23463}, {"boundary_node": true, "boundary_perim": 6742.826766884331, "area": 2923567.3742312733, "STATEFP10": "12", "COUNTYFP10": "086", "TRACTCE10": "000902", "GEOID10": "12086000902", "NAME10": "9.02", "NAMELSAD10": "Census Tract 9.02", "MTFCC10": "G5020", "FUNCSTAT10": "S", "ALAND10": 2923563, "AWATER10": 0, "INTPTLAT10": "+25.8545079", "INTPTLON10": "-080.2499054", "GISJOIN": "G1200860000902", "Shape_area": 2923567.37423, "Shape_len": 10957.6590291, "YEAR": 2010, "REGIONA": 3, "DIVISIONA": 5, "STATE": "Florida", "STATEA": 12, "COUNTY": "Miami-Dade County", "COUNTYA": 86, "COUSUBA": NaN, "PLACEA": NaN, "TRACTA": 902, "BLKGRPA": NaN, "BLOCKA": NaN, "CONCITA": NaN, "AIANHHA": NaN, "RES_ONLYA": NaN, "TRUSTA": NaN, "AITSCEA": NaN, "TTRACTA": NaN, "TBLKGRPA": NaN, "ANRCA": NaN, "CBSAA": 33100, "METDIVA": 33124, "CSAA": 999, "NECTAA": NaN, "NECTADIVA": NaN, "CNECTAA": NaN, "UAA": NaN, "URBRURALA": NaN, "CDA": NaN, "SLDUA": NaN, "SLDLA": NaN, "ZCTA5A": NaN, "SUBMCDA": NaN, "SDELMA": NaN, "SDSECA": NaN, "SDUNIA": NaN, "NAME": "Census Tract 9.02", "SABINSA": NaN, "TOTPOP": 7026, "H7X001": 7026, "WHITE": 4393, "BLACK": 1967, "AIAN": 21, "ASIAN": 18, "NHPI": 1, "H7X007": 436, "H7X008": 190, "H7Y001": 7026, "H7Y002": 1943, "HISP": 5083, "C_X": 1586953.8532927185, "C_Y": -1163113.4509500004, "id": 23541}, {"boundary_node": false, "area": 1748753.8937363082, "STATEFP10": "12", "COUNTYFP10": "086", "TRACTCE10": "000605", "GEOID10": "12086000605", "NAME10": "6.05", "NAMELSAD10": "Census Tract 6.05", "MTFCC10": "G5020", "FUNCSTAT10": "S", "ALAND10": 1748750, "AWATER10": 0, "INTPTLAT10": "+25.8511172", "INTPTLON10": "-080.2656372", "GISJOIN": "G1200860000605", "Shape_area": 1748753.89374, "Shape_len": 6143.37468695, "YEAR": 2010, "REGIONA": 3, "DIVISIONA": 5, "STATE": "Florida", "STATEA": 12, "COUNTY": "Miami-Dade County", "COUNTYA": 86, "COUSUBA": NaN, "PLACEA": NaN, "TRACTA": 605, "BLKGRPA": NaN, "BLOCKA": NaN, "CONCITA": NaN, "AIANHHA": NaN, "RES_ONLYA": NaN, "TRUSTA": NaN, "AITSCEA": NaN, "TTRACTA": NaN, "TBLKGRPA": NaN, "ANRCA": NaN, "CBSAA": 33100, "METDIVA": 33124, "CSAA": 999, "NECTAA": NaN, "NECTADIVA": NaN, "CNECTAA": NaN, "UAA": NaN, "URBRURALA": NaN, "CDA": NaN, "SLDUA": NaN, "SLDLA": NaN, "ZCTA5A": NaN, "SUBMCDA": NaN, "SDELMA": NaN, "SDSECA": NaN, "SDUNIA": NaN, "NAME": "Census Tract 6.05", "SABINSA": NaN, "TOTPOP": 4806, "H7X001": 4806, "WHITE": 4585, "BLACK": 83, "AIAN": 2, "ASIAN": 10, "NHPI": 0, "H7X007": 76, "H7X008": 50, "H7Y001": 4806, "H7Y002": 214, "HISP": 4592, "C_X": 1585006.9050239867, "C_Y": -1163736.9434500004, "id": 23543}, {"boundary_node": true, "boundary_perim": 352.97965693050355, "area": 1898584.8613859548, "STATEFP10": "12", "COUNTYFP10": "086", "TRACTCE10": "000604", "GEOID10": "12086000604", "NAME10": "6.04", "NAMELSAD10": "Census Tract 6.04", "MTFCC10": "G5020", "FUNCSTAT10": "S", "ALAND10": 1888623, "AWATER10": 9963, "INTPTLAT10": "+25.8645946", "INTPTLON10": "-080.2663444", "GISJOIN": "G1200860000604", "Shape_area": 1898584.86139, "Shape_len": 5697.24932161, "YEAR": 2010, "REGIONA": 3, "DIVISIONA": 5, "STATE": "Florida", "STATEA": 12, "COUNTY": "Miami-Dade County", "COUNTYA": 86, "COUSUBA": NaN, "PLACEA": NaN, "TRACTA": 604, "BLKGRPA": NaN, "BLOCKA": NaN, "CONCITA": NaN, "AIANHHA": NaN, "RES_ONLYA": NaN, "TRUSTA": NaN, "AITSCEA": NaN, "TTRACTA": NaN, "TBLKGRPA": NaN, "ANRCA": NaN, "CBSAA": 33100, "METDIVA": 33124, "CSAA": 999, "NECTAA": NaN, "NECTADIVA": NaN, "CNECTAA": NaN, "UAA": NaN, "URBRURALA": NaN, "CDA": NaN, "SLDUA": NaN, "SLDLA": NaN, "ZCTA5A": NaN, "SUBMCDA": NaN, "SDELMA": NaN, "SDSECA": NaN, "SDUNIA": NaN, "NAME": "Census Tract 6.04", "SABINSA": NaN, "TOTPOP": 6447, "H7X001": 6447, "WHITE": 6091, "BLACK": 141, "AIAN": 7, "ASIAN": 24, "NHPI": 0, "H7X007": 117, "H7X008": 67, "H7Y001": 6447, "H7Y002": 375, "HISP": 6072, "C_X": 1584804.0517752266, "C_Y": -1162602.0636000005, "id": 23544}, {"boundary_node": false, "area": 1820276.5751898994, "STATEFP10": "12", "COUNTYFP10": "086", "TRACTCE10": "000603", "GEOID10": "12086000603", "NAME10": "6.03", "NAMELSAD10": "Census Tract 6.03", "MTFCC10": "G5020", "FUNCSTAT10": "S", "ALAND10": 1807927, "AWATER10": 12351, "INTPTLAT10": "+25.8655498", "INTPTLON10": "-080.2819490", "GISJOIN": "G1200860000603", "Shape_area": 1820276.57519, "Shape_len": 5633.72506812, "YEAR": 2010, "REGIONA": 3, "DIVISIONA": 5, "STATE": "Florida", "STATEA": 12, "COUNTY": "Miami-Dade County", "COUNTYA": 86, "COUSUBA": NaN, "PLACEA": NaN, "TRACTA": 603, "BLKGRPA": NaN, "BLOCKA": NaN, "CONCITA": NaN, "AIANHHA": NaN, "RES_ONLYA": NaN, "TRUSTA": NaN, "AITSCEA": NaN, "TTRACTA": NaN, "TBLKGRPA": NaN, "ANRCA": NaN, "CBSAA": 33100, "METDIVA": 33124, "CSAA": 999, "NECTAA": NaN, "NECTADIVA": NaN, "CNECTAA": NaN, "UAA": NaN, "URBRURALA": NaN, "CDA": NaN, "SLDUA": NaN, "SLDLA": NaN, "ZCTA5A": NaN, "SUBMCDA": NaN, "SDELMA": NaN, "SDSECA": NaN, "SDUNIA": NaN, "NAME": "Census Tract 6.03", "SABINSA": NaN, "TOTPOP": 5508, "H7X001": 5508, "WHITE": 5275, "BLACK": 75, "AIAN": 3, "ASIAN": 6, "NHPI": 0, "H7X007": 79, "H7X008": 70, "H7Y001": 5508, "H7Y002": 348, "HISP": 5160, "C_X": 1583216.608925155, "C_Y": -1162581.4467500006, "id": 23545}, {"boundary_node": false, "area": 1445171.0969181214, "STATEFP10": "12", "COUNTYFP10": "086", "TRACTCE10": "000602", "GEOID10": "12086000602", "NAME10": "6.02", "NAMELSAD10": "Census Tract 6.02", "MTFCC10": "G5020", "FUNCSTAT10": "S", "ALAND10": 1436982, "AWATER10": 8188, "INTPTLAT10": "+25.8759411", "INTPTLON10": "-080.2852208", "GISJOIN": "G1200860000602", "Shape_area": 1445171.09692, "Shape_len": 4821.64757919, "YEAR": 2010, "REGIONA": 3, "DIVISIONA": 5, "STATE": "Florida", "STATEA": 12, "COUNTY": "Miami-Dade County", "COUNTYA": 86, "COUSUBA": NaN, "PLACEA": NaN, "TRACTA": 602, "BLKGRPA": NaN, "BLOCKA": NaN, "CONCITA": NaN, "AIANHHA": NaN, "RES_ONLYA": NaN, "TRUSTA": NaN, "AITSCEA": NaN, "TTRACTA": NaN, "TBLKGRPA": NaN, "ANRCA": NaN, "CBSAA": 33100, "METDIVA": 33124, "CSAA": 999, "NECTAA": NaN, "NECTADIVA": NaN, "CNECTAA": NaN, "UAA": NaN, "URBRURALA": NaN, "CDA": NaN, "SLDUA": NaN, "SLDLA": NaN, "ZCTA5A": NaN, "SUBMCDA": NaN, "SDELMA": NaN, "SDSECA": NaN, "SDUNIA": NaN, "NAME": "Census Tract 6.02", "SABINSA": NaN, "TOTPOP": 5501, "H7X001": 5501, "WHITE": 5233, "BLACK": 75, "AIAN": 0, "ASIAN": 4, "NHPI": 0, "H7X007": 134, "H7X008": 55, "H7Y001": 5501, "H7Y002": 367, "HISP": 5134, "C_X": 1582711.4151937573, "C_Y": -1161540.5774999997, "id": 23546}, {"boundary_node": false, "area": 1502478.8143595448, "STATEFP10": "12", "COUNTYFP10": "086", "TRACTCE10": "000601", "GEOID10": "12086000601", "NAME10": "6.01", "NAMELSAD10": "Census Tract 6.01", "MTFCC10": "G5020", "FUNCSTAT10": "S", "ALAND10": 1490627, "AWATER10": 11850, "INTPTLAT10": "+25.8757754", "INTPTLON10": "-080.2739022", "GISJOIN": "G1200860000601", "Shape_area": 1502478.81436, "Shape_len": 4890.62784307, "YEAR": 2010, "REGIONA": 3, "DIVISIONA": 5, "STATE": "Florida", "STATEA": 12, "COUNTY": "Miami-Dade County", "COUNTYA": 86, "COUSUBA": NaN, "PLACEA": NaN, "TRACTA": 601, "BLKGRPA": NaN, "BLOCKA": NaN, "CONCITA": NaN, "AIANHHA": NaN, "RES_ONLYA": NaN, "TRUSTA": NaN, "AITSCEA": NaN, "TTRACTA": NaN, "TBLKGRPA": NaN, "ANRCA": NaN, "CBSAA": 33100, "METDIVA": 33124, "CSAA": 999, "NECTAA": NaN, "NECTADIVA": NaN, "CNECTAA": NaN, "UAA": NaN, "URBRURALA": NaN, "CDA": NaN, "SLDUA": NaN, "SLDLA": NaN, "ZCTA5A": NaN, "SUBMCDA": NaN, "SDELMA": NaN, "SDSECA": NaN, "SDUNIA": NaN, "NAME": "Census Tract 6.01", "SABINSA": NaN, "TOTPOP": 5412, "H7X001": 5412, "WHITE": 5146, "BLACK": 94, "AIAN": 3, "ASIAN": 4, "NHPI": 0, "H7X007": 110, "H7X008": 55, "H7Y001": 5412, "H7Y002": 388, "HISP": 5024, "C_X": 1583894.2352945716, "C_Y": -1161279.089649999, "id": 23547}, {"boundary_node": true, "boundary_perim": 8756.275829684902, "area": 6965996.374363792, "STATEFP10": "12", "COUNTYFP10": "086", "TRACTCE10": "000503", "GEOID10": "12086000503", "NAME10": "5.03", "NAMELSAD10": "Census Tract 5.03", "MTFCC10": "G5020", "FUNCSTAT10": "S", "ALAND10": 6869415, "AWATER10": 96585, "INTPTLAT10": "+25.8864171", "INTPTLON10": "-080.2548880", "GISJOIN": "G1200860000503", "Shape_area": 6965996.37436, "Shape_len": 12985.4732204, "YEAR": 2010, "REGIONA": 3, "DIVISIONA": 5, "STATE": "Florida", "STATEA": 12, "COUNTY": "Miami-Dade County", "COUNTYA": 86, "COUSUBA": NaN, "PLACEA": NaN, "TRACTA": 503, "BLKGRPA": NaN, "BLOCKA": NaN, "CONCITA": NaN, "AIANHHA": NaN, "RES_ONLYA": NaN, "TRUSTA": NaN, "AITSCEA": NaN, "TTRACTA": NaN, "TBLKGRPA": NaN, "ANRCA": NaN, "CBSAA": 33100, "METDIVA": 33124, "CSAA": 999, "NECTAA": NaN, "NECTADIVA": NaN, "CNECTAA": NaN, "UAA": NaN, "URBRURALA": NaN, "CDA": NaN, "SLDUA": NaN, "SLDLA": NaN, "ZCTA5A": NaN, "SUBMCDA": NaN, "SDELMA": NaN, "SDSECA": NaN, "SDUNIA": NaN, "NAME": "Census Tract 5.03", "SABINSA": NaN, "TOTPOP": 6782, "H7X001": 6782, "WHITE": 1949, "BLACK": 4333, "AIAN": 13, "ASIAN": 20, "NHPI": 20, "H7X007": 281, "H7X008": 166, "H7Y001": 6782, "H7Y002": 4291, "HISP": 2491, "C_X": 1585763.8623702787, "C_Y": -1159507.7359499997, "id": 23548}, {"boundary_node": true, "boundary_perim": 3838.3194821818815, "area": 5371704.732103575, "STATEFP10": "12", "COUNTYFP10": "086", "TRACTCE10": "000505", "GEOID10": "12086000505", "NAME10": "5.05", "NAMELSAD10": "Census Tract 5.05", "MTFCC10": "G5020", "FUNCSTAT10": "S", "ALAND10": 4803808, "AWATER10": 567900, "INTPTLAT10": "+25.8844078", "INTPTLON10": "-080.2845180", "GISJOIN": "G1200860000505", "Shape_area": 5371704.7321, "Shape_len": 10473.1390535, "YEAR": 2010, "REGIONA": 3, "DIVISIONA": 5, "STATE": "Florida", "STATEA": 12, "COUNTY": "Miami-Dade County", "COUNTYA": 86, "COUSUBA": NaN, "PLACEA": NaN, "TRACTA": 505, "BLKGRPA": NaN, "BLOCKA": NaN, "CONCITA": NaN, "AIANHHA": NaN, "RES_ONLYA": NaN, "TRUSTA": NaN, "AITSCEA": NaN, "TTRACTA": NaN, "TBLKGRPA": NaN, "ANRCA": NaN, "CBSAA": 33100, "METDIVA": 33124, "CSAA": 999, "NECTAA": NaN, "NECTADIVA": NaN, "CNECTAA": NaN, "UAA": NaN, "URBRURALA": NaN, "CDA": NaN, "SLDUA": NaN, "SLDLA": NaN, "ZCTA5A": NaN, "SUBMCDA": NaN, "SDELMA": NaN, "SDSECA": NaN, "SDUNIA": NaN, "NAME": "Census Tract 5.05", "SABINSA": NaN, "TOTPOP": 5255, "H7X001": 5255, "WHITE": 4779, "BLACK": 224, "AIAN": 6, "ASIAN": 8, "NHPI": 0, "H7X007": 172, "H7X008": 66, "H7Y001": 5255, "H7Y002": 345, "HISP": 4910, "C_X": 1583361.520443661, "C_Y": -1159958.1381499995, "id": 23551}, {"boundary_node": false, "area": 1198386.167329126, "STATEFP10": "12", "COUNTYFP10": "086", "TRACTCE10": "000608", "GEOID10": "12086000608", "NAME10": "6.08", "NAMELSAD10": "Census Tract 6.08", "MTFCC10": "G5020", "FUNCSTAT10": "S", "ALAND10": 1198385, "AWATER10": 0, "INTPTLAT10": "+25.8535299", "INTPTLON10": "-080.2784257", "GISJOIN": "G1200860000608", "Shape_area": 1198386.16733, "Shape_len": 7918.3148366, "YEAR": 2010, "REGIONA": 3, "DIVISIONA": 5, "STATE": "Florida", "STATEA": 12, "COUNTY": "Miami-Dade County", "COUNTYA": 86, "COUSUBA": NaN, "PLACEA": NaN, "TRACTA": 608, "BLKGRPA": NaN, "BLOCKA": NaN, "CONCITA": NaN, "AIANHHA": NaN, "RES_ONLYA": NaN, "TRUSTA": NaN, "AITSCEA": NaN, "TTRACTA": NaN, "TBLKGRPA": NaN, "ANRCA": NaN, "CBSAA": 33100, "METDIVA": 33124, "CSAA": 999, "NECTAA": NaN, "NECTADIVA": NaN, "CNECTAA": NaN, "UAA": NaN, "URBRURALA": NaN, "CDA": NaN, "SLDUA": NaN, "SLDLA": NaN, "ZCTA5A": NaN, "SUBMCDA": NaN, "SDELMA": NaN, "SDSECA": NaN, "SDUNIA": NaN, "NAME": "Census Tract 6.08", "SABINSA": NaN, "TOTPOP": 7159, "H7X001": 7159, "WHITE": 6636, "BLACK": 263, "AIAN": 6, "ASIAN": 2, "NHPI": 0, "H7X007": 167, "H7X008": 85, "H7Y001": 7159, "H7Y002": 286, "HISP": 6873, "C_X": 1584047.7233927185, "C_Y": -1163811.8278000006, "id": 23555}, {"boundary_node": false, "area": 1975168.131259401, "STATEFP10": "12", "COUNTYFP10": "086", "TRACTCE10": "000806", "GEOID10": "12086000806", "NAME10": "8.06", "NAMELSAD10": "Census Tract 8.06", "MTFCC10": "G5020", "FUNCSTAT10": "S", "ALAND10": 1916998, "AWATER10": 58167, "INTPTLAT10": "+25.8440383", "INTPTLON10": "-080.2756195", "GISJOIN": "G1200860000806", "Shape_area": 1975168.13126, "Shape_len": 8329.56007775, "YEAR": 2010, "REGIONA": 3, "DIVISIONA": 5, "STATE": "Florida", "STATEA": 12, "COUNTY": "Miami-Dade County", "COUNTYA": 86, "COUSUBA": NaN, "PLACEA": NaN, "TRACTA": 806, "BLKGRPA": NaN, "BLOCKA": NaN, "CONCITA": NaN, "AIANHHA": NaN, "RES_ONLYA": NaN, "TRUSTA": NaN, "AITSCEA": NaN, "TTRACTA": NaN, "TBLKGRPA": NaN, "ANRCA": NaN, "CBSAA": 33100, "METDIVA": 33124, "CSAA": 999, "NECTAA": NaN, "NECTADIVA": NaN, "CNECTAA": NaN, "UAA": NaN, "URBRURALA": NaN, "CDA": NaN, "SLDUA": NaN, "SLDLA": NaN, "ZCTA5A": NaN, "SUBMCDA": NaN, "SDELMA": NaN, "SDSECA": NaN, "SDUNIA": NaN, "NAME": "Census Tract 8.06", "SABINSA": NaN, "TOTPOP": 4855, "H7X001": 4855, "WHITE": 4407, "BLACK": 193, "AIAN": 10, "ASIAN": 8, "NHPI": 0, "H7X007": 166, "H7X008": 71, "H7Y001": 4855, "H7Y002": 202, "HISP": 4653, "C_X": 1583517.2076381282, "C_Y": -1164675.7835499998, "id": 23556}, {"boundary_node": false, "area": 1201718.3554636654, "STATEFP10": "12", "COUNTYFP10": "086", "TRACTCE10": "000607", "GEOID10": "12086000607", "NAME10": "6.07", "NAMELSAD10": "Census Tract 6.07", "MTFCC10": "G5020", "FUNCSTAT10": "S", "ALAND10": 1201720, "AWATER10": 0, "INTPTLAT10": "+25.8566733", "INTPTLON10": "-080.2845166", "GISJOIN": "G1200860000607", "Shape_area": 1201718.35546, "Shape_len": 4417.86775726, "YEAR": 2010, "REGIONA": 3, "DIVISIONA": 5, "STATE": "Florida", "STATEA": 12, "COUNTY": "Miami-Dade County", "COUNTYA": 86, "COUSUBA": NaN, "PLACEA": NaN, "TRACTA": 607, "BLKGRPA": NaN, "BLOCKA": NaN, "CONCITA": NaN, "AIANHHA": NaN, "RES_ONLYA": NaN, "TRUSTA": NaN, "AITSCEA": NaN, "TTRACTA": NaN, "TBLKGRPA": NaN, "ANRCA": NaN, "CBSAA": 33100, "METDIVA": 33124, "CSAA": 999, "NECTAA": NaN, "NECTADIVA": NaN, "CNECTAA": NaN, "UAA": NaN, "URBRURALA": NaN, "CDA": NaN, "SLDUA": NaN, "SLDLA": NaN, "ZCTA5A": NaN, "SUBMCDA": NaN, "SDELMA": NaN, "SDSECA": NaN, "SDUNIA": NaN, "NAME": "Census Tract 6.07", "SABINSA": NaN, "TOTPOP": 4923, "H7X001": 4923, "WHITE": 4669, "BLACK": 104, "AIAN": 1, "ASIAN": 0, "NHPI": 0, "H7X007": 111, "H7X008": 38, "H7Y001": 4923, "H7Y002": 275, "HISP": 4648, "C_X": 1583100.969157816, "C_Y": -1163591.9522999995, "id": 23557}, {"boundary_node": false, "area": 1582003.5594955469, "STATEFP10": "12", "COUNTYFP10": "086", "TRACTCE10": "000711", "GEOID10": "12086000711", "NAME10": "7.11", "NAMELSAD10": "Census Tract 7.11", "MTFCC10": "G5020", "FUNCSTAT10": "S", "ALAND10": 1574274, "AWATER10": 7727, "INTPTLAT10": "+25.8475257", "INTPTLON10": "-080.2972584", "GISJOIN": "G1200860000711", "Shape_area": 1582003.5595, "Shape_len": 5621.8231912, "YEAR": 2010, "REGIONA": 3, "DIVISIONA": 5, "STATE": "Florida", "STATEA": 12, "COUNTY": "Miami-Dade County", "COUNTYA": 86, "COUSUBA": NaN, "PLACEA": NaN, "TRACTA": 711, "BLKGRPA": NaN, "BLOCKA": NaN, "CONCITA": NaN, "AIANHHA": NaN, "RES_ONLYA": NaN, "TRUSTA": NaN, "AITSCEA": NaN, "TTRACTA": NaN, "TBLKGRPA": NaN, "ANRCA": NaN, "CBSAA": 33100, "METDIVA": 33124, "CSAA": 999, "NECTAA": NaN, "NECTADIVA": NaN, "CNECTAA": NaN, "UAA": NaN, "URBRURALA": NaN, "CDA": NaN, "SLDUA": NaN, "SLDLA": NaN, "ZCTA5A": NaN, "SUBMCDA": NaN, "SDELMA": NaN, "SDSECA": NaN, "SDUNIA": NaN, "NAME": "Census Tract 7.11", "SABINSA": NaN, "TOTPOP": 5768, "H7X001": 5768, "WHITE": 5119, "BLACK": 422, "AIAN": 13, "ASIAN": 8, "NHPI": 1, "H7X007": 129, "H7X008": 76, "H7Y001": 5768, "H7Y002": 442, "HISP": 5326, "C_X": 1582085.6185158328, "C_Y": -1164719.379600001, "id": 23558}, {"boundary_node": false, "area": 1585524.8149791732, "STATEFP10": "12", "COUNTYFP10": "086", "TRACTCE10": "000805", "GEOID10": "12086000805", "NAME10": "8.05", "NAMELSAD10": "Census Tract 8.05", "MTFCC10": "G5020", "FUNCSTAT10": "S", "ALAND10": 1585525, "AWATER10": 0, "INTPTLAT10": "+25.8362315", "INTPTLON10": "-080.2655661", "GISJOIN": "G1200860000805", "Shape_area": 1585524.81498, "Shape_len": 5053.79964163, "YEAR": 2010, "REGIONA": 3, "DIVISIONA": 5, "STATE": "Florida", "STATEA": 12, "COUNTY": "Miami-Dade County", "COUNTYA": 86, "COUSUBA": NaN, "PLACEA": NaN, "TRACTA": 805, "BLKGRPA": NaN, "BLOCKA": NaN, "CONCITA": NaN, "AIANHHA": NaN, "RES_ONLYA": NaN, "TRUSTA": NaN, "AITSCEA": NaN, "TTRACTA": NaN, "TBLKGRPA": NaN, "ANRCA": NaN, "CBSAA": 33100, "METDIVA": 33124, "CSAA": 999, "NECTAA": NaN, "NECTADIVA": NaN, "CNECTAA": NaN, "UAA": NaN, "URBRURALA": NaN, "CDA": NaN, "SLDUA": NaN, "SLDLA": NaN, "ZCTA5A": NaN, "SUBMCDA": NaN, "SDELMA": NaN, "SDSECA": NaN, "SDUNIA": NaN, "NAME": "Census Tract 8.05", "SABINSA": NaN, "TOTPOP": 6140, "H7X001": 6140, "WHITE": 5792, "BLACK": 120, "AIAN": 2, "ASIAN": 12, "NHPI": 0, "H7X007": 108, "H7X008": 106, "H7Y001": 6140, "H7Y002": 267, "HISP": 5873, "C_X": 1585362.283986297, "C_Y": -1165487.7256999982, "id": 23559}, {"boundary_node": false, "area": 969630.0667869009, "STATEFP10": "12", "COUNTYFP10": "086", "TRACTCE10": "001603", "GEOID10": "12086001603", "NAME10": "16.03", "NAMELSAD10": "Census Tract 16.03", "MTFCC10": "G5020", "FUNCSTAT10": "S", "ALAND10": 969629, "AWATER10": 0, "INTPTLAT10": "+25.8265591", "INTPTLON10": "-080.2651527", "GISJOIN": "G1200860001603", "Shape_area": 969630.066787, "Shape_len": 4521.90960175, "YEAR": 2010, "REGIONA": 3, "DIVISIONA": 5, "STATE": "Florida", "STATEA": 12, "COUNTY": "Miami-Dade County", "COUNTYA": 86, "COUSUBA": NaN, "PLACEA": NaN, "TRACTA": 1603, "BLKGRPA": NaN, "BLOCKA": NaN, "CONCITA": NaN, "AIANHHA": NaN, "RES_ONLYA": NaN, "TRUSTA": NaN, "AITSCEA": NaN, "TTRACTA": NaN, "TBLKGRPA": NaN, "ANRCA": NaN, "CBSAA": 33100, "METDIVA": 33124, "CSAA": 999, "NECTAA": NaN, "NECTADIVA": NaN, "CNECTAA": NaN, "UAA": NaN, "URBRURALA": NaN, "CDA": NaN, "SLDUA": NaN, "SLDLA": NaN, "ZCTA5A": NaN, "SUBMCDA": NaN, "SDELMA": NaN, "SDSECA": NaN, "SDUNIA": NaN, "NAME": "Census Tract 16.03", "SABINSA": NaN, "TOTPOP": 3315, "H7X001": 3315, "WHITE": 3128, "BLACK": 54, "AIAN": 0, "ASIAN": 14, "NHPI": 0, "H7X007": 80, "H7X008": 39, "H7Y001": 3315, "H7Y002": 176, "HISP": 3139, "C_X": 1585666.5834883163, "C_Y": -1166512.999600001, "id": 23560}, {"boundary_node": false, "area": 686954.4047770426, "STATEFP10": "12", "COUNTYFP10": "086", "TRACTCE10": "001606", "GEOID10": "12086001606", "NAME10": "16.06", "NAMELSAD10": "Census Tract 16.06", "MTFCC10": "G5020", "FUNCSTAT10": "S", "ALAND10": 686952, "AWATER10": 0, "INTPTLAT10": "+25.8268982", "INTPTLON10": "-080.2749860", "GISJOIN": "G1200860001606", "Shape_area": 686954.404777, "Shape_len": 3637.99406696, "YEAR": 2010, "REGIONA": 3, "DIVISIONA": 5, "STATE": "Florida", "STATEA": 12, "COUNTY": "Miami-Dade County", "COUNTYA": 86, "COUSUBA": NaN, "PLACEA": NaN, "TRACTA": 1606, "BLKGRPA": NaN, "BLOCKA": NaN, "CONCITA": NaN, "AIANHHA": NaN, "RES_ONLYA": NaN, "TRUSTA": NaN, "AITSCEA": NaN, "TTRACTA": NaN, "TBLKGRPA": NaN, "ANRCA": NaN, "CBSAA": 33100, "METDIVA": 33124, "CSAA": 999, "NECTAA": NaN, "NECTADIVA": NaN, "CNECTAA": NaN, "UAA": NaN, "URBRURALA": NaN, "CDA": NaN, "SLDUA": NaN, "SLDLA": NaN, "ZCTA5A": NaN, "SUBMCDA": NaN, "SDELMA": NaN, "SDSECA": NaN, "SDUNIA": NaN, "NAME": "Census Tract 16.06", "SABINSA": NaN, "TOTPOP": 4323, "H7X001": 4323, "WHITE": 3897, "BLACK": 145, "AIAN": 1, "ASIAN": 6, "NHPI": 1, "H7X007": 167, "H7X008": 106, "H7Y001": 4323, "H7Y002": 142, "HISP": 4181, "C_X": 1584635.9485945732, "C_Y": -1166683.2359500001, "id": 23561}, {"boundary_node": false, "area": 2561157.2970876726, "STATEFP10": "12", "COUNTYFP10": "086", "TRACTCE10": "009306", "GEOID10": "12086009306", "NAME10": "93.06", "NAMELSAD10": "Census Tract 93.06", "MTFCC10": "G5020", "FUNCSTAT10": "S", "ALAND10": 2076693, "AWATER10": 484465, "INTPTLAT10": "+25.8919280", "INTPTLON10": "-080.3151336", "GISJOIN": "G1200860009306", "Shape_area": 2561157.29709, "Shape_len": 6394.03163377, "YEAR": 2010, "REGIONA": 3, "DIVISIONA": 5, "STATE": "Florida", "STATEA": 12, "COUNTY": "Miami-Dade County", "COUNTYA": 86, "COUSUBA": NaN, "PLACEA": NaN, "TRACTA": 9306, "BLKGRPA": NaN, "BLOCKA": NaN, "CONCITA": NaN, "AIANHHA": NaN, "RES_ONLYA": NaN, "TRUSTA": NaN, "AITSCEA": NaN, "TTRACTA": NaN, "TBLKGRPA": NaN, "ANRCA": NaN, "CBSAA": 33100, "METDIVA": 33124, "CSAA": 999, "NECTAA": NaN, "NECTADIVA": NaN, "CNECTAA": NaN, "UAA": NaN, "URBRURALA": NaN, "CDA": NaN, "SLDUA": NaN, "SLDLA": NaN, "ZCTA5A": NaN, "SUBMCDA": NaN, "SDELMA": NaN, "SDSECA": NaN, "SDUNIA": NaN, "NAME": "Census Tract 93.06", "SABINSA": NaN, "TOTPOP": 7435, "H7X001": 7435, "WHITE": 7026, "BLACK": 110, "AIAN": 5, "ASIAN": 62, "NHPI": 3, "H7X007": 142, "H7X008": 87, "H7Y001": 7435, "H7Y002": 809, "HISP": 6626, "C_X": 1579330.0952147641, "C_Y": -1160325.4540000008, "id": 23582}, {"boundary_node": false, "area": 845855.0047908152, "STATEFP10": "12", "COUNTYFP10": "086", "TRACTCE10": "000808", "GEOID10": "12086000808", "NAME10": "8.08", "NAMELSAD10": "Census Tract 8.08", "MTFCC10": "G5020", "FUNCSTAT10": "S", "ALAND10": 845852, "AWATER10": 0, "INTPTLAT10": "+25.8368263", "INTPTLON10": "-080.2858363", "GISJOIN": "G1200860000808", "Shape_area": 845855.004791, "Shape_len": 4571.27422072, "YEAR": 2010, "REGIONA": 3, "DIVISIONA": 5, "STATE": "Florida", "STATEA": 12, "COUNTY": "Miami-Dade County", "COUNTYA": 86, "COUSUBA": NaN, "PLACEA": NaN, "TRACTA": 808, "BLKGRPA": NaN, "BLOCKA": NaN, "CONCITA": NaN, "AIANHHA": NaN, "RES_ONLYA": NaN, "TRUSTA": NaN, "AITSCEA": NaN, "TTRACTA": NaN, "TBLKGRPA": NaN, "ANRCA": NaN, "CBSAA": 33100, "METDIVA": 33124, "CSAA": 999, "NECTAA": NaN, "NECTADIVA": NaN, "CNECTAA": NaN, "UAA": NaN, "URBRURALA": NaN, "CDA": NaN, "SLDUA": NaN, "SLDLA": NaN, "ZCTA5A": NaN, "SUBMCDA": NaN, "SDELMA": NaN, "SDSECA": NaN, "SDUNIA": NaN, "NAME": "Census Tract 8.08", "SABINSA": NaN, "TOTPOP": 4082, "H7X001": 4082, "WHITE": 3779, "BLACK": 131, "AIAN": 1, "ASIAN": 7, "NHPI": 0, "H7X007": 108, "H7X008": 56, "H7Y001": 4082, "H7Y002": 185, "HISP": 3897, "C_X": 1583139.4164696853, "C_Y": -1165863.6451500002, "id": 23602}, {"boundary_node": false, "area": 1000192.7252292158, "STATEFP10": "12", "COUNTYFP10": "086", "TRACTCE10": "000712", "GEOID10": "12086000712", "NAME10": "7.12", "NAMELSAD10": "Census Tract 7.12", "MTFCC10": "G5020", "FUNCSTAT10": "S", "ALAND10": 967096, "AWATER10": 33092, "INTPTLAT10": "+25.8366495", "INTPTLON10": "-080.2949559", "GISJOIN": "G1200860000712", "Shape_area": 1000192.72523, "Shape_len": 4649.26071349, "YEAR": 2010, "REGIONA": 3, "DIVISIONA": 5, "STATE": "Florida", "STATEA": 12, "COUNTY": "Miami-Dade County", "COUNTYA": 86, "COUSUBA": NaN, "PLACEA": NaN, "TRACTA": 712, "BLKGRPA": NaN, "BLOCKA": NaN, "CONCITA": NaN, "AIANHHA": NaN, "RES_ONLYA": NaN, "TRUSTA": NaN, "AITSCEA": NaN, "TTRACTA": NaN, "TBLKGRPA": NaN, "ANRCA": NaN, "CBSAA": 33100, "METDIVA": 33124, "CSAA": 999, "NECTAA": NaN, "NECTADIVA": NaN, "CNECTAA": NaN, "UAA": NaN, "URBRURALA": NaN, "CDA": NaN, "SLDUA": NaN, "SLDLA": NaN, "ZCTA5A": NaN, "SUBMCDA": NaN, "SDELMA": NaN, "SDSECA": NaN, "SDUNIA": NaN, "NAME": "Census Tract 7.12", "SABINSA": NaN, "TOTPOP": 2498, "H7X001": 2498, "WHITE": 2272, "BLACK": 96, "AIAN": 9, "ASIAN": 1, "NHPI": 0, "H7X007": 84, "H7X008": 36, "H7Y001": 2498, "H7Y002": 89, "HISP": 2409, "C_X": 1582470.1743256967, "C_Y": -1166020.0015499997, "id": 23603}, {"boundary_node": true, "boundary_perim": 1313.3443230135563, "area": 647238.5893347522, "STATEFP10": "12", "COUNTYFP10": "086", "TRACTCE10": "000710", "GEOID10": "12086000710", "NAME10": "7.10", "NAMELSAD10": "Census Tract 7.10", "MTFCC10": "G5020", "FUNCSTAT10": "S", "ALAND10": 628714, "AWATER10": 18529, "INTPTLAT10": "+25.8452439", "INTPTLON10": "-080.3075698", "GISJOIN": "G1200860000710", "Shape_area": 647238.589335, "Shape_len": 3815.56704847, "YEAR": 2010, "REGIONA": 3, "DIVISIONA": 5, "STATE": "Florida", "STATEA": 12, "COUNTY": "Miami-Dade County", "COUNTYA": 86, "COUSUBA": NaN, "PLACEA": NaN, "TRACTA": 710, "BLKGRPA": NaN, "BLOCKA": NaN, "CONCITA": NaN, "AIANHHA": NaN, "RES_ONLYA": NaN, "TRUSTA": NaN, "AITSCEA": NaN, "TTRACTA": NaN, "TBLKGRPA": NaN, "ANRCA": NaN, "CBSAA": 33100, "METDIVA": 33124, "CSAA": 999, "NECTAA": NaN, "NECTADIVA": NaN, "CNECTAA": NaN, "UAA": NaN, "URBRURALA": NaN, "CDA": NaN, "SLDUA": NaN, "SLDLA": NaN, "ZCTA5A": NaN, "SUBMCDA": NaN, "SDELMA": NaN, "SDSECA": NaN, "SDUNIA": NaN, "NAME": "Census Tract 7.10", "SABINSA": NaN, "TOTPOP": 5451, "H7X001": 5451, "WHITE": 4952, "BLACK": 196, "AIAN": 1, "ASIAN": 4, "NHPI": 0, "H7X007": 144, "H7X008": 154, "H7Y001": 5451, "H7Y002": 123, "HISP": 5328, "C_X": 1581100.1768516882, "C_Y": -1165268.41005, "id": 23604}, {"boundary_node": true, "boundary_perim": 1062.9405168516532, "area": 1392207.8824625383, "STATEFP10": "12", "COUNTYFP10": "086", "TRACTCE10": "000709", "GEOID10": "12086000709", "NAME10": "7.09", "NAMELSAD10": "Census Tract 7.09", "MTFCC10": "G5020", "FUNCSTAT10": "S", "ALAND10": 1373937, "AWATER10": 18269, "INTPTLAT10": "+25.8516162", "INTPTLON10": "-080.3108320", "GISJOIN": "G1200860000709", "Shape_area": 1392207.88246, "Shape_len": 5402.6373276, "YEAR": 2010, "REGIONA": 3, "DIVISIONA": 5, "STATE": "Florida", "STATEA": 12, "COUNTY": "Miami-Dade County", "COUNTYA": 86, "COUSUBA": NaN, "PLACEA": NaN, "TRACTA": 709, "BLKGRPA": NaN, "BLOCKA": NaN, "CONCITA": NaN, "AIANHHA": NaN, "RES_ONLYA": NaN, "TRUSTA": NaN, "AITSCEA": NaN, "TTRACTA": NaN, "TBLKGRPA": NaN, "ANRCA": NaN, "CBSAA": 33100, "METDIVA": 33124, "CSAA": 999, "NECTAA": NaN, "NECTADIVA": NaN, "CNECTAA": NaN, "UAA": NaN, "URBRURALA": NaN, "CDA": NaN, "SLDUA": NaN, "SLDLA": NaN, "ZCTA5A": NaN, "SUBMCDA": NaN, "SDELMA": NaN, "SDSECA": NaN, "SDUNIA": NaN, "NAME": "Census Tract 7.09", "SABINSA": NaN, "TOTPOP": 6109, "H7X001": 6109, "WHITE": 5789, "BLACK": 137, "AIAN": 2, "ASIAN": 2, "NHPI": 0, "H7X007": 81, "H7X008": 98, "H7Y001": 6109, "H7Y002": 220, "HISP": 5889, "C_X": 1580399.8844319389, "C_Y": -1164556.7690500002, "id": 23605}, {"boundary_node": false, "area": 267640.606958625, "STATEFP10": "12", "COUNTYFP10": "086", "TRACTCE10": "009315", "GEOID10": "12086009315", "NAME10": "93.15", "NAMELSAD10": "Census Tract 93.15", "MTFCC10": "G5020", "FUNCSTAT10": "S", "ALAND10": 254688, "AWATER10": 12951, "INTPTLAT10": "+25.8716540", "INTPTLON10": "-080.3208892", "GISJOIN": "G1200860009315", "Shape_area": 267640.606959, "Shape_len": 2935.85876723, "YEAR": 2010, "REGIONA": 3, "DIVISIONA": 5, "STATE": "Florida", "STATEA": 12, "COUNTY": "Miami-Dade County", "COUNTYA": 86, "COUSUBA": NaN, "PLACEA": NaN, "TRACTA": 9315, "BLKGRPA": NaN, "BLOCKA": NaN, "CONCITA": NaN, "AIANHHA": NaN, "RES_ONLYA": NaN, "TRUSTA": NaN, "AITSCEA": NaN, "TTRACTA": NaN, "TBLKGRPA": NaN, "ANRCA": NaN, "CBSAA": 33100, "METDIVA": 33124, "CSAA": 999, "NECTAA": NaN, "NECTADIVA": NaN, "CNECTAA": NaN, "UAA": NaN, "URBRURALA": NaN, "CDA": NaN, "SLDUA": NaN, "SLDLA": NaN, "ZCTA5A": NaN, "SUBMCDA": NaN, "SDELMA": NaN, "SDSECA": NaN, "SDUNIA": NaN, "NAME": "Census Tract 93.15", "SABINSA": NaN, "TOTPOP": 3066, "H7X001": 3066, "WHITE": 2881, "BLACK": 65, "AIAN": 3, "ASIAN": 7, "NHPI": 0, "H7X007": 77, "H7X008": 33, "H7Y001": 3066, "H7Y002": 187, "HISP": 2879, "C_X": 1579171.6514331494, "C_Y": -1162534.7687500017, "id": 23606}, {"boundary_node": true, "boundary_perim": 0.0, "area": 484554.7069549426, "STATEFP10": "12", "COUNTYFP10": "086", "TRACTCE10": "001605", "GEOID10": "12086001605", "NAME10": "16.05", "NAMELSAD10": "Census Tract 16.05", "MTFCC10": "G5020", "FUNCSTAT10": "S", "ALAND10": 475463, "AWATER10": 9091, "INTPTLAT10": "+25.8276064", "INTPTLON10": "-080.2825156", "GISJOIN": "G1200860001605", "Shape_area": 484554.706955, "Shape_len": 3240.34215683, "YEAR": 2010, "REGIONA": 3, "DIVISIONA": 5, "STATE": "Florida", "STATEA": 12, "COUNTY": "Miami-Dade County", "COUNTYA": 86, "COUSUBA": NaN, "PLACEA": NaN, "TRACTA": 1605, "BLKGRPA": NaN, "BLOCKA": NaN, "CONCITA": NaN, "AIANHHA": NaN, "RES_ONLYA": NaN, "TRUSTA": NaN, "AITSCEA": NaN, "TTRACTA": NaN, "TBLKGRPA": NaN, "ANRCA": NaN, "CBSAA": 33100, "METDIVA": 33124, "CSAA": 999, "NECTAA": NaN, "NECTADIVA": NaN, "CNECTAA": NaN, "UAA": NaN, "URBRURALA": NaN, "CDA": NaN, "SLDUA": NaN, "SLDLA": NaN, "ZCTA5A": NaN, "SUBMCDA": NaN, "SDELMA": NaN, "SDSECA": NaN, "SDUNIA": NaN, "NAME": "Census Tract 16.05", "SABINSA": NaN, "TOTPOP": 4049, "H7X001": 4049, "WHITE": 3560, "BLACK": 250, "AIAN": 4, "ASIAN": 20, "NHPI": 0, "H7X007": 124, "H7X008": 91, "H7Y001": 4049, "H7Y002": 240, "HISP": 3809, "C_X": 1583771.7362434338, "C_Y": -1166807.2231499983, "id": 23607}, {"boundary_node": true, "boundary_perim": 26349.586314540305, "area": 17173005.373970103, "STATEFP10": "12", "COUNTYFP10": "086", "TRACTCE10": "980500", "GEOID10": "12086980500", "NAME10": "9805", "NAMELSAD10": "Census Tract 9805", "MTFCC10": "G5020", "FUNCSTAT10": "S", "ALAND10": 15582611, "AWATER10": 1590394, "INTPTLAT10": "+25.7948501", "INTPTLON10": "-080.2883499", "GISJOIN": "G1200860980500", "Shape_area": 17173005.374, "Shape_len": 29051.3258758, "YEAR": 2010, "REGIONA": 3, "DIVISIONA": 5, "STATE": "Florida", "STATEA": 12, "COUNTY": "Miami-Dade County", "COUNTYA": 86, "COUSUBA": NaN, "PLACEA": NaN, "TRACTA": 980500, "BLKGRPA": NaN, "BLOCKA": NaN, "CONCITA": NaN, "AIANHHA": NaN, "RES_ONLYA": NaN, "TRUSTA": NaN, "AITSCEA": NaN, "TTRACTA": NaN, "TBLKGRPA": NaN, "ANRCA": NaN, "CBSAA": 33100, "METDIVA": 33124, "CSAA": 999, "NECTAA": NaN, "NECTADIVA": NaN, "CNECTAA": NaN, "UAA": NaN, "URBRURALA": NaN, "CDA": NaN, "SLDUA": NaN, "SLDLA": NaN, "ZCTA5A": NaN, "SUBMCDA": NaN, "SDELMA": NaN, "SDSECA": NaN, "SDUNIA": NaN, "NAME": "Census Tract 9805", "SABINSA": NaN, "TOTPOP": 7, "H7X001": 7, "WHITE": 5, "BLACK": 2, "AIAN": 0, "ASIAN": 0, "NHPI": 0, "H7X007": 0, "H7X008": 0, "H7Y001": 7, "H7Y002": 6, "HISP": 1, "C_X": 1584813.7760365037, "C_Y": -1169485.7901999992, "id": 23631}, {"boundary_node": true, "boundary_perim": 2837.688499152615, "area": 2113004.8121189033, "STATEFP10": "12", "COUNTYFP10": "086", "TRACTCE10": "001602", "GEOID10": "12086001602", "NAME10": "16.02", "NAMELSAD10": "Census Tract 16.02", "MTFCC10": "G5020", "FUNCSTAT10": "S", "ALAND10": 2080396, "AWATER10": 32606, "INTPTLAT10": "+25.8175875", "INTPTLON10": "-080.2659605", "GISJOIN": "G1200860001602", "Shape_area": 2113004.81212, "Shape_len": 6999.8103941, "YEAR": 2010, "REGIONA": 3, "DIVISIONA": 5, "STATE": "Florida", "STATEA": 12, "COUNTY": "Miami-Dade County", "COUNTYA": 86, "COUSUBA": NaN, "PLACEA": NaN, "TRACTA": 1602, "BLKGRPA": NaN, "BLOCKA": NaN, "CONCITA": NaN, "AIANHHA": NaN, "RES_ONLYA": NaN, "TRUSTA": NaN, "AITSCEA": NaN, "TTRACTA": NaN, "TBLKGRPA": NaN, "ANRCA": NaN, "CBSAA": 33100, "METDIVA": 33124, "CSAA": 999, "NECTAA": NaN, "NECTADIVA": NaN, "CNECTAA": NaN, "UAA": NaN, "URBRURALA": NaN, "CDA": NaN, "SLDUA": NaN, "SLDLA": NaN, "ZCTA5A": NaN, "SUBMCDA": NaN, "SDELMA": NaN, "SDSECA": NaN, "SDUNIA": NaN, "NAME": "Census Tract 16.02", "SABINSA": NaN, "TOTPOP": 6487, "H7X001": 6487, "WHITE": 5994, "BLACK": 193, "AIAN": 7, "ASIAN": 6, "NHPI": 0, "H7X007": 179, "H7X008": 108, "H7Y001": 6487, "H7Y002": 459, "HISP": 6028, "C_X": 1585698.0573428946, "C_Y": -1167707.2750000008, "id": 23641}, {"boundary_node": true, "boundary_perim": 1638.0188667375933, "area": 2953948.178543787, "STATEFP10": "12", "COUNTYFP10": "086", "TRACTCE10": "000903", "GEOID10": "12086000903", "NAME10": "9.03", "NAMELSAD10": "Census Tract 9.03", "MTFCC10": "G5020", "FUNCSTAT10": "S", "ALAND10": 2953945, "AWATER10": 0, "INTPTLAT10": "+25.8383344", "INTPTLON10": "-080.2504081", "GISJOIN": "G1200860000903", "Shape_area": 2953948.17854, "Shape_len": 6904.3677012, "YEAR": 2010, "REGIONA": 3, "DIVISIONA": 5, "STATE": "Florida", "STATEA": 12, "COUNTY": "Miami-Dade County", "COUNTYA": 86, "COUSUBA": NaN, "PLACEA": NaN, "TRACTA": 903, "BLKGRPA": NaN, "BLOCKA": NaN, "CONCITA": NaN, "AIANHHA": NaN, "RES_ONLYA": NaN, "TRUSTA": NaN, "AITSCEA": NaN, "TTRACTA": NaN, "TBLKGRPA": NaN, "ANRCA": NaN, "CBSAA": 33100, "METDIVA": 33124, "CSAA": 999, "NECTAA": NaN, "NECTADIVA": NaN, "CNECTAA": NaN, "UAA": NaN, "URBRURALA": NaN, "CDA": NaN, "SLDUA": NaN, "SLDLA": NaN, "ZCTA5A": NaN, "SUBMCDA": NaN, "SDELMA": NaN, "SDSECA": NaN, "SDUNIA": NaN, "NAME": "Census Tract 9.03", "SABINSA": NaN, "TOTPOP": 2673, "H7X001": 2673, "WHITE": 942, "BLACK": 1407, "AIAN": 4, "ASIAN": 2, "NHPI": 0, "H7X007": 233, "H7X008": 85, "H7Y001": 2673, "H7Y002": 1432, "HISP": 1241, "C_X": 1586829.2346607777, "C_Y": -1164993.7, "id": 23642}, {"boundary_node": false, "area": 401498.222905952, "STATEFP10": "12", "COUNTYFP10": "086", "TRACTCE10": "009314", "GEOID10": "12086009314", "NAME10": "93.14", "NAMELSAD10": "Census Tract 93.14", "MTFCC10": "G5020", "FUNCSTAT10": "S", "ALAND10": 401497, "AWATER10": 0, "INTPTLAT10": "+25.8743773", "INTPTLON10": "-080.3182833", "GISJOIN": "G1200860009314", "Shape_area": 401498.222906, "Shape_len": 3004.61581872, "YEAR": 2010, "REGIONA": 3, "DIVISIONA": 5, "STATE": "Florida", "STATEA": 12, "COUNTY": "Miami-Dade County", "COUNTYA": 86, "COUSUBA": NaN, "PLACEA": NaN, "TRACTA": 9314, "BLKGRPA": NaN, "BLOCKA": NaN, "CONCITA": NaN, "AIANHHA": NaN, "RES_ONLYA": NaN, "TRUSTA": NaN, "AITSCEA": NaN, "TTRACTA": NaN, "TBLKGRPA": NaN, "ANRCA": NaN, "CBSAA": 33100, "METDIVA": 33124, "CSAA": 999, "NECTAA": NaN, "NECTADIVA": NaN, "CNECTAA": NaN, "UAA": NaN, "URBRURALA": NaN, "CDA": NaN, "SLDUA": NaN, "SLDLA": NaN, "ZCTA5A": NaN, "SUBMCDA": NaN, "SDELMA": NaN, "SDSECA": NaN, "SDUNIA": NaN, "NAME": "Census Tract 93.14", "SABINSA": NaN, "TOTPOP": 3942, "H7X001": 3942, "WHITE": 3628, "BLACK": 107, "AIAN": 1, "ASIAN": 20, "NHPI": 0, "H7X007": 125, "H7X008": 61, "H7Y001": 3942, "H7Y002": 114, "HISP": 3828, "C_X": 1579417.386777375, "C_Y": -1162266.9365500011, "id": 23662}], "adjacency": [[{"shared_perim": 1619.4071454742193, "id": 23558}, {"shared_perim": 412.93011746542305, "id": 23555}, {"shared_perim": 1025.0839240703863, "id": 23557}, {"shared_perim": 812.5219748907576, "id": 22631}, {"shared_perim": 332.5230862318971, "id": 22630}, {"shared_perim": 2063.127399795653, "id": 22577}, {"shared_perim": 1017.7137707551061, "id": 23545}, {"shared_perim": 1692.629690476706, "id": 22632}, {"shared_perim": 843.6258378474491, "id": 22929}, {"shared_perim": 59.0730731613488, "id": 23546}], [{"shared_perim": 2228.785725053713, "id": 23631}, {"shared_perim": 1203.7004081346197, "id": 23607}, {"shared_perim": 1879.0368553278636, "id": 23603}], [{"shared_perim": 2063.127399795653, "id": 22573}, {"shared_perim": 407.9342274208888, "id": 23558}, {"shared_perim": 406.7200845067489, "id": 23605}, {"shared_perim": 1247.369373899427, "id": 22631}], [{"shared_perim": 820.3434828912627, "id": 23561}, {"shared_perim": 702.9702975984436, "id": 22898}, {"shared_perim": 569.2246045238135, "id": 23602}, {"shared_perim": 1264.5749974785338, "id": 23559}, {"shared_perim": 805.2266395786445, "id": 23556}], [{"shared_perim": 137.87645803135686, "id": 23605}, {"shared_perim": 1286.6049808468745, "id": 22630}, {"shared_perim": 237.29365554655277, "id": 23463}, {"shared_perim": 835.1132904987069, "id": 23449}, {"shared_perim": 888.7995778357339, "id": 22629}], [{"shared_perim": 888.7995778357339, "id": 22628}, {"shared_perim": 314.93075536848625, "id": 22630}, {"shared_perim": 854.680028178199, "id": 23449}, {"shared_perim": 642.7261696176275, "id": 23606}, {"shared_perim": 185.1348795988621, "id": 23662}, {"shared_perim": 813.9741369967419, "id": 23194}], [{"shared_perim": 332.5230862318971, "id": 22573}, {"shared_perim": 1286.6049808468745, "id": 22628}, {"shared_perim": 314.93075536848625, "id": 22629}, {"shared_perim": 922.4679581275104, "id": 23605}, {"shared_perim": 1242.3490123713607, "id": 22631}, {"shared_perim": 814.8447343345467, "id": 23606}], [{"shared_perim": 812.5219748907576, "id": 22573}, {"shared_perim": 1247.369373899427, "id": 22577}, {"shared_perim": 1242.3490123713607, "id": 22630}, {"shared_perim": 809.9602941395578, "id": 23605}], [{"shared_perim": 1692.629690476706, "id": 22573}, {"shared_perim": 148.61469176924246, "id": 23606}, {"shared_perim": 677.3189756602612, "id": 23662}, {"shared_perim": 1551.485844860465, "id": 22929}, {"shared_perim": 1630.113261359713, "id": 22685}, {"shared_perim": 830.2458128774852, "id": 22886}], [{"shared_perim": 1630.113261359713, "id": 22632}, {"shared_perim": 812.4887919523825, "id": 23662}, {"shared_perim": 770.9884061927239, "id": 23194}, {"shared_perim": 43.7587723641057, "id": 23188}, {"shared_perim": 1618.9744475545033, "id": 23582}], [{"shared_perim": 830.2458128774852, "id": 22632}, {"shared_perim": 835.9093736301286, "id": 22929}, {"shared_perim": 782.7429023118872, "id": 23582}, {"shared_perim": 798.3064999819436, "id": 23551}, {"shared_perim": 1837.9488492827954, "id": 22887}], [{"shared_perim": 1837.9488492827954, "id": 22886}, {"shared_perim": 794.3066044710163, "id": 23582}, {"shared_perim": 770.5466041821783, "id": 23551}, {"shared_perim": 1648.443979409799, "id": 22928}], [{"shared_perim": 702.9702975984436, "id": 22579}, {"shared_perim": 606.5775802787483, "id": 23607}, {"shared_perim": 1302.077018920128, "id": 23602}], [{"shared_perim": 1648.443979409799, "id": 22887}, {"shared_perim": 1627.684091450366, "id": 23582}, {"shared_perim": 1601.3354559501847, "id": 23187}], [{"shared_perim": 843.6258378474491, "id": 22573}, {"shared_perim": 1551.485844860465, "id": 22632}, {"shared_perim": 835.9093736301286, "id": 22886}, {"shared_perim": 1130.7031939367935, "id": 23546}, {"shared_perim": 344.73265341553804, "id": 23551}], [{"shared_perim": 617.7914174304262, "id": 23192}, {"shared_perim": 1607.8165965782648, "id": 23079}, {"shared_perim": 4837.819722054515, "id": 23186}, {"shared_perim": 4938.884816196412, "id": 23078}], [{"shared_perim": 4938.884816196412, "id": 22998}, {"shared_perim": 3257.376111587747, "id": 23186}], [{"shared_perim": 1607.8165965782648, "id": 22998}, {"shared_perim": 368.59230860786283, "id": 23192}, {"shared_perim": 839.6007734338931, "id": 23191}, {"shared_perim": 707.5463384221046, "id": 23190}, {"shared_perim": 89.65420934825013, "id": 23187}, {"shared_perim": 520.0707978387803, "id": 23186}], [{"shared_perim": 4837.819722054515, "id": 22998}, {"shared_perim": 3257.376111587747, "id": 23078}, {"shared_perim": 520.0707978387803, "id": 23079}, {"shared_perim": 4190.589766572045, "id": 23187}], [{"shared_perim": 1601.3354559501847, "id": 22928}, {"shared_perim": 89.65420934825013, "id": 23079}, {"shared_perim": 4190.589766572045, "id": 23186}, {"shared_perim": 1673.676443483954, "id": 23188}, {"shared_perim": 1139.9603317916294, "id": 23190}], [{"shared_perim": 43.7587723641057, "id": 22685}, {"shared_perim": 1673.676443483954, "id": 23187}, {"shared_perim": 823.554571587385, "id": 23194}, {"shared_perim": 1614.3196322056203, "id": 23189}, {"shared_perim": 750.6579360419242, "id": 23190}, {"shared_perim": 1570.3235879772878, "id": 23582}], [{"shared_perim": 1614.3196322056203, "id": 23188}, {"shared_perim": 796.1958642541531, "id": 23193}, {"shared_perim": 816.1171819205399, "id": 23191}], [{"shared_perim": 707.5463384221046, "id": 23079}, {"shared_perim": 1139.9603317916294, "id": 23187}, {"shared_perim": 750.6579360419242, "id": 23188}, {"shared_perim": 1136.780090231204, "id": 23191}], [{"shared_perim": 839.6007734338931, "id": 23079}, {"shared_perim": 816.1171819205399, "id": 23189}, {"shared_perim": 1136.780090231204, "id": 23190}, {"shared_perim": 1265.2816903860924, "id": 23192}], [{"shared_perim": 617.7914174304262, "id": 22998}, {"shared_perim": 368.59230860786283, "id": 23079}, {"shared_perim": 1265.2816903860924, "id": 23191}, {"shared_perim": 2022.7280602347337, "id": 23463}, {"shared_perim": 577.0953415410319, "id": 23193}], [{"shared_perim": 796.1958642541531, "id": 23189}, {"shared_perim": 577.0953415410319, "id": 23192}, {"shared_perim": 198.33882850568213, "id": 23463}, {"shared_perim": 796.0831758619394, "id": 23449}, {"shared_perim": 780.3991097343999, "id": 23194}], [{"shared_perim": 813.9741369967419, "id": 22629}, {"shared_perim": 770.9884061927239, "id": 22685}, {"shared_perim": 823.554571587385, "id": 23188}, {"shared_perim": 780.3991097343999, "id": 23193}], [{"shared_perim": 835.1132904987069, "id": 22628}, {"shared_perim": 854.680028178199, "id": 22629}, {"shared_perim": 796.0831758619394, "id": 23193}, {"shared_perim": 963.7331815232599, "id": 23463}], [{"shared_perim": 1510.33442743042, "id": 23641}, {"shared_perim": 803.245520503536, "id": 23560}, {"shared_perim": 1829.435515358396, "id": 23642}], [{"shared_perim": 237.29365554655277, "id": 22628}, {"shared_perim": 2022.7280602347337, "id": 23192}, {"shared_perim": 198.33882850568213, "id": 23193}, {"shared_perim": 963.7331815232599, "id": 23449}], [{"shared_perim": 1657.4137992197827, "id": 23642}, {"shared_perim": 1756.302092275253, "id": 23543}, {"shared_perim": 801.1163706830607, "id": 23544}], [{"shared_perim": 1756.302092275253, "id": 23541}, {"shared_perim": 152.2442393799961, "id": 23642}, {"shared_perim": 1279.6942467805145, "id": 23556}, {"shared_perim": 1250.339994984816, "id": 23555}, {"shared_perim": 1704.7941135246854, "id": 23544}], [{"shared_perim": 801.1163706830607, "id": 23541}, {"shared_perim": 1704.7941135246854, "id": 23543}, {"shared_perim": 606.5570608386196, "id": 23555}, {"shared_perim": 957.1949324002676, "id": 23545}, {"shared_perim": 588.2637914723915, "id": 23547}, {"shared_perim": 686.3433957643794, "id": 23548}], [{"shared_perim": 1017.7137707551061, "id": 22573}, {"shared_perim": 957.1949324002676, "id": 23544}, {"shared_perim": 617.0757320974233, "id": 23555}, {"shared_perim": 1202.6596967688376, "id": 23557}, {"shared_perim": 1202.8957751382825, "id": 23546}, {"shared_perim": 636.1851609643273, "id": 23547}], [{"shared_perim": 59.0730731613488, "id": 22573}, {"shared_perim": 1130.7031939367935, "id": 22929}, {"shared_perim": 1202.8957751382825, "id": 23545}, {"shared_perim": 1210.3127091794363, "id": 23547}, {"shared_perim": 1218.6628277759125, "id": 23551}], [{"shared_perim": 588.2637914723915, "id": 23544}, {"shared_perim": 636.1851609643273, "id": 23545}, {"shared_perim": 1210.3127091794363, "id": 23546}, {"shared_perim": 1207.791586199319, "id": 23551}, {"shared_perim": 1248.0745952579684, "id": 23548}], [{"shared_perim": 686.3433957643794, "id": 23544}, {"shared_perim": 1248.0745952579684, "id": 23547}, {"shared_perim": 2294.779399739477, "id": 23551}], [{"shared_perim": 798.3064999819436, "id": 22886}, {"shared_perim": 770.5466041821783, "id": 22887}, {"shared_perim": 344.73265341553804, "id": 22929}, {"shared_perim": 1218.6628277759125, "id": 23546}, {"shared_perim": 1207.791586199319, "id": 23547}, {"shared_perim": 2294.779399739477, "id": 23548}], [{"shared_perim": 412.93011746542305, "id": 22573}, {"shared_perim": 1250.339994984816, "id": 23543}, {"shared_perim": 606.5570608386196, "id": 23544}, {"shared_perim": 617.0757320974233, "id": 23545}, {"shared_perim": 2841.2877947948045, "id": 23556}, {"shared_perim": 2190.1241364161, "id": 23557}], [{"shared_perim": 805.2266395786445, "id": 22579}, {"shared_perim": 1279.6942467805145, "id": 23543}, {"shared_perim": 2841.2877947948045, "id": 23555}, {"shared_perim": 1016.3968126527835, "id": 23602}, {"shared_perim": 1272.3935026220136, "id": 23559}, {"shared_perim": 363.0023751637742, "id": 23642}, {"shared_perim": 751.5587061611121, "id": 23558}], [{"shared_perim": 1025.0839240703863, "id": 22573}, {"shared_perim": 1202.6596967688376, "id": 23545}, {"shared_perim": 2190.1241364161, "id": 23555}], [{"shared_perim": 1619.4071454742193, "id": 22573}, {"shared_perim": 407.9342274208888, "id": 22577}, {"shared_perim": 751.5587061611121, "id": 23556}, {"shared_perim": 1127.037143027654, "id": 23603}, {"shared_perim": 64.5810416766433, "id": 23602}, {"shared_perim": 853.3845480904718, "id": 23604}, {"shared_perim": 797.9203793450988, "id": 23605}], [{"shared_perim": 1264.5749974785338, "id": 22579}, {"shared_perim": 1272.3935026220136, "id": 23556}, {"shared_perim": 199.54248112152143, "id": 23561}, {"shared_perim": 1053.0357550669924, "id": 23560}, {"shared_perim": 1264.252905339208, "id": 23642}], [{"shared_perim": 803.245520503536, "id": 23451}, {"shared_perim": 1053.0357550669924, "id": 23559}, {"shared_perim": 1451.8590271477774, "id": 23641}, {"shared_perim": 1213.7692990291662, "id": 23561}], [{"shared_perim": 820.3434828912627, "id": 22579}, {"shared_perim": 199.54248112152143, "id": 23559}, {"shared_perim": 1213.7692990291662, "id": 23560}, {"shared_perim": 611.2171106212056, "id": 23641}, {"shared_perim": 793.1216932962615, "id": 23607}], [{"shared_perim": 1618.9744475545033, "id": 22685}, {"shared_perim": 782.7429023118872, "id": 22886}, {"shared_perim": 794.3066044710163, "id": 22887}, {"shared_perim": 1627.684091450366, "id": 22928}, {"shared_perim": 1570.3235879772878, "id": 23188}], [{"shared_perim": 569.2246045238135, "id": 22579}, {"shared_perim": 1302.077018920128, "id": 22898}, {"shared_perim": 1016.3968126527835, "id": 23556}, {"shared_perim": 64.5810416766433, "id": 23558}, {"shared_perim": 420.763859265724, "id": 23607}, {"shared_perim": 1198.2308836824948, "id": 23603}], [{"shared_perim": 1879.0368553278636, "id": 22576}, {"shared_perim": 1127.037143027654, "id": 23558}, {"shared_perim": 1198.2308836824948, "id": 23602}, {"shared_perim": 80.6452064954959, "id": 23607}, {"shared_perim": 364.3106249552363, "id": 23604}], [{"shared_perim": 853.3845480904718, "id": 23558}, {"shared_perim": 364.3106249552363, "id": 23603}, {"shared_perim": 19.77591580484139, "id": 23631}, {"shared_perim": 1264.7516366028317, "id": 23605}], [{"shared_perim": 406.7200845067489, "id": 22577}, {"shared_perim": 137.87645803135686, "id": 22628}, {"shared_perim": 922.4679581275104, "id": 22630}, {"shared_perim": 809.9602941395578, "id": 22631}, {"shared_perim": 797.9203793450988, "id": 23558}, {"shared_perim": 1264.7516366028317, "id": 23604}], [{"shared_perim": 642.7261696176275, "id": 22629}, {"shared_perim": 814.8447343345467, "id": 22630}, {"shared_perim": 148.61469176924246, "id": 22632}, {"shared_perim": 1329.673171509703, "id": 23662}], [{"shared_perim": 1203.7004081346197, "id": 22576}, {"shared_perim": 606.5775802787483, "id": 22898}, {"shared_perim": 793.1216932962615, "id": 23561}, {"shared_perim": 420.763859265724, "id": 23602}, {"shared_perim": 80.6452064954959, "id": 23603}, {"shared_perim": 135.5334093627204, "id": 23641}], [{"shared_perim": 2228.785725053713, "id": 22576}, {"shared_perim": 19.77591580484139, "id": 23604}, {"shared_perim": 453.17792038994605, "id": 23641}], [{"shared_perim": 1510.33442743042, "id": 23451}, {"shared_perim": 1451.8590271477774, "id": 23560}, {"shared_perim": 611.2171106212056, "id": 23561}, {"shared_perim": 135.5334093627204, "id": 23607}, {"shared_perim": 453.17792038994605, "id": 23631}], [{"shared_perim": 1829.435515358396, "id": 23451}, {"shared_perim": 1657.4137992197827, "id": 23541}, {"shared_perim": 152.2442393799961, "id": 23543}, {"shared_perim": 363.0023751637742, "id": 23556}, {"shared_perim": 1264.252905339208, "id": 23559}], [{"shared_perim": 185.1348795988621, "id": 22629}, {"shared_perim": 677.3189756602612, "id": 22632}, {"shared_perim": 812.4887919523825, "id": 22685}, {"shared_perim": 1329.673171509703, "id": 23606}]]}