{"directed": false, "multigraph": false, "graph": [], "nodes": [{"boundary_node": false, "area": 3799930.9196626577, "STATEFP10": "48", "COUNTYFP10": "113", "TRACTCE10": "014133", "GEOID10": "48113014133", "NAME10": "141.33", "NAMELSAD10": "Census Tract 141.33", "MTFCC10": "G5020", "FUNCSTAT10": "S", "ALAND10": 3799929, "AWATER10": 0, "INTPTLAT10": "+32.8701044", "INTPTLON10": "-097.0029707", "GISJOIN": "G4801130014133", "Shape_area": 3799930.91966, "Shape_len": 11577.1413903, "YEAR": 2010, "REGIONA": 3, "DIVISIONA": 7, "STATE": "Texas", "STATEA": 48, "COUNTY": "Dallas County", "COUNTYA": 113, "COUSUBA": NaN, "PLACEA": NaN, "TRACTA": 14133, "BLKGRPA": NaN, "BLOCKA": NaN, "CONCITA": NaN, "AIANHHA": NaN, "RES_ONLYA": NaN, "TRUSTA": NaN, "AITSCEA": NaN, "TTRACTA": NaN, "TBLKGRPA": NaN, "ANRCA": NaN, "CBSAA": 19100, "METDIVA": 19124, "CSAA": 206, "NECTAA": NaN, "NECTADIVA": NaN, "CNECTAA": NaN, "UAA": NaN, "URBRURALA": NaN, "CDA": NaN, "SLDUA": NaN, "SLDLA": NaN, "ZCTA5A": NaN, "SUBMCDA": NaN, "SDELMA": NaN, "SDSECA": NaN, "SDUNIA": NaN, "NAME": "Census Tract 141.33", "SABINSA": NaN, "TOTPOP": 3909, "H7X001": 3909, "WHITE": 1471, "BLACK": 1475, "AIAN": 35, "ASIAN": 428, "NHPI": 7, "H7X007": 340, "H7X008": 153, "H7Y001": 3909, "H7Y002": 3074, "HISP": 835, "C_X": -92754.11514717163, "C_Y": -517287.93039999984, "id": 15678}, {"boundary_node": true, "boundary_perim": -3.637978807091713e-11, "area": 27186025.125737432, "STATEFP10": "48", "COUNTYFP10": "113", "TRACTCE10": "980000", "GEOID10": "48113980000", "NAME10": "9800", "NAMELSAD10": "Census Tract 9800", "MTFCC10": "G5020", "FUNCSTAT10": "S", "ALAND10": 27184723, "AWATER10": 1289, "INTPTLAT10": "+32.8892351", "INTPTLON10": "-097.0128160", "GISJOIN": "G4801130980000", "Shape_area": 27186025.1257, "Shape_len": 39075.6135245, "YEAR": 2010, "REGIONA": 3, "DIVISIONA": 7, "STATE": "Texas", "STATEA": 48, "COUNTY": "Dallas County", "COUNTYA": 113, "COUSUBA": NaN, "PLACEA": NaN, "TRACTA": 980000, "BLKGRPA": NaN, "BLOCKA": NaN, "CONCITA": NaN, "AIANHHA": NaN, "RES_ONLYA": NaN, "TRUSTA": NaN, "AITSCEA": NaN, "TTRACTA": NaN, "TBLKGRPA": NaN, "ANRCA": NaN, "CBSAA": 19100, "METDIVA": 19124, "CSAA": 206, "NECTAA": NaN, "NECTADIVA": NaN, "CNECTAA": NaN, "UAA": NaN, "URBRURALA": NaN, "CDA": NaN, "SLDUA": NaN, "SLDLA": NaN, "ZCTA5A": NaN, "SUBMCDA": NaN, "SDELMA": NaN, "SDSECA": NaN, "SDUNIA": NaN, "NAME": "Census Tract 9800", "SABINSA": NaN, "TOTPOP": 0, "H7X001": 0, "WHITE": 0, "BLACK": 0, "AIAN": 0, "ASIAN": 0, "NHPI": 0, "H7X007": 0, "H7X008": 0, "H7Y001": 0, "H7Y002": 0, "HISP": 0, "C_X": -94111.02313911213, "C_Y": -514580.5376999995, "id": 15679}, {"boundary_node": false, "area": 912108.9278398111, "STATEFP10": "48", "COUNTYFP10": "113", "TRACTCE10": "014131", "GEOID10": "48113014131", "NAME10": "141.31", "NAMELSAD10": "Census Tract 141.31", "MTFCC10": "G5020", "FUNCSTAT10": "S", "ALAND10": 912107, "AWATER10": 0, "INTPTLAT10": "+32.9334134", "INTPTLON10": "-096.9486751", "GISJOIN": "G4801130014131", "Shape_area": 912108.92784, "Shape_len": 4067.66130715, "YEAR": 2010, "REGIONA": 3, "DIVISIONA": 7, "STATE": "Texas", "STATEA": 48, "COUNTY": "Dallas County", "COUNTYA": 113, "COUSUBA": NaN, "PLACEA": NaN, "TRACTA": 14131, "BLKGRPA": NaN, "BLOCKA": NaN, "CONCITA": NaN, "AIANHHA": NaN, "RES_ONLYA": NaN, "TRUSTA": NaN, "AITSCEA": NaN, "TTRACTA": NaN, "TBLKGRPA": NaN, "ANRCA": NaN, "CBSAA": 19100, "METDIVA": 19124, "CSAA": 206, "NECTAA": NaN, "NECTADIVA": NaN, "CNECTAA": NaN, "UAA": NaN, "URBRURALA": NaN, "CDA": NaN, "SLDUA": NaN, "SLDLA": NaN, "ZCTA5A": NaN, "SUBMCDA": NaN, "SDELMA": NaN, "SDSECA": NaN, "SDUNIA": NaN, "NAME": "Census Tract 141.31", "SABINSA": NaN, "TOTPOP": 3811, "H7X001": 3811, "WHITE": 1892, "BLACK": 902, "AIAN": 14, "ASIAN": 711, "NHPI": 1, "H7X007": 167, "H7X008": 124, "H7Y001": 3811, "H7Y002": 3267, "HISP": 544, "C_X": -88094.61495757676, "C_Y": -510431.7204499998, "id": 15682}, {"boundary_node": false, "area": 1186066.5844434982, "STATEFP10": "48", "COUNTYFP10": "113", "TRACTCE10": "014132", "GEOID10": "48113014132", "NAME10": "141.32", "NAMELSAD10": "Census Tract 141.32", "MTFCC10": "G5020", "FUNCSTAT10": "S", "ALAND10": 1152566, "AWATER10": 33496, "INTPTLAT10": "+32.9430216", "INTPTLON10": "-096.9459960", "GISJOIN": "G4801130014132", "Shape_area": 1186066.58444, "Shape_len": 5716.79213238, "YEAR": 2010, "REGIONA": 3, "DIVISIONA": 7, "STATE": "Texas", "STATEA": 48, "COUNTY": "Dallas County", "COUNTYA": 113, "COUSUBA": NaN, "PLACEA": NaN, "TRACTA": 14132, "BLKGRPA": NaN, "BLOCKA": NaN, "CONCITA": NaN, "AIANHHA": NaN, "RES_ONLYA": NaN, "TRUSTA": NaN, "AITSCEA": NaN, "TTRACTA": NaN, "TBLKGRPA": NaN, "ANRCA": NaN, "CBSAA": 19100, "METDIVA": 19124, "CSAA": 206, "NECTAA": NaN, "NECTADIVA": NaN, "CNECTAA": NaN, "UAA": NaN, "URBRURALA": NaN, "CDA": NaN, "SLDUA": NaN, "SLDLA": NaN, "ZCTA5A": NaN, "SUBMCDA": NaN, "SDELMA": NaN, "SDSECA": NaN, "SDUNIA": NaN, "NAME": "Census Tract 141.32", "SABINSA": NaN, "TOTPOP": 2169, "H7X001": 2169, "WHITE": 1006, "BLACK": 551, "AIAN": 8, "ASIAN": 427, "NHPI": 4, "H7X007": 88, "H7X008": 85, "H7Y001": 2169, "H7Y002": 1909, "HISP": 260, "C_X": -88018.56577653541, "C_Y": -509511.07099999953, "id": 15683}, {"boundary_node": false, "area": 6246250.818587805, "STATEFP10": "48", "COUNTYFP10": "113", "TRACTCE10": "014137", "GEOID10": "48113014137", "NAME10": "141.37", "NAMELSAD10": "Census Tract 141.37", "MTFCC10": "G5020", "FUNCSTAT10": "S", "ALAND10": 5902970, "AWATER10": 343281, "INTPTLAT10": "+32.8924948", "INTPTLON10": "-096.9459256", "GISJOIN": "G4801130014137", "Shape_area": 6246250.81859, "Shape_len": 10977.9971817, "YEAR": 2010, "REGIONA": 3, "DIVISIONA": 7, "STATE": "Texas", "STATEA": 48, "COUNTY": "Dallas County", "COUNTYA": 113, "COUSUBA": NaN, "PLACEA": NaN, "TRACTA": 14137, "BLKGRPA": NaN, "BLOCKA": NaN, "CONCITA": NaN, "AIANHHA": NaN, "RES_ONLYA": NaN, "TRUSTA": NaN, "AITSCEA": NaN, "TTRACTA": NaN, "TBLKGRPA": NaN, "ANRCA": NaN, "CBSAA": 19100, "METDIVA": 19124, "CSAA": 206, "NECTAA": NaN, "NECTADIVA": NaN, "CNECTAA": NaN, "UAA": NaN, "URBRURALA": NaN, "CDA": NaN, "SLDUA": NaN, "SLDLA": NaN, "ZCTA5A": NaN, "SUBMCDA": NaN, "SDELMA": NaN, "SDSECA": NaN, "SDUNIA": NaN, "NAME": "Census Tract 141.37", "SABINSA": NaN, "TOTPOP": 2626, "H7X001": 2626, "WHITE": 1109, "BLACK": 305, "AIAN": 8, "ASIAN": 1044, "NHPI": 2, "H7X007": 96, "H7X008": 62, "H7Y001": 2626, "H7Y002": 2341, "HISP": 285, "C_X": -88241.7250648046, "C_Y": -515030.98844999867, "id": 15744}, {"boundary_node": false, "area": 6502250.895090643, "STATEFP10": "48", "COUNTYFP10": "113", "TRACTCE10": "014312", "GEOID10": "48113014312", "NAME10": "143.12", "NAMELSAD10": "Census Tract 143.12", "MTFCC10": "G5020", "FUNCSTAT10": "S", "ALAND10": 6428282, "AWATER10": 73965, "INTPTLAT10": "+32.8701473", "INTPTLON10": "-096.9619960", "GISJOIN": "G4801130014312", "Shape_area": 6502250.89509, "Shape_len": 11596.7979672, "YEAR": 2010, "REGIONA": 3, "DIVISIONA": 7, "STATE": "Texas", "STATEA": 48, "COUNTY": "Dallas County", "COUNTYA": 113, "COUSUBA": NaN, "PLACEA": NaN, "TRACTA": 14312, "BLKGRPA": NaN, "BLOCKA": NaN, "CONCITA": NaN, "AIANHHA": NaN, "RES_ONLYA": NaN, "TRUSTA": NaN, "AITSCEA": NaN, "TTRACTA": NaN, "TBLKGRPA": NaN, "ANRCA": NaN, "CBSAA": 19100, "METDIVA": 19124, "CSAA": 206, "NECTAA": NaN, "NECTADIVA": NaN, "CNECTAA": NaN, "UAA": NaN, "URBRURALA": NaN, "CDA": NaN, "SLDUA": NaN, "SLDLA": NaN, "ZCTA5A": NaN, "SUBMCDA": NaN, "SDELMA": NaN, "SDSECA": NaN, "SDUNIA": NaN, "NAME": "Census Tract 143.12", "SABINSA": NaN, "TOTPOP": 5423, "H7X001": 5423, "WHITE": 2798, "BLACK": 751, "AIAN": 23, "ASIAN": 1428, "NHPI": 11, "H7X007": 226, "H7X008": 186, "H7Y001": 5423, "H7Y002": 4666, "HISP": 757, "C_X": -89143.13953551547, "C_Y": -517398.6718499991, "id": 15768}, {"boundary_node": false, "area": 2913401.08066158, "STATEFP10": "48", "COUNTYFP10": "113", "TRACTCE10": "014205", "GEOID10": "48113014205", "NAME10": "142.05", "NAMELSAD10": "Census Tract 142.05", "MTFCC10": "G5020", "FUNCSTAT10": "S", "ALAND10": 2810221, "AWATER10": 103183, "INTPTLAT10": "+32.8568657", "INTPTLON10": "-096.9400304", "GISJOIN": "G4801130014205", "Shape_area": 2913401.08066, "Shape_len": 7326.01012639, "YEAR": 2010, "REGIONA": 3, "DIVISIONA": 7, "STATE": "Texas", "STATEA": 48, "COUNTY": "Dallas County", "COUNTYA": 113, "COUSUBA": NaN, "PLACEA": NaN, "TRACTA": 14205, "BLKGRPA": NaN, "BLOCKA": NaN, "CONCITA": NaN, "AIANHHA": NaN, "RES_ONLYA": NaN, "TRUSTA": NaN, "AITSCEA": NaN, "TTRACTA": NaN, "TBLKGRPA": NaN, "ANRCA": NaN, "CBSAA": 19100, "METDIVA": 19124, "CSAA": 206, "NECTAA": NaN, "NECTADIVA": NaN, "CNECTAA": NaN, "UAA": NaN, "URBRURALA": NaN, "CDA": NaN, "SLDUA": NaN, "SLDLA": NaN, "ZCTA5A": NaN, "SUBMCDA": NaN, "SDELMA": NaN, "SDSECA": NaN, "SDUNIA": NaN, "NAME": "Census Tract 142.05", "SABINSA": NaN, "TOTPOP": 1619, "H7X001": 1619, "WHITE": 1247, "BLACK": 67, "AIAN": 4, "ASIAN": 240, "NHPI": 0, "H7X007": 23, "H7X008": 38, "H7Y001": 1619, "H7Y002": 1470, "HISP": 149, "C_X": -87516.42627831848, "C_Y": -519020.4148999994, "id": 15769}, {"boundary_node": false, "area": 7737413.771912291, "STATEFP10": "48", "COUNTYFP10": "113", "TRACTCE10": "014103", "GEOID10": "48113014103", "NAME10": "141.03", "NAMELSAD10": "Census Tract 141.03", "MTFCC10": "G5020", "FUNCSTAT10": "S", "ALAND10": 7697791, "AWATER10": 39626, "INTPTLAT10": "+32.8917158", "INTPTLON10": "-096.9844341", "GISJOIN": "G4801130014103", "Shape_area": 7737413.77191, "Shape_len": 25805.3400972, "YEAR": 2010, "REGIONA": 3, "DIVISIONA": 7, "STATE": "Texas", "STATEA": 48, "COUNTY": "Dallas County", "COUNTYA": 113, "COUSUBA": NaN, "PLACEA": NaN, "TRACTA": 14103, "BLKGRPA": NaN, "BLOCKA": NaN, "CONCITA": NaN, "AIANHHA": NaN, "RES_ONLYA": NaN, "TRUSTA": NaN, "AITSCEA": NaN, "TTRACTA": NaN, "TBLKGRPA": NaN, "ANRCA": NaN, "CBSAA": 19100, "METDIVA": 19124, "CSAA": 206, "NECTAA": NaN, "NECTADIVA": NaN, "CNECTAA": NaN, "UAA": NaN, "URBRURALA": NaN, "CDA": NaN, "SLDUA": NaN, "SLDLA": NaN, "ZCTA5A": NaN, "SUBMCDA": NaN, "SDELMA": NaN, "SDSECA": NaN, "SDUNIA": NaN, "NAME": "Census Tract 141.03", "SABINSA": NaN, "TOTPOP": 3015, "H7X001": 3015, "WHITE": 1041, "BLACK": 984, "AIAN": 34, "ASIAN": 352, "NHPI": 27, "H7X007": 466, "H7X008": 111, "H7Y001": 3015, "H7Y002": 1782, "HISP": 1233, "C_X": -91109.43628729245, "C_Y": -514904.9996000002, "id": 15847}, {"boundary_node": true, "boundary_perim": 4778.892387381229, "area": 3987037.9837138304, "STATEFP10": "48", "COUNTYFP10": "113", "TRACTCE10": "014130", "GEOID10": "48113014130", "NAME10": "141.30", "NAMELSAD10": "Census Tract 141.30", "MTFCC10": "G5020", "FUNCSTAT10": "S", "ALAND10": 3740012, "AWATER10": 247029, "INTPTLAT10": "+32.9222447", "INTPTLON10": "-096.9448806", "GISJOIN": "G4801130014130", "Shape_area": 3987037.98371, "Shape_len": 12335.3813915, "YEAR": 2010, "REGIONA": 3, "DIVISIONA": 7, "STATE": "Texas", "STATEA": 48, "COUNTY": "Dallas County", "COUNTYA": 113, "COUSUBA": NaN, "PLACEA": NaN, "TRACTA": 14130, "BLKGRPA": NaN, "BLOCKA": NaN, "CONCITA": NaN, "AIANHHA": NaN, "RES_ONLYA": NaN, "TRUSTA": NaN, "AITSCEA": NaN, "TTRACTA": NaN, "TBLKGRPA": NaN, "ANRCA": NaN, "CBSAA": 19100, "METDIVA": 19124, "CSAA": 206, "NECTAA": NaN, "NECTADIVA": NaN, "CNECTAA": NaN, "UAA": NaN, "URBRURALA": NaN, "CDA": NaN, "SLDUA": NaN, "SLDLA": NaN, "ZCTA5A": NaN, "SUBMCDA": NaN, "SDELMA": NaN, "SDSECA": NaN, "SDUNIA": NaN, "NAME": "Census Tract 141.30", "SABINSA": NaN, "TOTPOP": 4090, "H7X001": 4090, "WHITE": 1938, "BLACK": 569, "AIAN": 25, "ASIAN": 1284, "NHPI": 4, "H7X007": 145, "H7X008": 125, "H7Y001": 4090, "H7Y002": 3585, "HISP": 505, "C_X": -87898.28231779263, "C_Y": -511534.7836999985, "id": 15868}, {"boundary_node": false, "area": 2906658.647708982, "STATEFP10": "48", "COUNTYFP10": "113", "TRACTCE10": "014138", "GEOID10": "48113014138", "NAME10": "141.38", "NAMELSAD10": "Census Tract 141.38", "MTFCC10": "G5020", "FUNCSTAT10": "S", "ALAND10": 2721340, "AWATER10": 185310, "INTPTLAT10": "+32.8970538", "INTPTLON10": "-096.9338940", "GISJOIN": "G4801130014138", "Shape_area": 2906658.64771, "Shape_len": 11213.5810029, "YEAR": 2010, "REGIONA": 3, "DIVISIONA": 7, "STATE": "Texas", "STATEA": 48, "COUNTY": "Dallas County", "COUNTYA": 113, "COUSUBA": NaN, "PLACEA": NaN, "TRACTA": 14138, "BLKGRPA": NaN, "BLOCKA": NaN, "CONCITA": NaN, "AIANHHA": NaN, "RES_ONLYA": NaN, "TRUSTA": NaN, "AITSCEA": NaN, "TTRACTA": NaN, "TBLKGRPA": NaN, "ANRCA": NaN, "CBSAA": 19100, "METDIVA": 19124, "CSAA": 206, "NECTAA": NaN, "NECTADIVA": NaN, "CNECTAA": NaN, "UAA": NaN, "URBRURALA": NaN, "CDA": NaN, "SLDUA": NaN, "SLDLA": NaN, "ZCTA5A": NaN, "SUBMCDA": NaN, "SDELMA": NaN, "SDSECA": NaN, "SDUNIA": NaN, "NAME": "Census Tract 141.38", "SABINSA": NaN, "TOTPOP": 3574, "H7X001": 3574, "WHITE": 1816, "BLACK": 312, "AIAN": 14, "ASIAN": 1224, "NHPI": 1, "H7X007": 108, "H7X008": 99, "H7Y001": 3574, "H7Y002": 3186, "HISP": 388, "C_X": -86658.35224096908, "C_Y": -515038.20744999824, "id": 15869}, {"boundary_node": false, "area": 3256238.4540818306, "STATEFP10": "48", "COUNTYFP10": "113", "TRACTCE10": "014206", "GEOID10": "48113014206", "NAME10": "142.06", "NAMELSAD10": "Census Tract 142.06", "MTFCC10": "G5020", "FUNCSTAT10": "S", "ALAND10": 2884501, "AWATER10": 371733, "INTPTLAT10": "+32.8663911", "INTPTLON10": "-096.9370111", "GISJOIN": "G4801130014206", "Shape_area": 3256238.45408, "Shape_len": 9947.49421087, "YEAR": 2010, "REGIONA": 3, "DIVISIONA": 7, "STATE": "Texas", "STATEA": 48, "COUNTY": "Dallas County", "COUNTYA": 113, "COUSUBA": NaN, "PLACEA": NaN, "TRACTA": 14206, "BLKGRPA": NaN, "BLOCKA": NaN, "CONCITA": NaN, "AIANHHA": NaN, "RES_ONLYA": NaN, "TRUSTA": NaN, "AITSCEA": NaN, "TTRACTA": NaN, "TBLKGRPA": NaN, "ANRCA": NaN, "CBSAA": 19100, "METDIVA": 19124, "CSAA": 206, "NECTAA": NaN, "NECTADIVA": NaN, "CNECTAA": NaN, "UAA": NaN, "URBRURALA": NaN, "CDA": NaN, "SLDUA": NaN, "SLDLA": NaN, "ZCTA5A": NaN, "SUBMCDA": NaN, "SDELMA": NaN, "SDSECA": NaN, "SDUNIA": NaN, "NAME": "Census Tract 142.06", "SABINSA": NaN, "TOTPOP": 3877, "H7X001": 3877, "WHITE": 2489, "BLACK": 497, "AIAN": 11, "ASIAN": 503, "NHPI": 4, "H7X007": 259, "H7X008": 114, "H7Y001": 3877, "H7Y002": 3309, "HISP": 568, "C_X": -86881.53386641867, "C_Y": -517730.2569499982, "id": 15870}, {"boundary_node": false, "area": 742816.2731789614, "STATEFP10": "48", "COUNTYFP10": "113", "TRACTCE10": "014113", "GEOID10": "48113014113", "NAME10": "141.13", "NAMELSAD10": "Census Tract 141.13", "MTFCC10": "G5020", "FUNCSTAT10": "S", "ALAND10": 742816, "AWATER10": 0, "INTPTLAT10": "+32.8602976", "INTPTLON10": "-097.0012003", "GISJOIN": "G4801130014113", "Shape_area": 742816.273179, "Shape_len": 3645.67559364, "YEAR": 2010, "REGIONA": 3, "DIVISIONA": 7, "STATE": "Texas", "STATEA": 48, "COUNTY": "Dallas County", "COUNTYA": 113, "COUSUBA": NaN, "PLACEA": NaN, "TRACTA": 14113, "BLKGRPA": NaN, "BLOCKA": NaN, "CONCITA": NaN, "AIANHHA": NaN, "RES_ONLYA": NaN, "TRUSTA": NaN, "AITSCEA": NaN, "TTRACTA": NaN, "TBLKGRPA": NaN, "ANRCA": NaN, "CBSAA": 19100, "METDIVA": 19124, "CSAA": 206, "NECTAA": NaN, "NECTADIVA": NaN, "CNECTAA": NaN, "UAA": NaN, "URBRURALA": NaN, "CDA": NaN, "SLDUA": NaN, "SLDLA": NaN, "ZCTA5A": NaN, "SUBMCDA": NaN, "SDELMA": NaN, "SDSECA": NaN, "SDUNIA": NaN, "NAME": "Census Tract 141.13", "SABINSA": NaN, "TOTPOP": 4670, "H7X001": 4670, "WHITE": 1694, "BLACK": 1558, "AIAN": 44, "ASIAN": 722, "NHPI": 3, "H7X007": 482, "H7X008": 167, "H7Y001": 4670, "H7Y002": 3440, "HISP": 1230, "C_X": -93147.47806138301, "C_Y": -518490.33825000003, "id": 15877}, {"boundary_node": false, "area": 403652.033590654, "STATEFP10": "48", "COUNTYFP10": "113", "TRACTCE10": "014114", "GEOID10": "48113014114", "NAME10": "141.14", "NAMELSAD10": "Census Tract 141.14", "MTFCC10": "G5020", "FUNCSTAT10": "S", "ALAND10": 403651, "AWATER10": 0, "INTPTLAT10": "+32.8612500", "INTPTLON10": "-096.9941523", "GISJOIN": "G4801130014114", "Shape_area": 403652.033591, "Shape_len": 2770.5130898, "YEAR": 2010, "REGIONA": 3, "DIVISIONA": 7, "STATE": "Texas", "STATEA": 48, "COUNTY": "Dallas County", "COUNTYA": 113, "COUSUBA": NaN, "PLACEA": NaN, "TRACTA": 14114, "BLKGRPA": NaN, "BLOCKA": NaN, "CONCITA": NaN, "AIANHHA": NaN, "RES_ONLYA": NaN, "TRUSTA": NaN, "AITSCEA": NaN, "TTRACTA": NaN, "TBLKGRPA": NaN, "ANRCA": NaN, "CBSAA": 19100, "METDIVA": 19124, "CSAA": 206, "NECTAA": NaN, "NECTADIVA": NaN, "CNECTAA": NaN, "UAA": NaN, "URBRURALA": NaN, "CDA": NaN, "SLDUA": NaN, "SLDLA": NaN, "ZCTA5A": NaN, "SUBMCDA": NaN, "SDELMA": NaN, "SDSECA": NaN, "SDUNIA": NaN, "NAME": "Census Tract 141.14", "SABINSA": NaN, "TOTPOP": 3117, "H7X001": 3117, "WHITE": 1021, "BLACK": 1026, "AIAN": 42, "ASIAN": 505, "NHPI": 3, "H7X007": 434, "H7X008": 86, "H7Y001": 3117, "H7Y002": 2102, "HISP": 1015, "C_X": -92482.16002223539, "C_Y": -518494.40969999926, "id": 15878}, {"boundary_node": false, "area": 3316434.5271886564, "STATEFP10": "48", "COUNTYFP10": "113", "TRACTCE10": "014115", "GEOID10": "48113014115", "NAME10": "141.15", "NAMELSAD10": "Census Tract 141.15", "MTFCC10": "G5020", "FUNCSTAT10": "S", "ALAND10": 3301313, "AWATER10": 15118, "INTPTLAT10": "+32.8445283", "INTPTLON10": "-097.0003996", "GISJOIN": "G4801130014115", "Shape_area": 3316434.52719, "Shape_len": 7417.90075814, "YEAR": 2010, "REGIONA": 3, "DIVISIONA": 7, "STATE": "Texas", "STATEA": 48, "COUNTY": "Dallas County", "COUNTYA": 113, "COUSUBA": NaN, "PLACEA": NaN, "TRACTA": 14115, "BLKGRPA": NaN, "BLOCKA": NaN, "CONCITA": NaN, "AIANHHA": NaN, "RES_ONLYA": NaN, "TRUSTA": NaN, "AITSCEA": NaN, "TTRACTA": NaN, "TBLKGRPA": NaN, "ANRCA": NaN, "CBSAA": 19100, "METDIVA": 19124, "CSAA": 206, "NECTAA": NaN, "NECTADIVA": NaN, "CNECTAA": NaN, "UAA": NaN, "URBRURALA": NaN, "CDA": NaN, "SLDUA": NaN, "SLDLA": NaN, "ZCTA5A": NaN, "SUBMCDA": NaN, "SDELMA": NaN, "SDSECA": NaN, "SDUNIA": NaN, "NAME": "Census Tract 141.15", "SABINSA": NaN, "TOTPOP": 6571, "H7X001": 6571, "WHITE": 3847, "BLACK": 979, "AIAN": 54, "ASIAN": 492, "NHPI": 8, "H7X007": 991, "H7X008": 200, "H7Y001": 6571, "H7Y002": 3917, "HISP": 2654, "C_X": -93077.39812835692, "C_Y": -520064.54100000055, "id": 15879}, {"boundary_node": false, "area": 2698512.2176461243, "STATEFP10": "48", "COUNTYFP10": "113", "TRACTCE10": "014116", "GEOID10": "48113014116", "NAME10": "141.16", "NAMELSAD10": "Census Tract 141.16", "MTFCC10": "G5020", "FUNCSTAT10": "S", "ALAND10": 2698510, "AWATER10": 0, "INTPTLAT10": "+32.8472393", "INTPTLON10": "-097.0151966", "GISJOIN": "G4801130014116", "Shape_area": 2698512.21765, "Shape_len": 6853.60573739, "YEAR": 2010, "REGIONA": 3, "DIVISIONA": 7, "STATE": "Texas", "STATEA": 48, "COUNTY": "Dallas County", "COUNTYA": 113, "COUSUBA": NaN, "PLACEA": NaN, "TRACTA": 14116, "BLKGRPA": NaN, "BLOCKA": NaN, "CONCITA": NaN, "AIANHHA": NaN, "RES_ONLYA": NaN, "TRUSTA": NaN, "AITSCEA": NaN, "TTRACTA": NaN, "TBLKGRPA": NaN, "ANRCA": NaN, "CBSAA": 19100, "METDIVA": 19124, "CSAA": 206, "NECTAA": NaN, "NECTADIVA": NaN, "CNECTAA": NaN, "UAA": NaN, "URBRURALA": NaN, "CDA": NaN, "SLDUA": NaN, "SLDLA": NaN, "ZCTA5A": NaN, "SUBMCDA": NaN, "SDELMA": NaN, "SDSECA": NaN, "SDUNIA": NaN, "NAME": "Census Tract 141.16", "SABINSA": NaN, "TOTPOP": 4542, "H7X001": 4542, "WHITE": 1553, "BLACK": 1395, "AIAN": 36, "ASIAN": 904, "NHPI": 25, "H7X007": 443, "H7X008": 186, "H7Y001": 4542, "H7Y002": 3256, "HISP": 1286, "C_X": -94455.11935512238, "C_Y": -520060.8842000003, "id": 15880}, {"boundary_node": true, "boundary_perim": 3191.7010245723395, "area": 3091260.687336188, "STATEFP10": "48", "COUNTYFP10": "113", "TRACTCE10": "014120", "GEOID10": "48113014120", "NAME10": "141.20", "NAMELSAD10": "Census Tract 141.20", "MTFCC10": "G5020", "FUNCSTAT10": "S", "ALAND10": 3091262, "AWATER10": 0, "INTPTLAT10": "+32.9607899", "INTPTLON10": "-096.9669693", "GISJOIN": "G4801130014120", "Shape_area": 3091260.68734, "Shape_len": 7571.06007379, "YEAR": 2010, "REGIONA": 3, "DIVISIONA": 7, "STATE": "Texas", "STATEA": 48, "COUNTY": "Dallas County", "COUNTYA": 113, "COUSUBA": NaN, "PLACEA": NaN, "TRACTA": 14120, "BLKGRPA": NaN, "BLOCKA": NaN, "CONCITA": NaN, "AIANHHA": NaN, "RES_ONLYA": NaN, "TRUSTA": NaN, "AITSCEA": NaN, "TTRACTA": NaN, "TBLKGRPA": NaN, "ANRCA": NaN, "CBSAA": 19100, "METDIVA": 19124, "CSAA": 206, "NECTAA": NaN, "NECTADIVA": NaN, "CNECTAA": NaN, "UAA": NaN, "URBRURALA": NaN, "CDA": NaN, "SLDUA": NaN, "SLDLA": NaN, "ZCTA5A": NaN, "SUBMCDA": NaN, "SDELMA": NaN, "SDSECA": NaN, "SDUNIA": NaN, "NAME": "Census Tract 141.20", "SABINSA": NaN, "TOTPOP": 5037, "H7X001": 5037, "WHITE": 4318, "BLACK": 101, "AIAN": 29, "ASIAN": 411, "NHPI": 3, "H7X007": 59, "H7X008": 116, "H7Y001": 5037, "H7Y002": 4552, "HISP": 485, "C_X": -89943.73112329592, "C_Y": -507580.58665000007, "id": 15882}, {"boundary_node": true, "boundary_perim": 5347.650297760512, "area": 4014216.280795788, "STATEFP10": "48", "COUNTYFP10": "113", "TRACTCE10": "014121", "GEOID10": "48113014121", "NAME10": "141.21", "NAMELSAD10": "Census Tract 141.21", "MTFCC10": "G5020", "FUNCSTAT10": "S", "ALAND10": 3797461, "AWATER10": 216757, "INTPTLAT10": "+32.9589130", "INTPTLON10": "-096.9448755", "GISJOIN": "G4801130014121", "Shape_area": 4014216.2808, "Shape_len": 11016.5689832, "YEAR": 2010, "REGIONA": 3, "DIVISIONA": 7, "STATE": "Texas", "STATEA": 48, "COUNTY": "Dallas County", "COUNTYA": 113, "COUSUBA": NaN, "PLACEA": NaN, "TRACTA": 14121, "BLKGRPA": NaN, "BLOCKA": NaN, "CONCITA": NaN, "AIANHHA": NaN, "RES_ONLYA": NaN, "TRUSTA": NaN, "AITSCEA": NaN, "TTRACTA": NaN, "TBLKGRPA": NaN, "ANRCA": NaN, "CBSAA": 19100, "METDIVA": 19124, "CSAA": 206, "NECTAA": NaN, "NECTADIVA": NaN, "CNECTAA": NaN, "UAA": NaN, "URBRURALA": NaN, "CDA": NaN, "SLDUA": NaN, "SLDLA": NaN, "ZCTA5A": NaN, "SUBMCDA": NaN, "SDELMA": NaN, "SDSECA": NaN, "SDUNIA": NaN, "NAME": "Census Tract 141.21", "SABINSA": NaN, "TOTPOP": 5162, "H7X001": 5162, "WHITE": 3098, "BLACK": 713, "AIAN": 24, "ASIAN": 884, "NHPI": 5, "H7X007": 282, "H7X008": 156, "H7Y001": 5162, "H7Y002": 4331, "HISP": 831, "C_X": -88159.35640555169, "C_Y": -508295.1700500003, "id": 15883}, {"boundary_node": false, "area": 11362845.27451222, "STATEFP10": "48", "COUNTYFP10": "113", "TRACTCE10": "014124", "GEOID10": "48113014124", "NAME10": "141.24", "NAMELSAD10": "Census Tract 141.24", "MTFCC10": "G5020", "FUNCSTAT10": "S", "ALAND10": 11325353, "AWATER10": 37504, "INTPTLAT10": "+32.9177986", "INTPTLON10": "-096.9906614", "GISJOIN": "G4801130014124", "Shape_area": 11362845.2745, "Shape_len": 22693.7913033, "YEAR": 2010, "REGIONA": 3, "DIVISIONA": 7, "STATE": "Texas", "STATEA": 48, "COUNTY": "Dallas County", "COUNTYA": 113, "COUSUBA": NaN, "PLACEA": NaN, "TRACTA": 14124, "BLKGRPA": NaN, "BLOCKA": NaN, "CONCITA": NaN, "AIANHHA": NaN, "RES_ONLYA": NaN, "TRUSTA": NaN, "AITSCEA": NaN, "TTRACTA": NaN, "TBLKGRPA": NaN, "ANRCA": NaN, "CBSAA": 19100, "METDIVA": 19124, "CSAA": 206, "NECTAA": NaN, "NECTADIVA": NaN, "CNECTAA": NaN, "UAA": NaN, "URBRURALA": NaN, "CDA": NaN, "SLDUA": NaN, "SLDLA": NaN, "ZCTA5A": NaN, "SUBMCDA": NaN, "SDELMA": NaN, "SDSECA": NaN, "SDUNIA": NaN, "NAME": "Census Tract 141.24", "SABINSA": NaN, "TOTPOP": 4133, "H7X001": 4133, "WHITE": 2583, "BLACK": 159, "AIAN": 5, "ASIAN": 1201, "NHPI": 0, "H7X007": 61, "H7X008": 124, "H7Y001": 4133, "H7Y002": 3593, "HISP": 540, "C_X": -93298.54193556347, "C_Y": -511698.54899999953, "id": 15885}, {"boundary_node": true, "boundary_perim": 8174.733056893874, "area": 12708639.958247507, "STATEFP10": "48", "COUNTYFP10": "113", "TRACTCE10": "014126", "GEOID10": "48113014126", "NAME10": "141.26", "NAMELSAD10": "Census Tract 141.26", "MTFCC10": "G5020", "FUNCSTAT10": "S", "ALAND10": 12569525, "AWATER10": 139111, "INTPTLAT10": "+32.9527578", "INTPTLON10": "-097.0094605", "GISJOIN": "G4801130014126", "Shape_area": 12708639.9582, "Shape_len": 16553.8783422, "YEAR": 2010, "REGIONA": 3, "DIVISIONA": 7, "STATE": "Texas", "STATEA": 48, "COUNTY": "Dallas County", "COUNTYA": 113, "COUSUBA": NaN, "PLACEA": NaN, "TRACTA": 14126, "BLKGRPA": NaN, "BLOCKA": NaN, "CONCITA": NaN, "AIANHHA": NaN, "RES_ONLYA": NaN, "TRUSTA": NaN, "AITSCEA": NaN, "TTRACTA": NaN, "TBLKGRPA": NaN, "ANRCA": NaN, "CBSAA": 19100, "METDIVA": 19124, "CSAA": 206, "NECTAA": NaN, "NECTADIVA": NaN, "CNECTAA": NaN, "UAA": NaN, "URBRURALA": NaN, "CDA": NaN, "SLDUA": NaN, "SLDLA": NaN, "ZCTA5A": NaN, "SUBMCDA": NaN, "SDELMA": NaN, "SDSECA": NaN, "SDUNIA": NaN, "NAME": "Census Tract 141.26", "SABINSA": NaN, "TOTPOP": 5761, "H7X001": 5761, "WHITE": 4393, "BLACK": 141, "AIAN": 25, "ASIAN": 762, "NHPI": 1, "H7X007": 301, "H7X008": 138, "H7Y001": 5761, "H7Y002": 4946, "HISP": 815, "C_X": -93665.07768426638, "C_Y": -508724.71609999985, "id": 15910}, {"boundary_node": false, "area": 1665190.5181195107, "STATEFP10": "48", "COUNTYFP10": "113", "TRACTCE10": "014203", "GEOID10": "48113014203", "NAME10": "142.03", "NAMELSAD10": "Census Tract 142.03", "MTFCC10": "G5020", "FUNCSTAT10": "S", "ALAND10": 1659601, "AWATER10": 5588, "INTPTLAT10": "+32.8458405", "INTPTLON10": "-096.9458494", "GISJOIN": "G4801130014203", "Shape_area": 1665190.51812, "Shape_len": 6280.73990249, "YEAR": 2010, "REGIONA": 3, "DIVISIONA": 7, "STATE": "Texas", "STATEA": 48, "COUNTY": "Dallas County", "COUNTYA": 113, "COUSUBA": NaN, "PLACEA": NaN, "TRACTA": 14203, "BLKGRPA": NaN, "BLOCKA": NaN, "CONCITA": NaN, "AIANHHA": NaN, "RES_ONLYA": NaN, "TRUSTA": NaN, "AITSCEA": NaN, "TTRACTA": NaN, "TBLKGRPA": NaN, "ANRCA": NaN, "CBSAA": 19100, "METDIVA": 19124, "CSAA": 206, "NECTAA": NaN, "NECTADIVA": NaN, "CNECTAA": NaN, "UAA": NaN, "URBRURALA": NaN, "CDA": NaN, "SLDUA": NaN, "SLDLA": NaN, "ZCTA5A": NaN, "SUBMCDA": NaN, "SDELMA": NaN, "SDSECA": NaN, "SDUNIA": NaN, "NAME": "Census Tract 142.03", "SABINSA": NaN, "TOTPOP": 3118, "H7X001": 3118, "WHITE": 2048, "BLACK": 201, "AIAN": 39, "ASIAN": 119, "NHPI": 2, "H7X007": 623, "H7X008": 86, "H7Y001": 3118, "H7Y002": 1960, "HISP": 1158, "C_X": -87816.05927516709, "C_Y": -520314.65570000024, "id": 15911}, {"boundary_node": false, "area": 4868066.041886456, "STATEFP10": "48", "COUNTYFP10": "113", "TRACTCE10": "014204", "GEOID10": "48113014204", "NAME10": "142.04", "NAMELSAD10": "Census Tract 142.04", "MTFCC10": "G5020", "FUNCSTAT10": "S", "ALAND10": 4858137, "AWATER10": 9928, "INTPTLAT10": "+32.8458864", "INTPTLON10": "-096.9234378", "GISJOIN": "G4801130014204", "Shape_area": 4868066.04189, "Shape_len": 10648.5115051, "YEAR": 2010, "REGIONA": 3, "DIVISIONA": 7, "STATE": "Texas", "STATEA": 48, "COUNTY": "Dallas County", "COUNTYA": 113, "COUSUBA": NaN, "PLACEA": NaN, "TRACTA": 14204, "BLKGRPA": NaN, "BLOCKA": NaN, "CONCITA": NaN, "AIANHHA": NaN, "RES_ONLYA": NaN, "TRUSTA": NaN, "AITSCEA": NaN, "TTRACTA": NaN, "TBLKGRPA": NaN, "ANRCA": NaN, "CBSAA": 19100, "METDIVA": 19124, "CSAA": 206, "NECTAA": NaN, "NECTADIVA": NaN, "CNECTAA": NaN, "UAA": NaN, "URBRURALA": NaN, "CDA": NaN, "SLDUA": NaN, "SLDLA": NaN, "ZCTA5A": NaN, "SUBMCDA": NaN, "SDELMA": NaN, "SDSECA": NaN, "SDUNIA": NaN, "NAME": "Census Tract 142.04", "SABINSA": NaN, "TOTPOP": 2275, "H7X001": 2275, "WHITE": 1263, "BLACK": 209, "AIAN": 12, "ASIAN": 459, "NHPI": 1, "H7X007": 252, "H7X008": 79, "H7Y001": 2275, "H7Y002": 1663, "HISP": 612, "C_X": -85736.5124176672, "C_Y": -520065.19060000055, "id": 15912}, {"boundary_node": false, "area": 2527428.0756905605, "STATEFP10": "48", "COUNTYFP10": "113", "TRACTCE10": "014302", "GEOID10": "48113014302", "NAME10": "143.02", "NAMELSAD10": "Census Tract 143.02", "MTFCC10": "G5020", "FUNCSTAT10": "S", "ALAND10": 2527429, "AWATER10": 0, "INTPTLAT10": "+32.8447799", "INTPTLON10": "-096.9689893", "GISJOIN": "G4801130014302", "Shape_area": 2527428.07569, "Shape_len": 7344.71541752, "YEAR": 2010, "REGIONA": 3, "DIVISIONA": 7, "STATE": "Texas", "STATEA": 48, "COUNTY": "Dallas County", "COUNTYA": 113, "COUSUBA": NaN, "PLACEA": NaN, "TRACTA": 14302, "BLKGRPA": NaN, "BLOCKA": NaN, "CONCITA": NaN, "AIANHHA": NaN, "RES_ONLYA": NaN, "TRUSTA": NaN, "AITSCEA": NaN, "TTRACTA": NaN, "TBLKGRPA": NaN, "ANRCA": NaN, "CBSAA": 19100, "METDIVA": 19124, "CSAA": 206, "NECTAA": NaN, "NECTADIVA": NaN, "CNECTAA": NaN, "UAA": NaN, "URBRURALA": NaN, "CDA": NaN, "SLDUA": NaN, "SLDLA": NaN, "ZCTA5A": NaN, "SUBMCDA": NaN, "SDELMA": NaN, "SDSECA": NaN, "SDUNIA": NaN, "NAME": "Census Tract 143.02", "SABINSA": NaN, "TOTPOP": 6671, "H7X001": 6671, "WHITE": 4402, "BLACK": 378, "AIAN": 55, "ASIAN": 175, "NHPI": 7, "H7X007": 1378, "H7X008": 276, "H7Y001": 6671, "H7Y002": 3330, "HISP": 3341, "C_X": -90336.98245981758, "C_Y": -520123.3320500002, "id": 15913}, {"boundary_node": false, "area": 2318094.317550219, "STATEFP10": "48", "COUNTYFP10": "113", "TRACTCE10": "014306", "GEOID10": "48113014306", "NAME10": "143.06", "NAMELSAD10": "Census Tract 143.06", "MTFCC10": "G5020", "FUNCSTAT10": "S", "ALAND10": 2318095, "AWATER10": 0, "INTPTLAT10": "+32.8438638", "INTPTLON10": "-096.9845912", "GISJOIN": "G4801130014306", "Shape_area": 2318094.31755, "Shape_len": 6154.7923646, "YEAR": 2010, "REGIONA": 3, "DIVISIONA": 7, "STATE": "Texas", "STATEA": 48, "COUNTY": "Dallas County", "COUNTYA": 113, "COUSUBA": NaN, "PLACEA": NaN, "TRACTA": 14306, "BLKGRPA": NaN, "BLOCKA": NaN, "CONCITA": NaN, "AIANHHA": NaN, "RES_ONLYA": NaN, "TRUSTA": NaN, "AITSCEA": NaN, "TTRACTA": NaN, "TBLKGRPA": NaN, "ANRCA": NaN, "CBSAA": 19100, "METDIVA": 19124, "CSAA": 206, "NECTAA": NaN, "NECTADIVA": NaN, "CNECTAA": NaN, "UAA": NaN, "URBRURALA": NaN, "CDA": NaN, "SLDUA": NaN, "SLDLA": NaN, "ZCTA5A": NaN, "SUBMCDA": NaN, "SDELMA": NaN, "SDSECA": NaN, "SDUNIA": NaN, "NAME": "Census Tract 143.06", "SABINSA": NaN, "TOTPOP": 5462, "H7X001": 5462, "WHITE": 3398, "BLACK": 364, "AIAN": 71, "ASIAN": 138, "NHPI": 20, "H7X007": 1260, "H7X008": 211, "H7Y001": 5462, "H7Y002": 2171, "HISP": 3291, "C_X": -91600.11957527246, "C_Y": -520453.71039999975, "id": 15914}, {"boundary_node": false, "area": 1820144.4522019494, "STATEFP10": "48", "COUNTYFP10": "113", "TRACTCE10": "014307", "GEOID10": "48113014307", "NAME10": "143.07", "NAMELSAD10": "Census Tract 143.07", "MTFCC10": "G5020", "FUNCSTAT10": "S", "ALAND10": 1815863, "AWATER10": 4283, "INTPTLAT10": "+32.8528421", "INTPTLON10": "-096.9559595", "GISJOIN": "G4801130014307", "Shape_area": 1820144.4522, "Shape_len": 6157.42395959, "YEAR": 2010, "REGIONA": 3, "DIVISIONA": 7, "STATE": "Texas", "STATEA": 48, "COUNTY": "Dallas County", "COUNTYA": 113, "COUSUBA": NaN, "PLACEA": NaN, "TRACTA": 14307, "BLKGRPA": NaN, "BLOCKA": NaN, "CONCITA": NaN, "AIANHHA": NaN, "RES_ONLYA": NaN, "TRUSTA": NaN, "AITSCEA": NaN, "TTRACTA": NaN, "TBLKGRPA": NaN, "ANRCA": NaN, "CBSAA": 19100, "METDIVA": 19124, "CSAA": 206, "NECTAA": NaN, "NECTADIVA": NaN, "CNECTAA": NaN, "UAA": NaN, "URBRURALA": NaN, "CDA": NaN, "SLDUA": NaN, "SLDLA": NaN, "ZCTA5A": NaN, "SUBMCDA": NaN, "SDELMA": NaN, "SDSECA": NaN, "SDUNIA": NaN, "NAME": "Census Tract 143.07", "SABINSA": NaN, "TOTPOP": 3911, "H7X001": 3911, "WHITE": 2857, "BLACK": 287, "AIAN": 37, "ASIAN": 294, "NHPI": 3, "H7X007": 298, "H7X008": 135, "H7Y001": 3911, "H7Y002": 3000, "HISP": 911, "C_X": -89223.62356567266, "C_Y": -519336.5248500005, "id": 15915}, {"boundary_node": false, "area": 1078796.5087629515, "STATEFP10": "48", "COUNTYFP10": "113", "TRACTCE10": "014308", "GEOID10": "48113014308", "NAME10": "143.08", "NAMELSAD10": "Census Tract 143.08", "MTFCC10": "G5020", "FUNCSTAT10": "S", "ALAND10": 1078797, "AWATER10": 0, "INTPTLAT10": "+32.8435903", "INTPTLON10": "-096.9549956", "GISJOIN": "G4801130014308", "Shape_area": 1078796.50876, "Shape_len": 4429.72570761, "YEAR": 2010, "REGIONA": 3, "DIVISIONA": 7, "STATE": "Texas", "STATEA": 48, "COUNTY": "Dallas County", "COUNTYA": 113, "COUSUBA": NaN, "PLACEA": NaN, "TRACTA": 14308, "BLKGRPA": NaN, "BLOCKA": NaN, "CONCITA": NaN, "AIANHHA": NaN, "RES_ONLYA": NaN, "TRUSTA": NaN, "AITSCEA": NaN, "TTRACTA": NaN, "TBLKGRPA": NaN, "ANRCA": NaN, "CBSAA": 19100, "METDIVA": 19124, "CSAA": 206, "NECTAA": NaN, "NECTADIVA": NaN, "CNECTAA": NaN, "UAA": NaN, "URBRURALA": NaN, "CDA": NaN, "SLDUA": NaN, "SLDLA": NaN, "ZCTA5A": NaN, "SUBMCDA": NaN, "SDELMA": NaN, "SDSECA": NaN, "SDUNIA": NaN, "NAME": "Census Tract 143.08", "SABINSA": NaN, "TOTPOP": 4136, "H7X001": 4136, "WHITE": 2085, "BLACK": 432, "AIAN": 37, "ASIAN": 257, "NHPI": 0, "H7X007": 1160, "H7X008": 165, "H7Y001": 4136, "H7Y002": 1408, "HISP": 2728, "C_X": -88882.91330492869, "C_Y": -520526.93485000066, "id": 15939}, {"boundary_node": false, "area": 681478.2450496616, "STATEFP10": "48", "COUNTYFP10": "113", "TRACTCE10": "014309", "GEOID10": "48113014309", "NAME10": "143.09", "NAMELSAD10": "Census Tract 143.09", "MTFCC10": "G5020", "FUNCSTAT10": "S", "ALAND10": 681479, "AWATER10": 0, "INTPTLAT10": "+32.8569586", "INTPTLON10": "-096.9895437", "GISJOIN": "G4801130014309", "Shape_area": 681478.24505, "Shape_len": 4283.50512364, "YEAR": 2010, "REGIONA": 3, "DIVISIONA": 7, "STATE": "Texas", "STATEA": 48, "COUNTY": "Dallas County", "COUNTYA": 113, "COUSUBA": NaN, "PLACEA": NaN, "TRACTA": 14309, "BLKGRPA": NaN, "BLOCKA": NaN, "CONCITA": NaN, "AIANHHA": NaN, "RES_ONLYA": NaN, "TRUSTA": NaN, "AITSCEA": NaN, "TTRACTA": NaN, "TBLKGRPA": NaN, "ANRCA": NaN, "CBSAA": 19100, "METDIVA": 19124, "CSAA": 206, "NECTAA": NaN, "NECTADIVA": NaN, "CNECTAA": NaN, "UAA": NaN, "URBRURALA": NaN, "CDA": NaN, "SLDUA": NaN, "SLDLA": NaN, "ZCTA5A": NaN, "SUBMCDA": NaN, "SDELMA": NaN, "SDSECA": NaN, "SDUNIA": NaN, "NAME": "Census Tract 143.09", "SABINSA": NaN, "TOTPOP": 4385, "H7X001": 4385, "WHITE": 1689, "BLACK": 1091, "AIAN": 39, "ASIAN": 343, "NHPI": 27, "H7X007": 1000, "H7X008": 196, "H7Y001": 4385, "H7Y002": 1972, "HISP": 2413, "C_X": -92096.77520820477, "C_Y": -518846.2370499992, "id": 15940}, {"boundary_node": false, "area": 1883788.975503035, "STATEFP10": "48", "COUNTYFP10": "113", "TRACTCE10": "014310", "GEOID10": "48113014310", "NAME10": "143.10", "NAMELSAD10": "Census Tract 143.10", "MTFCC10": "G5020", "FUNCSTAT10": "S", "ALAND10": 1881325, "AWATER10": 2461, "INTPTLAT10": "+32.8580258", "INTPTLON10": "-096.9849976", "GISJOIN": "G4801130014310", "Shape_area": 1883788.9755, "Shape_len": 5858.49285027, "YEAR": 2010, "REGIONA": 3, "DIVISIONA": 7, "STATE": "Texas", "STATEA": 48, "COUNTY": "Dallas County", "COUNTYA": 113, "COUSUBA": NaN, "PLACEA": NaN, "TRACTA": 14310, "BLKGRPA": NaN, "BLOCKA": NaN, "CONCITA": NaN, "AIANHHA": NaN, "RES_ONLYA": NaN, "TRUSTA": NaN, "AITSCEA": NaN, "TTRACTA": NaN, "TBLKGRPA": NaN, "ANRCA": NaN, "CBSAA": 19100, "METDIVA": 19124, "CSAA": 206, "NECTAA": NaN, "NECTADIVA": NaN, "CNECTAA": NaN, "UAA": NaN, "URBRURALA": NaN, "CDA": NaN, "SLDUA": NaN, "SLDLA": NaN, "ZCTA5A": NaN, "SUBMCDA": NaN, "SDELMA": NaN, "SDSECA": NaN, "SDUNIA": NaN, "NAME": "Census Tract 143.10", "SABINSA": NaN, "TOTPOP": 4472, "H7X001": 4472, "WHITE": 2213, "BLACK": 1064, "AIAN": 18, "ASIAN": 401, "NHPI": 1, "H7X007": 565, "H7X008": 210, "H7Y001": 4472, "H7Y002": 3064, "HISP": 1408, "C_X": -91330.77684122656, "C_Y": -518752.16170000087, "id": 15941}, {"boundary_node": false, "area": 5170811.138688233, "STATEFP10": "48", "COUNTYFP10": "113", "TRACTCE10": "014403", "GEOID10": "48113014403", "NAME10": "144.03", "NAMELSAD10": "Census Tract 144.03", "MTFCC10": "G5020", "FUNCSTAT10": "S", "ALAND10": 5152985, "AWATER10": 17827, "INTPTLAT10": "+32.8285903", "INTPTLON10": "-097.0192742", "GISJOIN": "G4801130014403", "Shape_area": 5170811.13869, "Shape_len": 9444.20937006, "YEAR": 2010, "REGIONA": 3, "DIVISIONA": 7, "STATE": "Texas", "STATEA": 48, "COUNTY": "Dallas County", "COUNTYA": 113, "COUSUBA": NaN, "PLACEA": NaN, "TRACTA": 14403, "BLKGRPA": NaN, "BLOCKA": NaN, "CONCITA": NaN, "AIANHHA": NaN, "RES_ONLYA": NaN, "TRUSTA": NaN, "AITSCEA": NaN, "TTRACTA": NaN, "TBLKGRPA": NaN, "ANRCA": NaN, "CBSAA": 19100, "METDIVA": 19124, "CSAA": 206, "NECTAA": NaN, "NECTADIVA": NaN, "CNECTAA": NaN, "UAA": NaN, "URBRURALA": NaN, "CDA": NaN, "SLDUA": NaN, "SLDLA": NaN, "ZCTA5A": NaN, "SUBMCDA": NaN, "SDELMA": NaN, "SDSECA": NaN, "SDUNIA": NaN, "NAME": "Census Tract 144.03", "SABINSA": NaN, "TOTPOP": 3909, "H7X001": 3909, "WHITE": 1700, "BLACK": 1230, "AIAN": 28, "ASIAN": 226, "NHPI": 6, "H7X007": 587, "H7X008": 132, "H7Y001": 3909, "H7Y002": 2330, "HISP": 1579, "C_X": -95136.46889355773, "C_Y": -522329.37765000074, "id": 15942}, {"boundary_node": false, "area": 1849893.3224004626, "STATEFP10": "48", "COUNTYFP10": "113", "TRACTCE10": "014405", "GEOID10": "48113014405", "NAME10": "144.05", "NAMELSAD10": "Census Tract 144.05", "MTFCC10": "G5020", "FUNCSTAT10": "S", "ALAND10": 1849894, "AWATER10": 0, "INTPTLAT10": "+32.8316428", "INTPTLON10": "-096.9854341", "GISJOIN": "G4801130014405", "Shape_area": 1849893.3224, "Shape_len": 6828.23631433, "YEAR": 2010, "REGIONA": 3, "DIVISIONA": 7, "STATE": "Texas", "STATEA": 48, "COUNTY": "Dallas County", "COUNTYA": 113, "COUSUBA": NaN, "PLACEA": NaN, "TRACTA": 14405, "BLKGRPA": NaN, "BLOCKA": NaN, "CONCITA": NaN, "AIANHHA": NaN, "RES_ONLYA": NaN, "TRUSTA": NaN, "AITSCEA": NaN, "TTRACTA": NaN, "TBLKGRPA": NaN, "ANRCA": NaN, "CBSAA": 19100, "METDIVA": 19124, "CSAA": 206, "NECTAA": NaN, "NECTADIVA": NaN, "CNECTAA": NaN, "UAA": NaN, "URBRURALA": NaN, "CDA": NaN, "SLDUA": NaN, "SLDLA": NaN, "ZCTA5A": NaN, "SUBMCDA": NaN, "SDELMA": NaN, "SDSECA": NaN, "SDUNIA": NaN, "NAME": "Census Tract 144.05", "SABINSA": NaN, "TOTPOP": 3695, "H7X001": 3695, "WHITE": 2241, "BLACK": 187, "AIAN": 24, "ASIAN": 63, "NHPI": 0, "H7X007": 1040, "H7X008": 140, "H7Y001": 3695, "H7Y002": 1246, "HISP": 2449, "C_X": -91677.71809229335, "C_Y": -521947.30355000077, "id": 15943}, {"boundary_node": false, "area": 2014985.3701107579, "STATEFP10": "48", "COUNTYFP10": "113", "TRACTCE10": "014406", "GEOID10": "48113014406", "NAME10": "144.06", "NAMELSAD10": "Census Tract 144.06", "MTFCC10": "G5020", "FUNCSTAT10": "S", "ALAND10": 2014986, "AWATER10": 0, "INTPTLAT10": "+32.8215559", "INTPTLON10": "-096.9847685", "GISJOIN": "G4801130014406", "Shape_area": 2014985.37011, "Shape_len": 7730.25832344, "YEAR": 2010, "REGIONA": 3, "DIVISIONA": 7, "STATE": "Texas", "STATEA": 48, "COUNTY": "Dallas County", "COUNTYA": 113, "COUSUBA": NaN, "PLACEA": NaN, "TRACTA": 14406, "BLKGRPA": NaN, "BLOCKA": NaN, "CONCITA": NaN, "AIANHHA": NaN, "RES_ONLYA": NaN, "TRUSTA": NaN, "AITSCEA": NaN, "TTRACTA": NaN, "TBLKGRPA": NaN, "ANRCA": NaN, "CBSAA": 19100, "METDIVA": 19124, "CSAA": 206, "NECTAA": NaN, "NECTADIVA": NaN, "CNECTAA": NaN, "UAA": NaN, "URBRURALA": NaN, "CDA": NaN, "SLDUA": NaN, "SLDLA": NaN, "ZCTA5A": NaN, "SUBMCDA": NaN, "SDELMA": NaN, "SDSECA": NaN, "SDUNIA": NaN, "NAME": "Census Tract 144.06", "SABINSA": NaN, "TOTPOP": 4617, "H7X001": 4617, "WHITE": 2823, "BLACK": 219, "AIAN": 25, "ASIAN": 50, "NHPI": 5, "H7X007": 1329, "H7X008": 166, "H7Y001": 4617, "H7Y002": 1838, "HISP": 2779, "C_X": -91694.56012306022, "C_Y": -522866.6467500003, "id": 15944}, {"boundary_node": false, "area": 1721510.5290697943, "STATEFP10": "48", "COUNTYFP10": "113", "TRACTCE10": "014407", "GEOID10": "48113014407", "NAME10": "144.07", "NAMELSAD10": "Census Tract 144.07", "MTFCC10": "G5020", "FUNCSTAT10": "S", "ALAND10": 1721512, "AWATER10": 0, "INTPTLAT10": "+32.8308682", "INTPTLON10": "-097.0006909", "GISJOIN": "G4801130014407", "Shape_area": 1721510.52907, "Shape_len": 6143.18906662, "YEAR": 2010, "REGIONA": 3, "DIVISIONA": 7, "STATE": "Texas", "STATEA": 48, "COUNTY": "Dallas County", "COUNTYA": 113, "COUSUBA": NaN, "PLACEA": NaN, "TRACTA": 14407, "BLKGRPA": NaN, "BLOCKA": NaN, "CONCITA": NaN, "AIANHHA": NaN, "RES_ONLYA": NaN, "TRUSTA": NaN, "AITSCEA": NaN, "TTRACTA": NaN, "TBLKGRPA": NaN, "ANRCA": NaN, "CBSAA": 19100, "METDIVA": 19124, "CSAA": 206, "NECTAA": NaN, "NECTADIVA": NaN, "CNECTAA": NaN, "UAA": NaN, "URBRURALA": NaN, "CDA": NaN, "SLDUA": NaN, "SLDLA": NaN, "ZCTA5A": NaN, "SUBMCDA": NaN, "SDELMA": NaN, "SDSECA": NaN, "SDUNIA": NaN, "NAME": "Census Tract 144.07", "SABINSA": NaN, "TOTPOP": 4881, "H7X001": 4881, "WHITE": 2461, "BLACK": 878, "AIAN": 35, "ASIAN": 202, "NHPI": 1, "H7X007": 1137, "H7X008": 167, "H7Y001": 4881, "H7Y002": 1979, "HISP": 2902, "C_X": -92979.21688146866, "C_Y": -522027.11855000013, "id": 15945}, {"boundary_node": false, "area": 1821723.8659416565, "STATEFP10": "48", "COUNTYFP10": "113", "TRACTCE10": "014408", "GEOID10": "48113014408", "NAME10": "144.08", "NAMELSAD10": "Census Tract 144.08", "MTFCC10": "G5020", "FUNCSTAT10": "S", "ALAND10": 1812691, "AWATER10": 9032, "INTPTLAT10": "+32.8195639", "INTPTLON10": "-096.9989271", "GISJOIN": "G4801130014408", "Shape_area": 1821723.86594, "Shape_len": 8024.19234316, "YEAR": 2010, "REGIONA": 3, "DIVISIONA": 7, "STATE": "Texas", "STATEA": 48, "COUNTY": "Dallas County", "COUNTYA": 113, "COUSUBA": NaN, "PLACEA": NaN, "TRACTA": 14408, "BLKGRPA": NaN, "BLOCKA": NaN, "CONCITA": NaN, "AIANHHA": NaN, "RES_ONLYA": NaN, "TRUSTA": NaN, "AITSCEA": NaN, "TTRACTA": NaN, "TBLKGRPA": NaN, "ANRCA": NaN, "CBSAA": 19100, "METDIVA": 19124, "CSAA": 206, "NECTAA": NaN, "NECTADIVA": NaN, "CNECTAA": NaN, "UAA": NaN, "URBRURALA": NaN, "CDA": NaN, "SLDUA": NaN, "SLDLA": NaN, "ZCTA5A": NaN, "SUBMCDA": NaN, "SDELMA": NaN, "SDSECA": NaN, "SDUNIA": NaN, "NAME": "Census Tract 144.08", "SABINSA": NaN, "TOTPOP": 4137, "H7X001": 4137, "WHITE": 2222, "BLACK": 643, "AIAN": 30, "ASIAN": 322, "NHPI": 2, "H7X007": 801, "H7X008": 117, "H7Y001": 4137, "H7Y002": 2315, "HISP": 1822, "C_X": -93768.93066150878, "C_Y": -522592.8818500007, "id": 15971}, {"boundary_node": false, "area": 1886857.5018607855, "STATEFP10": "48", "COUNTYFP10": "113", "TRACTCE10": "014501", "GEOID10": "48113014501", "NAME10": "145.01", "NAMELSAD10": "Census Tract 145.01", "MTFCC10": "G5020", "FUNCSTAT10": "S", "ALAND10": 1883629, "AWATER10": 3225, "INTPTLAT10": "+32.8315595", "INTPTLON10": "-096.9678091", "GISJOIN": "G4801130014501", "Shape_area": 1886857.50186, "Shape_len": 6077.14956556, "YEAR": 2010, "REGIONA": 3, "DIVISIONA": 7, "STATE": "Texas", "STATEA": 48, "COUNTY": "Dallas County", "COUNTYA": 113, "COUSUBA": NaN, "PLACEA": NaN, "TRACTA": 14501, "BLKGRPA": NaN, "BLOCKA": NaN, "CONCITA": NaN, "AIANHHA": NaN, "RES_ONLYA": NaN, "TRUSTA": NaN, "AITSCEA": NaN, "TTRACTA": NaN, "TBLKGRPA": NaN, "ANRCA": NaN, "CBSAA": 19100, "METDIVA": 19124, "CSAA": 206, "NECTAA": NaN, "NECTADIVA": NaN, "CNECTAA": NaN, "UAA": NaN, "URBRURALA": NaN, "CDA": NaN, "SLDUA": NaN, "SLDLA": NaN, "ZCTA5A": NaN, "SUBMCDA": NaN, "SDELMA": NaN, "SDSECA": NaN, "SDUNIA": NaN, "NAME": "Census Tract 145.01", "SABINSA": NaN, "TOTPOP": 3169, "H7X001": 3169, "WHITE": 2125, "BLACK": 96, "AIAN": 45, "ASIAN": 58, "NHPI": 8, "H7X007": 724, "H7X008": 113, "H7Y001": 3169, "H7Y002": 1713, "HISP": 1456, "C_X": -90067.47397687667, "C_Y": -522036.4211499997, "id": 15972}, {"boundary_node": false, "area": 1997686.0493147955, "STATEFP10": "48", "COUNTYFP10": "113", "TRACTCE10": "014502", "GEOID10": "48113014502", "NAME10": "145.02", "NAMELSAD10": "Census Tract 145.02", "MTFCC10": "G5020", "FUNCSTAT10": "S", "ALAND10": 1997686, "AWATER10": 0, "INTPTLAT10": "+32.8221272", "INTPTLON10": "-096.9570553", "GISJOIN": "G4801130014502", "Shape_area": 1997686.04931, "Shape_len": 5775.44157705, "YEAR": 2010, "REGIONA": 3, "DIVISIONA": 7, "STATE": "Texas", "STATEA": 48, "COUNTY": "Dallas County", "COUNTYA": 113, "COUSUBA": NaN, "PLACEA": NaN, "TRACTA": 14502, "BLKGRPA": NaN, "BLOCKA": NaN, "CONCITA": NaN, "AIANHHA": NaN, "RES_ONLYA": NaN, "TRUSTA": NaN, "AITSCEA": NaN, "TTRACTA": NaN, "TBLKGRPA": NaN, "ANRCA": NaN, "CBSAA": 19100, "METDIVA": 19124, "CSAA": 206, "NECTAA": NaN, "NECTADIVA": NaN, "CNECTAA": NaN, "UAA": NaN, "URBRURALA": NaN, "CDA": NaN, "SLDUA": NaN, "SLDLA": NaN, "ZCTA5A": NaN, "SUBMCDA": NaN, "SDELMA": NaN, "SDSECA": NaN, "SDUNIA": NaN, "NAME": "Census Tract 145.02", "SABINSA": NaN, "TOTPOP": 4932, "H7X001": 4932, "WHITE": 2845, "BLACK": 261, "AIAN": 50, "ASIAN": 63, "NHPI": 6, "H7X007": 1582, "H7X008": 125, "H7Y001": 4932, "H7Y002": 1716, "HISP": 3216, "C_X": -89168.67983183288, "C_Y": -522892.1135999991, "id": 15973}, {"boundary_node": false, "area": 1154398.9158943945, "STATEFP10": "48", "COUNTYFP10": "113", "TRACTCE10": "014601", "GEOID10": "48113014601", "NAME10": "146.01", "NAMELSAD10": "Census Tract 146.01", "MTFCC10": "G5020", "FUNCSTAT10": "S", "ALAND10": 1154401, "AWATER10": 0, "INTPTLAT10": "+32.8332082", "INTPTLON10": "-096.9517721", "GISJOIN": "G4801130014601", "Shape_area": 1154398.91589, "Shape_len": 4519.81298473, "YEAR": 2010, "REGIONA": 3, "DIVISIONA": 7, "STATE": "Texas", "STATEA": 48, "COUNTY": "Dallas County", "COUNTYA": 113, "COUSUBA": NaN, "PLACEA": NaN, "TRACTA": 14601, "BLKGRPA": NaN, "BLOCKA": NaN, "CONCITA": NaN, "AIANHHA": NaN, "RES_ONLYA": NaN, "TRUSTA": NaN, "AITSCEA": NaN, "TTRACTA": NaN, "TBLKGRPA": NaN, "ANRCA": NaN, "CBSAA": 19100, "METDIVA": 19124, "CSAA": 206, "NECTAA": NaN, "NECTADIVA": NaN, "CNECTAA": NaN, "UAA": NaN, "URBRURALA": NaN, "CDA": NaN, "SLDUA": NaN, "SLDLA": NaN, "ZCTA5A": NaN, "SUBMCDA": NaN, "SDELMA": NaN, "SDSECA": NaN, "SDUNIA": NaN, "NAME": "Census Tract 146.01", "SABINSA": NaN, "TOTPOP": 2595, "H7X001": 2595, "WHITE": 1613, "BLACK": 103, "AIAN": 43, "ASIAN": 72, "NHPI": 1, "H7X007": 625, "H7X008": 138, "H7Y001": 2595, "H7Y002": 1060, "HISP": 1535, "C_X": -88577.37203884355, "C_Y": -521676.68619999953, "id": 15974}, {"boundary_node": false, "area": 1945508.665771045, "STATEFP10": "48", "COUNTYFP10": "113", "TRACTCE10": "014602", "GEOID10": "48113014602", "NAME10": "146.02", "NAMELSAD10": "Census Tract 146.02", "MTFCC10": "G5020", "FUNCSTAT10": "S", "ALAND10": 1945507, "AWATER10": 0, "INTPTLAT10": "+32.8263353", "INTPTLON10": "-096.9390858", "GISJOIN": "G4801130014602", "Shape_area": 1945508.66577, "Shape_len": 7717.27635587, "YEAR": 2010, "REGIONA": 3, "DIVISIONA": 7, "STATE": "Texas", "STATEA": 48, "COUNTY": "Dallas County", "COUNTYA": 113, "COUSUBA": NaN, "PLACEA": NaN, "TRACTA": 14602, "BLKGRPA": NaN, "BLOCKA": NaN, "CONCITA": NaN, "AIANHHA": NaN, "RES_ONLYA": NaN, "TRUSTA": NaN, "AITSCEA": NaN, "TTRACTA": NaN, "TBLKGRPA": NaN, "ANRCA": NaN, "CBSAA": 19100, "METDIVA": 19124, "CSAA": 206, "NECTAA": NaN, "NECTADIVA": NaN, "CNECTAA": NaN, "UAA": NaN, "URBRURALA": NaN, "CDA": NaN, "SLDUA": NaN, "SLDLA": NaN, "ZCTA5A": NaN, "SUBMCDA": NaN, "SDELMA": NaN, "SDSECA": NaN, "SDUNIA": NaN, "NAME": "Census Tract 146.02", "SABINSA": NaN, "TOTPOP": 4500, "H7X001": 4500, "WHITE": 2516, "BLACK": 262, "AIAN": 50, "ASIAN": 169, "NHPI": 9, "H7X007": 1294, "H7X008": 200, "H7Y001": 4500, "H7Y002": 1198, "HISP": 3302, "C_X": -87389.2611954755, "C_Y": -522511.2166999995, "id": 15975}, {"boundary_node": false, "area": 1163574.2107369239, "STATEFP10": "48", "COUNTYFP10": "113", "TRACTCE10": "014603", "GEOID10": "48113014603", "NAME10": "146.03", "NAMELSAD10": "Census Tract 146.03", "MTFCC10": "G5020", "FUNCSTAT10": "S", "ALAND10": 1163571, "AWATER10": 0, "INTPTLAT10": "+32.8223203", "INTPTLON10": "-096.9464697", "GISJOIN": "G4801130014603", "Shape_area": 1163574.21074, "Shape_len": 4700.19629713, "YEAR": 2010, "REGIONA": 3, "DIVISIONA": 7, "STATE": "Texas", "STATEA": 48, "COUNTY": "Dallas County", "COUNTYA": 113, "COUSUBA": NaN, "PLACEA": NaN, "TRACTA": 14603, "BLKGRPA": NaN, "BLOCKA": NaN, "CONCITA": NaN, "AIANHHA": NaN, "RES_ONLYA": NaN, "TRUSTA": NaN, "AITSCEA": NaN, "TTRACTA": NaN, "TBLKGRPA": NaN, "ANRCA": NaN, "CBSAA": 19100, "METDIVA": 19124, "CSAA": 206, "NECTAA": NaN, "NECTADIVA": NaN, "CNECTAA": NaN, "UAA": NaN, "URBRURALA": NaN, "CDA": NaN, "SLDUA": NaN, "SLDLA": NaN, "ZCTA5A": NaN, "SUBMCDA": NaN, "SDELMA": NaN, "SDSECA": NaN, "SDUNIA": NaN, "NAME": "Census Tract 146.03", "SABINSA": NaN, "TOTPOP": 1943, "H7X001": 1943, "WHITE": 1099, "BLACK": 120, "AIAN": 12, "ASIAN": 64, "NHPI": 2, "H7X007": 585, "H7X008": 61, "H7Y001": 1943, "H7Y002": 522, "HISP": 1421, "C_X": -88054.68171785434, "C_Y": -522905.20885000005, "id": 15976}, {"boundary_node": false, "area": 1360616.562973374, "STATEFP10": "48", "COUNTYFP10": "113", "TRACTCE10": "014701", "GEOID10": "48113014701", "NAME10": "147.01", "NAMELSAD10": "Census Tract 147.01", "MTFCC10": "G5020", "FUNCSTAT10": "S", "ALAND10": 1360616, "AWATER10": 0, "INTPTLAT10": "+32.8335568", "INTPTLON10": "-096.9259338", "GISJOIN": "G4801130014701", "Shape_area": 1360616.56297, "Shape_len": 5236.16001199, "YEAR": 2010, "REGIONA": 3, "DIVISIONA": 7, "STATE": "Texas", "STATEA": 48, "COUNTY": "Dallas County", "COUNTYA": 113, "COUSUBA": NaN, "PLACEA": NaN, "TRACTA": 14701, "BLKGRPA": NaN, "BLOCKA": NaN, "CONCITA": NaN, "AIANHHA": NaN, "RES_ONLYA": NaN, "TRUSTA": NaN, "AITSCEA": NaN, "TTRACTA": NaN, "TBLKGRPA": NaN, "ANRCA": NaN, "CBSAA": 19100, "METDIVA": 19124, "CSAA": 206, "NECTAA": NaN, "NECTADIVA": NaN, "CNECTAA": NaN, "UAA": NaN, "URBRURALA": NaN, "CDA": NaN, "SLDUA": NaN, "SLDLA": NaN, "ZCTA5A": NaN, "SUBMCDA": NaN, "SDELMA": NaN, "SDSECA": NaN, "SDUNIA": NaN, "NAME": "Census Tract 147.01", "SABINSA": NaN, "TOTPOP": 4666, "H7X001": 4666, "WHITE": 2611, "BLACK": 330, "AIAN": 26, "ASIAN": 105, "NHPI": 0, "H7X007": 1401, "H7X008": 193, "H7Y001": 4666, "H7Y002": 1146, "HISP": 3520, "C_X": -86147.1049548673, "C_Y": -521667.5958999994, "id": 15977}, {"boundary_node": false, "area": 1603197.14231471, "STATEFP10": "48", "COUNTYFP10": "113", "TRACTCE10": "014702", "GEOID10": "48113014702", "NAME10": "147.02", "NAMELSAD10": "Census Tract 147.02", "MTFCC10": "G5020", "FUNCSTAT10": "S", "ALAND10": 1603195, "AWATER10": 0, "INTPTLAT10": "+32.8248964", "INTPTLON10": "-096.9259709", "GISJOIN": "G4801130014702", "Shape_area": 1603197.14231, "Shape_len": 6559.9058517, "YEAR": 2010, "REGIONA": 3, "DIVISIONA": 7, "STATE": "Texas", "STATEA": 48, "COUNTY": "Dallas County", "COUNTYA": 113, "COUSUBA": NaN, "PLACEA": NaN, "TRACTA": 14702, "BLKGRPA": NaN, "BLOCKA": NaN, "CONCITA": NaN, "AIANHHA": NaN, "RES_ONLYA": NaN, "TRUSTA": NaN, "AITSCEA": NaN, "TTRACTA": NaN, "TBLKGRPA": NaN, "ANRCA": NaN, "CBSAA": 19100, "METDIVA": 19124, "CSAA": 206, "NECTAA": NaN, "NECTADIVA": NaN, "CNECTAA": NaN, "UAA": NaN, "URBRURALA": NaN, "CDA": NaN, "SLDUA": NaN, "SLDLA": NaN, "ZCTA5A": NaN, "SUBMCDA": NaN, "SDELMA": NaN, "SDSECA": NaN, "SDUNIA": NaN, "NAME": "Census Tract 147.02", "SABINSA": NaN, "TOTPOP": 3898, "H7X001": 3898, "WHITE": 2558, "BLACK": 158, "AIAN": 44, "ASIAN": 85, "NHPI": 1, "H7X007": 944, "H7X008": 108, "H7Y001": 3898, "H7Y002": 1215, "HISP": 2683, "C_X": -85911.28775066041, "C_Y": -522869.8529499993, "id": 15978}, {"boundary_node": false, "area": 759179.8049251664, "STATEFP10": "48", "COUNTYFP10": "113", "TRACTCE10": "014703", "GEOID10": "48113014703", "NAME10": "147.03", "NAMELSAD10": "Census Tract 147.03", "MTFCC10": "G5020", "FUNCSTAT10": "S", "ALAND10": 759179, "AWATER10": 0, "INTPTLAT10": "+32.8187924", "INTPTLON10": "-096.9299661", "GISJOIN": "G4801130014703", "Shape_area": 759179.804925, "Shape_len": 3486.2934356, "YEAR": 2010, "REGIONA": 3, "DIVISIONA": 7, "STATE": "Texas", "STATEA": 48, "COUNTY": "Dallas County", "COUNTYA": 113, "COUSUBA": NaN, "PLACEA": NaN, "TRACTA": 14703, "BLKGRPA": NaN, "BLOCKA": NaN, "CONCITA": NaN, "AIANHHA": NaN, "RES_ONLYA": NaN, "TRUSTA": NaN, "AITSCEA": NaN, "TTRACTA": NaN, "TBLKGRPA": NaN, "ANRCA": NaN, "CBSAA": 19100, "METDIVA": 19124, "CSAA": 206, "NECTAA": NaN, "NECTADIVA": NaN, "CNECTAA": NaN, "UAA": NaN, "URBRURALA": NaN, "CDA": NaN, "SLDUA": NaN, "SLDLA": NaN, "ZCTA5A": NaN, "SUBMCDA": NaN, "SDELMA": NaN, "SDSECA": NaN, "SDUNIA": NaN, "NAME": "Census Tract 147.03", "SABINSA": NaN, "TOTPOP": 1929, "H7X001": 1929, "WHITE": 1080, "BLACK": 79, "AIAN": 19, "ASIAN": 35, "NHPI": 8, "H7X007": 646, "H7X008": 62, "H7Y001": 1929, "H7Y002": 476, "HISP": 1453, "C_X": -86561.50939714322, "C_Y": -523282.6259000014, "id": 15979}, {"boundary_node": false, "area": 669047.2495855126, "STATEFP10": "48", "COUNTYFP10": "113", "TRACTCE10": "014901", "GEOID10": "48113014901", "NAME10": "149.01", "NAMELSAD10": "Census Tract 149.01", "MTFCC10": "G5020", "FUNCSTAT10": "S", "ALAND10": 669048, "AWATER10": 0, "INTPTLAT10": "+32.8118209", "INTPTLON10": "-096.9549855", "GISJOIN": "G4801130014901", "Shape_area": 669047.249586, "Shape_len": 3293.87983696, "YEAR": 2010, "REGIONA": 3, "DIVISIONA": 7, "STATE": "Texas", "STATEA": 48, "COUNTY": "Dallas County", "COUNTYA": 113, "COUSUBA": NaN, "PLACEA": NaN, "TRACTA": 14901, "BLKGRPA": NaN, "BLOCKA": NaN, "CONCITA": NaN, "AIANHHA": NaN, "RES_ONLYA": NaN, "TRUSTA": NaN, "AITSCEA": NaN, "TTRACTA": NaN, "TBLKGRPA": NaN, "ANRCA": NaN, "CBSAA": 19100, "METDIVA": 19124, "CSAA": 206, "NECTAA": NaN, "NECTADIVA": NaN, "CNECTAA": NaN, "UAA": NaN, "URBRURALA": NaN, "CDA": NaN, "SLDUA": NaN, "SLDLA": NaN, "ZCTA5A": NaN, "SUBMCDA": NaN, "SDELMA": NaN, "SDSECA": NaN, "SDUNIA": NaN, "NAME": "Census Tract 149.01", "SABINSA": NaN, "TOTPOP": 1393, "H7X001": 1393, "WHITE": 710, "BLACK": 65, "AIAN": 48, "ASIAN": 38, "NHPI": 0, "H7X007": 475, "H7X008": 57, "H7Y001": 1393, "H7Y002": 320, "HISP": 1073, "C_X": -88894.8601997889, "C_Y": -524017.80405000085, "id": 15980}, {"boundary_node": false, "area": 1787311.6491886692, "STATEFP10": "48", "COUNTYFP10": "113", "TRACTCE10": "014902", "GEOID10": "48113014902", "NAME10": "149.02", "NAMELSAD10": "Census Tract 149.02", "MTFCC10": "G5020", "FUNCSTAT10": "S", "ALAND10": 1787313, "AWATER10": 0, "INTPTLAT10": "+32.8116036", "INTPTLON10": "-096.9359164", "GISJOIN": "G4801130014902", "Shape_area": 1787311.64919, "Shape_len": 6644.62760294, "YEAR": 2010, "REGIONA": 3, "DIVISIONA": 7, "STATE": "Texas", "STATEA": 48, "COUNTY": "Dallas County", "COUNTYA": 113, "COUSUBA": NaN, "PLACEA": NaN, "TRACTA": 14902, "BLKGRPA": NaN, "BLOCKA": NaN, "CONCITA": NaN, "AIANHHA": NaN, "RES_ONLYA": NaN, "TRUSTA": NaN, "AITSCEA": NaN, "TTRACTA": NaN, "TBLKGRPA": NaN, "ANRCA": NaN, "CBSAA": 19100, "METDIVA": 19124, "CSAA": 206, "NECTAA": NaN, "NECTADIVA": NaN, "CNECTAA": NaN, "UAA": NaN, "URBRURALA": NaN, "CDA": NaN, "SLDUA": NaN, "SLDLA": NaN, "ZCTA5A": NaN, "SUBMCDA": NaN, "SDELMA": NaN, "SDSECA": NaN, "SDUNIA": NaN, "NAME": "Census Tract 149.02", "SABINSA": NaN, "TOTPOP": 2416, "H7X001": 2416, "WHITE": 1304, "BLACK": 91, "AIAN": 35, "ASIAN": 71, "NHPI": 0, "H7X007": 773, "H7X008": 142, "H7Y001": 2416, "H7Y002": 705, "HISP": 1711, "C_X": -87114.52583105335, "C_Y": -524091.3391500007, "id": 15981}, {"boundary_node": true, "boundary_perim": 1872.8270723053647, "area": 9619238.569268642, "STATEFP10": "48", "COUNTYFP10": "113", "TRACTCE10": "014127", "GEOID10": "48113014127", "NAME10": "141.27", "NAMELSAD10": "Census Tract 141.27", "MTFCC10": "G5020", "FUNCSTAT10": "S", "ALAND10": 6481725, "AWATER10": 3137517, "INTPTLAT10": "+32.9326897", "INTPTLON10": "-096.9781163", "GISJOIN": "G4801130014127", "Shape_area": 9619238.56927, "Shape_len": 13453.7351946, "YEAR": 2010, "REGIONA": 3, "DIVISIONA": 7, "STATE": "Texas", "STATEA": 48, "COUNTY": "Dallas County", "COUNTYA": 113, "COUSUBA": NaN, "PLACEA": NaN, "TRACTA": 14127, "BLKGRPA": NaN, "BLOCKA": NaN, "CONCITA": NaN, "AIANHHA": NaN, "RES_ONLYA": NaN, "TRUSTA": NaN, "AITSCEA": NaN, "TTRACTA": NaN, "TBLKGRPA": NaN, "ANRCA": NaN, "CBSAA": 19100, "METDIVA": 19124, "CSAA": 206, "NECTAA": NaN, "NECTADIVA": NaN, "CNECTAA": NaN, "UAA": NaN, "URBRURALA": NaN, "CDA": NaN, "SLDUA": NaN, "SLDLA": NaN, "ZCTA5A": NaN, "SUBMCDA": NaN, "SDELMA": NaN, "SDSECA": NaN, "SDUNIA": NaN, "NAME": "Census Tract 141.27", "SABINSA": NaN, "TOTPOP": 8315, "H7X001": 8315, "WHITE": 2646, "BLACK": 898, "AIAN": 33, "ASIAN": 4318, "NHPI": 4, "H7X007": 192, "H7X008": 224, "H7Y001": 8315, "H7Y002": 7624, "HISP": 691, "C_X": -90525.39609657683, "C_Y": -509688.92549999955, "id": 16005}, {"boundary_node": true, "boundary_perim": 2940.2552139742693, "area": 13032413.468713963, "STATEFP10": "48", "COUNTYFP10": "113", "TRACTCE10": "020100", "GEOID10": "48113020100", "NAME10": "201", "NAMELSAD10": "Census Tract 201", "MTFCC10": "G5020", "FUNCSTAT10": "S", "ALAND10": 12855844, "AWATER10": 176574, "INTPTLAT10": "+32.8211903", "INTPTLON10": "-096.9125532", "GISJOIN": "G4801130020100", "Shape_area": 13032413.4687, "Shape_len": 19851.1237356, "YEAR": 2010, "REGIONA": 3, "DIVISIONA": 7, "STATE": "Texas", "STATEA": 48, "COUNTY": "Dallas County", "COUNTYA": 113, "COUSUBA": NaN, "PLACEA": NaN, "TRACTA": 20100, "BLKGRPA": NaN, "BLOCKA": NaN, "CONCITA": NaN, "AIANHHA": NaN, "RES_ONLYA": NaN, "TRUSTA": NaN, "AITSCEA": NaN, "TTRACTA": NaN, "TBLKGRPA": NaN, "ANRCA": NaN, "CBSAA": 19100, "METDIVA": 19124, "CSAA": 206, "NECTAA": NaN, "NECTADIVA": NaN, "CNECTAA": NaN, "UAA": NaN, "URBRURALA": NaN, "CDA": NaN, "SLDUA": NaN, "SLDLA": NaN, "ZCTA5A": NaN, "SUBMCDA": NaN, "SDELMA": NaN, "SDSECA": NaN, "SDUNIA": NaN, "NAME": "Census Tract 201", "SABINSA": NaN, "TOTPOP": 2318, "H7X001": 2318, "WHITE": 1613, "BLACK": 81, "AIAN": 32, "ASIAN": 64, "NHPI": 0, "H7X007": 439, "H7X008": 89, "H7Y001": 2318, "H7Y002": 885, "HISP": 1433, "C_X": -84917.39248627808, "C_Y": -523274.4133499997, "id": 16010}, {"boundary_node": true, "boundary_perim": 783.696460281677, "area": 8305885.3874134235, "STATEFP10": "48", "COUNTYFP10": "113", "TRACTCE10": "015000", "GEOID10": "48113015000", "NAME10": "150", "NAMELSAD10": "Census Tract 150", "MTFCC10": "G5020", "FUNCSTAT10": "S", "ALAND10": 8302653, "AWATER10": 3227, "INTPTLAT10": "+32.7992264", "INTPTLON10": "-096.9278620", "GISJOIN": "G4801130015000", "Shape_area": 8305885.38741, "Shape_len": 18212.2204127, "YEAR": 2010, "REGIONA": 3, "DIVISIONA": 7, "STATE": "Texas", "STATEA": 48, "COUNTY": "Dallas County", "COUNTYA": 113, "COUSUBA": NaN, "PLACEA": NaN, "TRACTA": 15000, "BLKGRPA": NaN, "BLOCKA": NaN, "CONCITA": NaN, "AIANHHA": NaN, "RES_ONLYA": NaN, "TRUSTA": NaN, "AITSCEA": NaN, "TTRACTA": NaN, "TBLKGRPA": NaN, "ANRCA": NaN, "CBSAA": 19100, "METDIVA": 19124, "CSAA": 206, "NECTAA": NaN, "NECTADIVA": NaN, "CNECTAA": NaN, "UAA": NaN, "URBRURALA": NaN, "CDA": NaN, "SLDUA": NaN, "SLDLA": NaN, "ZCTA5A": NaN, "SUBMCDA": NaN, "SDELMA": NaN, "SDSECA": NaN, "SDUNIA": NaN, "NAME": "Census Tract 150", "SABINSA": NaN, "TOTPOP": 7996, "H7X001": 7996, "WHITE": 4843, "BLACK": 291, "AIAN": 90, "ASIAN": 382, "NHPI": 4, "H7X007": 2113, "H7X008": 273, "H7Y001": 7996, "H7Y002": 2655, "HISP": 5341, "C_X": -86332.85397016803, "C_Y": -526453.8930000003, "id": 16022}, {"boundary_node": false, "area": 3809241.2351326547, "STATEFP10": "48", "COUNTYFP10": "113", "TRACTCE10": "015100", "GEOID10": "48113015100", "NAME10": "151", "NAMELSAD10": "Census Tract 151", "MTFCC10": "G5020", "FUNCSTAT10": "S", "ALAND10": 3593284, "AWATER10": 215958, "INTPTLAT10": "+32.7957679", "INTPTLON10": "-096.9501420", "GISJOIN": "G4801130015100", "Shape_area": 3809241.23513, "Shape_len": 9671.56837358, "YEAR": 2010, "REGIONA": 3, "DIVISIONA": 7, "STATE": "Texas", "STATEA": 48, "COUNTY": "Dallas County", "COUNTYA": 113, "COUSUBA": NaN, "PLACEA": NaN, "TRACTA": 15100, "BLKGRPA": NaN, "BLOCKA": NaN, "CONCITA": NaN, "AIANHHA": NaN, "RES_ONLYA": NaN, "TRUSTA": NaN, "AITSCEA": NaN, "TTRACTA": NaN, "TBLKGRPA": NaN, "ANRCA": NaN, "CBSAA": 19100, "METDIVA": 19124, "CSAA": 206, "NECTAA": NaN, "NECTADIVA": NaN, "CNECTAA": NaN, "UAA": NaN, "URBRURALA": NaN, "CDA": NaN, "SLDUA": NaN, "SLDLA": NaN, "ZCTA5A": NaN, "SUBMCDA": NaN, "SDELMA": NaN, "SDSECA": NaN, "SDUNIA": NaN, "NAME": "Census Tract 151", "SABINSA": NaN, "TOTPOP": 6509, "H7X001": 6509, "WHITE": 3942, "BLACK": 365, "AIAN": 96, "ASIAN": 299, "NHPI": 1, "H7X007": 1542, "H7X008": 264, "H7Y001": 6509, "H7Y002": 2711, "HISP": 3798, "C_X": -88733.56775718083, "C_Y": -525652.1910500008, "id": 16023}, {"boundary_node": false, "area": 1338121.0822401652, "STATEFP10": "48", "COUNTYFP10": "113", "TRACTCE10": "015202", "GEOID10": "48113015202", "NAME10": "152.02", "NAMELSAD10": "Census Tract 152.02", "MTFCC10": "G5020", "FUNCSTAT10": "S", "ALAND10": 1338121, "AWATER10": 0, "INTPTLAT10": "+32.8205373", "INTPTLON10": "-096.9707223", "GISJOIN": "G4801130015202", "Shape_area": 1338121.08224, "Shape_len": 5246.23827261, "YEAR": 2010, "REGIONA": 3, "DIVISIONA": 7, "STATE": "Texas", "STATEA": 48, "COUNTY": "Dallas County", "COUNTYA": 113, "COUSUBA": NaN, "PLACEA": NaN, "TRACTA": 15202, "BLKGRPA": NaN, "BLOCKA": NaN, "CONCITA": NaN, "AIANHHA": NaN, "RES_ONLYA": NaN, "TRUSTA": NaN, "AITSCEA": NaN, "TTRACTA": NaN, "TBLKGRPA": NaN, "ANRCA": NaN, "CBSAA": 19100, "METDIVA": 19124, "CSAA": 206, "NECTAA": NaN, "NECTADIVA": NaN, "CNECTAA": NaN, "UAA": NaN, "URBRURALA": NaN, "CDA": NaN, "SLDUA": NaN, "SLDLA": NaN, "ZCTA5A": NaN, "SUBMCDA": NaN, "SDELMA": NaN, "SDSECA": NaN, "SDUNIA": NaN, "NAME": "Census Tract 152.02", "SABINSA": NaN, "TOTPOP": 3618, "H7X001": 3618, "WHITE": 2061, "BLACK": 128, "AIAN": 33, "ASIAN": 36, "NHPI": 3, "H7X007": 1251, "H7X008": 106, "H7Y001": 3618, "H7Y002": 943, "HISP": 2675, "C_X": -90411.62907967699, "C_Y": -522897.45330000087, "id": 16024}, {"boundary_node": false, "area": 3284882.5917416112, "STATEFP10": "48", "COUNTYFP10": "113", "TRACTCE10": "015204", "GEOID10": "48113015204", "NAME10": "152.04", "NAMELSAD10": "Census Tract 152.04", "MTFCC10": "G5020", "FUNCSTAT10": "S", "ALAND10": 2762652, "AWATER10": 522229, "INTPTLAT10": "+32.7916590", "INTPTLON10": "-096.9699893", "GISJOIN": "G4801130015204", "Shape_area": 3284882.59174, "Shape_len": 7147.50681382, "YEAR": 2010, "REGIONA": 3, "DIVISIONA": 7, "STATE": "Texas", "STATEA": 48, "COUNTY": "Dallas County", "COUNTYA": 113, "COUSUBA": NaN, "PLACEA": NaN, "TRACTA": 15204, "BLKGRPA": NaN, "BLOCKA": NaN, "CONCITA": NaN, "AIANHHA": NaN, "RES_ONLYA": NaN, "TRUSTA": NaN, "AITSCEA": NaN, "TTRACTA": NaN, "TBLKGRPA": NaN, "ANRCA": NaN, "CBSAA": 19100, "METDIVA": 19124, "CSAA": 206, "NECTAA": NaN, "NECTADIVA": NaN, "CNECTAA": NaN, "UAA": NaN, "URBRURALA": NaN, "CDA": NaN, "SLDUA": NaN, "SLDLA": NaN, "ZCTA5A": NaN, "SUBMCDA": NaN, "SDELMA": NaN, "SDSECA": NaN, "SDUNIA": NaN, "NAME": "Census Tract 152.04", "SABINSA": NaN, "TOTPOP": 7438, "H7X001": 7438, "WHITE": 4769, "BLACK": 374, "AIAN": 106, "ASIAN": 461, "NHPI": 13, "H7X007": 1464, "H7X008": 251, "H7Y001": 7438, "H7Y002": 3968, "HISP": 3470, "C_X": -90167.55890615282, "C_Y": -526140.8888000005, "id": 16025}, {"boundary_node": false, "area": 1042113.5673411202, "STATEFP10": "48", "COUNTYFP10": "113", "TRACTCE10": "015205", "GEOID10": "48113015205", "NAME10": "152.05", "NAMELSAD10": "Census Tract 152.05", "MTFCC10": "G5020", "FUNCSTAT10": "S", "ALAND10": 1042115, "AWATER10": 0, "INTPTLAT10": "+32.8123296", "INTPTLON10": "-096.9680192", "GISJOIN": "G4801130015205", "Shape_area": 1042113.56734, "Shape_len": 4516.80490425, "YEAR": 2010, "REGIONA": 3, "DIVISIONA": 7, "STATE": "Texas", "STATEA": 48, "COUNTY": "Dallas County", "COUNTYA": 113, "COUSUBA": NaN, "PLACEA": NaN, "TRACTA": 15205, "BLKGRPA": NaN, "BLOCKA": NaN, "CONCITA": NaN, "AIANHHA": NaN, "RES_ONLYA": NaN, "TRUSTA": NaN, "AITSCEA": NaN, "TTRACTA": NaN, "TBLKGRPA": NaN, "ANRCA": NaN, "CBSAA": 19100, "METDIVA": 19124, "CSAA": 206, "NECTAA": NaN, "NECTADIVA": NaN, "CNECTAA": NaN, "UAA": NaN, "URBRURALA": NaN, "CDA": NaN, "SLDUA": NaN, "SLDLA": NaN, "ZCTA5A": NaN, "SUBMCDA": NaN, "SDELMA": NaN, "SDSECA": NaN, "SDUNIA": NaN, "NAME": "Census Tract 152.05", "SABINSA": NaN, "TOTPOP": 4078, "H7X001": 4078, "WHITE": 2725, "BLACK": 274, "AIAN": 52, "ASIAN": 52, "NHPI": 2, "H7X007": 840, "H7X008": 133, "H7Y001": 4078, "H7Y002": 1233, "HISP": 2845, "C_X": -90132.75237264729, "C_Y": -524031.42554999876, "id": 16026}, {"boundary_node": false, "area": 1445146.5063482756, "STATEFP10": "48", "COUNTYFP10": "113", "TRACTCE10": "015206", "GEOID10": "48113015206", "NAME10": "152.06", "NAMELSAD10": "Census Tract 152.06", "MTFCC10": "G5020", "FUNCSTAT10": "S", "ALAND10": 1445145, "AWATER10": 0, "INTPTLAT10": "+32.8052234", "INTPTLON10": "-096.9685048", "GISJOIN": "G4801130015206", "Shape_area": 1445146.50635, "Shape_len": 5163.47010377, "YEAR": 2010, "REGIONA": 3, "DIVISIONA": 7, "STATE": "Texas", "STATEA": 48, "COUNTY": "Dallas County", "COUNTYA": 113, "COUSUBA": NaN, "PLACEA": NaN, "TRACTA": 15206, "BLKGRPA": NaN, "BLOCKA": NaN, "CONCITA": NaN, "AIANHHA": NaN, "RES_ONLYA": NaN, "TRUSTA": NaN, "AITSCEA": NaN, "TTRACTA": NaN, "TBLKGRPA": NaN, "ANRCA": NaN, "CBSAA": 19100, "METDIVA": 19124, "CSAA": 206, "NECTAA": NaN, "NECTADIVA": NaN, "CNECTAA": NaN, "UAA": NaN, "URBRURALA": NaN, "CDA": NaN, "SLDUA": NaN, "SLDLA": NaN, "ZCTA5A": NaN, "SUBMCDA": NaN, "SDELMA": NaN, "SDSECA": NaN, "SDUNIA": NaN, "NAME": "Census Tract 152.06", "SABINSA": NaN, "TOTPOP": 3938, "H7X001": 3938, "WHITE": 2871, "BLACK": 327, "AIAN": 34, "ASIAN": 102, "NHPI": 0, "H7X007": 510, "H7X008": 94, "H7Y001": 3938, "H7Y002": 2042, "HISP": 1896, "C_X": -90118.30363611248, "C_Y": -524789.2822000005, "id": 16027}, {"boundary_node": true, "boundary_perim": 308.21521196835965, "area": 5630507.540495419, "STATEFP10": "48", "COUNTYFP10": "113", "TRACTCE10": "015303", "GEOID10": "48113015303", "NAME10": "153.03", "NAMELSAD10": "Census Tract 153.03", "MTFCC10": "G5020", "FUNCSTAT10": "S", "ALAND10": 5625429, "AWATER10": 5082, "INTPTLAT10": "+32.8073330", "INTPTLON10": "-097.0252147", "GISJOIN": "G4801130015303", "Shape_area": 5630507.5405, "Shape_len": 12665.68302, "YEAR": 2010, "REGIONA": 3, "DIVISIONA": 7, "STATE": "Texas", "STATEA": 48, "COUNTY": "Dallas County", "COUNTYA": 113, "COUSUBA": NaN, "PLACEA": NaN, "TRACTA": 15303, "BLKGRPA": NaN, "BLOCKA": NaN, "CONCITA": NaN, "AIANHHA": NaN, "RES_ONLYA": NaN, "TRUSTA": NaN, "AITSCEA": NaN, "TTRACTA": NaN, "TBLKGRPA": NaN, "ANRCA": NaN, "CBSAA": 19100, "METDIVA": 19124, "CSAA": 206, "NECTAA": NaN, "NECTADIVA": NaN, "CNECTAA": NaN, "UAA": NaN, "URBRURALA": NaN, "CDA": NaN, "SLDUA": NaN, "SLDLA": NaN, "ZCTA5A": NaN, "SUBMCDA": NaN, "SDELMA": NaN, "SDSECA": NaN, "SDUNIA": NaN, "NAME": "Census Tract 153.03", "SABINSA": NaN, "TOTPOP": 2092, "H7X001": 2092, "WHITE": 1195, "BLACK": 180, "AIAN": 11, "ASIAN": 23, "NHPI": 5, "H7X007": 610, "H7X008": 68, "H7Y001": 2092, "H7Y002": 679, "HISP": 1413, "C_X": -95649.57076726141, "C_Y": -525032.3423999993, "id": 16028}, {"boundary_node": true, "boundary_perim": 9693.66540137946, "area": 17108686.406159226, "STATEFP10": "48", "COUNTYFP10": "113", "TRACTCE10": "015304", "GEOID10": "48113015304", "NAME10": "153.04", "NAMELSAD10": "Census Tract 153.04", "MTFCC10": "G5020", "FUNCSTAT10": "S", "ALAND10": 16926937, "AWATER10": 181740, "INTPTLAT10": "+32.7852499", "INTPTLON10": "-097.0060890", "GISJOIN": "G4801130015304", "Shape_area": 17108686.4062, "Shape_len": 25870.5227542, "YEAR": 2010, "REGIONA": 3, "DIVISIONA": 7, "STATE": "Texas", "STATEA": 48, "COUNTY": "Dallas County", "COUNTYA": 113, "COUSUBA": NaN, "PLACEA": NaN, "TRACTA": 15304, "BLKGRPA": NaN, "BLOCKA": NaN, "CONCITA": NaN, "AIANHHA": NaN, "RES_ONLYA": NaN, "TRUSTA": NaN, "AITSCEA": NaN, "TTRACTA": NaN, "TBLKGRPA": NaN, "ANRCA": NaN, "CBSAA": 19100, "METDIVA": 19124, "CSAA": 206, "NECTAA": NaN, "NECTADIVA": NaN, "CNECTAA": NaN, "UAA": NaN, "URBRURALA": NaN, "CDA": NaN, "SLDUA": NaN, "SLDLA": NaN, "ZCTA5A": NaN, "SUBMCDA": NaN, "SDELMA": NaN, "SDSECA": NaN, "SDUNIA": NaN, "NAME": "Census Tract 153.04", "SABINSA": NaN, "TOTPOP": 3461, "H7X001": 3461, "WHITE": 2246, "BLACK": 163, "AIAN": 34, "ASIAN": 205, "NHPI": 13, "H7X007": 709, "H7X008": 91, "H7Y001": 3461, "H7Y002": 1574, "HISP": 1887, "C_X": -94094.33371694846, "C_Y": -526666.9788999999, "id": 16029}, {"boundary_node": false, "area": 2035290.9167843931, "STATEFP10": "48", "COUNTYFP10": "113", "TRACTCE10": "015305", "GEOID10": "48113015305", "NAME10": "153.05", "NAMELSAD10": "Census Tract 153.05", "MTFCC10": "G5020", "FUNCSTAT10": "S", "ALAND10": 2035289, "AWATER10": 0, "INTPTLAT10": "+32.8100850", "INTPTLON10": "-096.9854862", "GISJOIN": "G4801130015305", "Shape_area": 2035290.91678, "Shape_len": 5883.87185111, "YEAR": 2010, "REGIONA": 3, "DIVISIONA": 7, "STATE": "Texas", "STATEA": 48, "COUNTY": "Dallas County", "COUNTYA": 113, "COUSUBA": NaN, "PLACEA": NaN, "TRACTA": 15305, "BLKGRPA": NaN, "BLOCKA": NaN, "CONCITA": NaN, "AIANHHA": NaN, "RES_ONLYA": NaN, "TRUSTA": NaN, "AITSCEA": NaN, "TTRACTA": NaN, "TBLKGRPA": NaN, "ANRCA": NaN, "CBSAA": 19100, "METDIVA": 19124, "CSAA": 206, "NECTAA": NaN, "NECTADIVA": NaN, "CNECTAA": NaN, "UAA": NaN, "URBRURALA": NaN, "CDA": NaN, "SLDUA": NaN, "SLDLA": NaN, "ZCTA5A": NaN, "SUBMCDA": NaN, "SDELMA": NaN, "SDSECA": NaN, "SDUNIA": NaN, "NAME": "Census Tract 153.05", "SABINSA": NaN, "TOTPOP": 4297, "H7X001": 4297, "WHITE": 2978, "BLACK": 400, "AIAN": 60, "ASIAN": 137, "NHPI": 0, "H7X007": 588, "H7X008": 134, "H7Y001": 4297, "H7Y002": 2171, "HISP": 2126, "C_X": -91723.47240579376, "C_Y": -524286.35464999976, "id": 16065}, {"boundary_node": false, "area": 4897471.909026709, "STATEFP10": "48", "COUNTYFP10": "113", "TRACTCE10": "015306", "GEOID10": "48113015306", "NAME10": "153.06", "NAMELSAD10": "Census Tract 153.06", "MTFCC10": "G5020", "FUNCSTAT10": "S", "ALAND10": 4883594, "AWATER10": 13882, "INTPTLAT10": "+32.7922220", "INTPTLON10": "-096.9869534", "GISJOIN": "G4801130015306", "Shape_area": 4897471.90903, "Shape_len": 9790.26555645, "YEAR": 2010, "REGIONA": 3, "DIVISIONA": 7, "STATE": "Texas", "STATEA": 48, "COUNTY": "Dallas County", "COUNTYA": 113, "COUSUBA": NaN, "PLACEA": NaN, "TRACTA": 15306, "BLKGRPA": NaN, "BLOCKA": NaN, "CONCITA": NaN, "AIANHHA": NaN, "RES_ONLYA": NaN, "TRUSTA": NaN, "AITSCEA": NaN, "TTRACTA": NaN, "TBLKGRPA": NaN, "ANRCA": NaN, "CBSAA": 19100, "METDIVA": 19124, "CSAA": 206, "NECTAA": NaN, "NECTADIVA": NaN, "CNECTAA": NaN, "UAA": NaN, "URBRURALA": NaN, "CDA": NaN, "SLDUA": NaN, "SLDLA": NaN, "ZCTA5A": NaN, "SUBMCDA": NaN, "SDELMA": NaN, "SDSECA": NaN, "SDUNIA": NaN, "NAME": "Census Tract 153.06", "SABINSA": NaN, "TOTPOP": 5020, "H7X001": 5020, "WHITE": 3000, "BLACK": 356, "AIAN": 60, "ASIAN": 792, "NHPI": 6, "H7X007": 592, "H7X008": 214, "H7Y001": 5020, "H7Y002": 3280, "HISP": 1740, "C_X": -91799.78849925773, "C_Y": -526292.6844499994, "id": 16066}, {"boundary_node": true, "boundary_perim": 13526.828456240146, "area": 13790317.471021362, "STATEFP10": "48", "COUNTYFP10": "113", "TRACTCE10": "015800", "GEOID10": "48113015800", "NAME10": "158", "NAMELSAD10": "Census Tract 158", "MTFCC10": "G5020", "FUNCSTAT10": "S", "ALAND10": 13165330, "AWATER10": 624983, "INTPTLAT10": "+32.7570443", "INTPTLON10": "-096.9434900", "GISJOIN": "G4801130015800", "Shape_area": 13790317.471, "Shape_len": 18548.9406794, "YEAR": 2010, "REGIONA": 3, "DIVISIONA": 7, "STATE": "Texas", "STATEA": 48, "COUNTY": "Dallas County", "COUNTYA": 113, "COUSUBA": NaN, "PLACEA": NaN, "TRACTA": 15800, "BLKGRPA": NaN, "BLOCKA": NaN, "CONCITA": NaN, "AIANHHA": NaN, "RES_ONLYA": NaN, "TRUSTA": NaN, "AITSCEA": NaN, "TTRACTA": NaN, "TBLKGRPA": NaN, "ANRCA": NaN, "CBSAA": 19100, "METDIVA": 19124, "CSAA": 206, "NECTAA": NaN, "NECTADIVA": NaN, "CNECTAA": NaN, "UAA": NaN, "URBRURALA": NaN, "CDA": NaN, "SLDUA": NaN, "SLDLA": NaN, "ZCTA5A": NaN, "SUBMCDA": NaN, "SDELMA": NaN, "SDSECA": NaN, "SDUNIA": NaN, "NAME": "Census Tract 158", "SABINSA": NaN, "TOTPOP": 2430, "H7X001": 2430, "WHITE": 1416, "BLACK": 53, "AIAN": 55, "ASIAN": 1, "NHPI": 0, "H7X007": 818, "H7X008": 87, "H7Y001": 2430, "H7Y002": 552, "HISP": 1878, "C_X": -87814.7807343133, "C_Y": -530128.0211499995, "id": 16104}, {"boundary_node": true, "boundary_perim": 9643.629933375818, "area": 24520723.25570209, "STATEFP10": "48", "COUNTYFP10": "113", "TRACTCE10": "009900", "GEOID10": "48113009900", "NAME10": "99", "NAMELSAD10": "Census Tract 99", "MTFCC10": "G5020", "FUNCSTAT10": "S", "ALAND10": 23371370, "AWATER10": 1149353, "INTPTLAT10": "+32.8785296", "INTPTLON10": "-096.9088795", "GISJOIN": "G4801130009900", "Shape_area": 24520723.2557, "Shape_len": 24646.3568788, "YEAR": 2010, "REGIONA": 3, "DIVISIONA": 7, "STATE": "Texas", "STATEA": 48, "COUNTY": "Dallas County", "COUNTYA": 113, "COUSUBA": NaN, "PLACEA": NaN, "TRACTA": 9900, "BLKGRPA": NaN, "BLOCKA": NaN, "CONCITA": NaN, "AIANHHA": NaN, "RES_ONLYA": NaN, "TRUSTA": NaN, "AITSCEA": NaN, "TTRACTA": NaN, "TBLKGRPA": NaN, "ANRCA": NaN, "CBSAA": 19100, "METDIVA": 19124, "CSAA": 206, "NECTAA": NaN, "NECTADIVA": NaN, "CNECTAA": NaN, "UAA": NaN, "URBRURALA": NaN, "CDA": NaN, "SLDUA": NaN, "SLDLA": NaN, "ZCTA5A": NaN, "SUBMCDA": NaN, "SDELMA": NaN, "SDSECA": NaN, "SDUNIA": NaN, "NAME": "Census Tract 99", "SABINSA": NaN, "TOTPOP": 2537, "H7X001": 2537, "WHITE": 1257, "BLACK": 340, "AIAN": 17, "ASIAN": 359, "NHPI": 2, "H7X007": 468, "H7X008": 94, "H7Y001": 2537, "H7Y002": 1382, "HISP": 1155, "C_X": -84282.208470671, "C_Y": -516608.0568999995, "id": 16181}, {"boundary_node": true, "boundary_perim": 24702.204717144778, "area": 31866516.1191253, "STATEFP10": "48", "COUNTYFP10": "113", "TRACTCE10": "010000", "GEOID10": "48113010000", "NAME10": "100", "NAMELSAD10": "Census Tract 100", "MTFCC10": "G5020", "FUNCSTAT10": "S", "ALAND10": 31402707, "AWATER10": 463801, "INTPTLAT10": "+32.8114382", "INTPTLON10": "-096.8619615", "GISJOIN": "G4801130010000", "Shape_area": 31866516.1191, "Shape_len": 33214.7731383, "YEAR": 2010, "REGIONA": 3, "DIVISIONA": 7, "STATE": "Texas", "STATEA": 48, "COUNTY": "Dallas County", "COUNTYA": 113, "COUSUBA": NaN, "PLACEA": NaN, "TRACTA": 10000, "BLKGRPA": NaN, "BLOCKA": NaN, "CONCITA": NaN, "AIANHHA": NaN, "RES_ONLYA": NaN, "TRUSTA": NaN, "AITSCEA": NaN, "TTRACTA": NaN, "TBLKGRPA": NaN, "ANRCA": NaN, "CBSAA": 19100, "METDIVA": 19124, "CSAA": 206, "NECTAA": NaN, "NECTADIVA": NaN, "CNECTAA": NaN, "UAA": NaN, "URBRURALA": NaN, "CDA": NaN, "SLDUA": NaN, "SLDLA": NaN, "ZCTA5A": NaN, "SUBMCDA": NaN, "SDELMA": NaN, "SDSECA": NaN, "SDUNIA": NaN, "NAME": "Census Tract 100", "SABINSA": NaN, "TOTPOP": 11780, "H7X001": 11780, "WHITE": 5634, "BLACK": 5619, "AIAN": 27, "ASIAN": 87, "NHPI": 2, "H7X007": 329, "H7X008": 82, "H7Y001": 11780, "H7Y002": 9367, "HISP": 2413, "C_X": -81067.32076434235, "C_Y": -524291.7288499996, "id": 16182}, {"boundary_node": false, "area": 903475.8545227917, "STATEFP10": "48", "COUNTYFP10": "113", "TRACTCE10": "014311", "GEOID10": "48113014311", "NAME10": "143.11", "NAMELSAD10": "Census Tract 143.11", "MTFCC10": "G5020", "FUNCSTAT10": "S", "ALAND10": 903477, "AWATER10": 0, "INTPTLAT10": "+32.8807244", "INTPTLON10": "-096.9689295", "GISJOIN": "G4801130014311", "Shape_area": 903475.854523, "Shape_len": 4222.37158159, "YEAR": 2010, "REGIONA": 3, "DIVISIONA": 7, "STATE": "Texas", "STATEA": 48, "COUNTY": "Dallas County", "COUNTYA": 113, "COUSUBA": NaN, "PLACEA": NaN, "TRACTA": 14311, "BLKGRPA": NaN, "BLOCKA": NaN, "CONCITA": NaN, "AIANHHA": NaN, "RES_ONLYA": NaN, "TRUSTA": NaN, "AITSCEA": NaN, "TTRACTA": NaN, "TBLKGRPA": NaN, "ANRCA": NaN, "CBSAA": 19100, "METDIVA": 19124, "CSAA": 206, "NECTAA": NaN, "NECTADIVA": NaN, "CNECTAA": NaN, "UAA": NaN, "URBRURALA": NaN, "CDA": NaN, "SLDUA": NaN, "SLDLA": NaN, "ZCTA5A": NaN, "SUBMCDA": NaN, "SDELMA": NaN, "SDSECA": NaN, "SDUNIA": NaN, "NAME": "Census Tract 143.11", "SABINSA": NaN, "TOTPOP": 5017, "H7X001": 5017, "WHITE": 615, "BLACK": 549, "AIAN": 40, "ASIAN": 3563, "NHPI": 1, "H7X007": 100, "H7X008": 149, "H7Y001": 5017, "H7Y002": 4775, "HISP": 242, "C_X": -90076.87576308113, "C_Y": -516448.58645000076, "id": 16202}, {"boundary_node": false, "area": 2479674.2716520773, "STATEFP10": "48", "COUNTYFP10": "113", "TRACTCE10": "014129", "GEOID10": "48113014129", "NAME10": "141.29", "NAMELSAD10": "Census Tract 141.29", "MTFCC10": "G5020", "FUNCSTAT10": "S", "ALAND10": 2474691, "AWATER10": 4984, "INTPTLAT10": "+32.9219216", "INTPTLON10": "-096.9676708", "GISJOIN": "G4801130014129", "Shape_area": 2479674.27165, "Shape_len": 9057.4097448, "YEAR": 2010, "REGIONA": 3, "DIVISIONA": 7, "STATE": "Texas", "STATEA": 48, "COUNTY": "Dallas County", "COUNTYA": 113, "COUSUBA": NaN, "PLACEA": NaN, "TRACTA": 14129, "BLKGRPA": NaN, "BLOCKA": NaN, "CONCITA": NaN, "AIANHHA": NaN, "RES_ONLYA": NaN, "TRUSTA": NaN, "AITSCEA": NaN, "TTRACTA": NaN, "TBLKGRPA": NaN, "ANRCA": NaN, "CBSAA": 19100, "METDIVA": 19124, "CSAA": 206, "NECTAA": NaN, "NECTADIVA": NaN, "CNECTAA": NaN, "UAA": NaN, "URBRURALA": NaN, "CDA": NaN, "SLDUA": NaN, "SLDLA": NaN, "ZCTA5A": NaN, "SUBMCDA": NaN, "SDELMA": NaN, "SDSECA": NaN, "SDUNIA": NaN, "NAME": "Census Tract 141.29", "SABINSA": NaN, "TOTPOP": 4561, "H7X001": 4561, "WHITE": 1401, "BLACK": 624, "AIAN": 20, "ASIAN": 2291, "NHPI": 2, "H7X007": 65, "H7X008": 158, "H7Y001": 4561, "H7Y002": 4236, "HISP": 325, "C_X": -90266.69137498154, "C_Y": -511785.54699999944, "id": 16203}, {"boundary_node": false, "area": 1130408.507719095, "STATEFP10": "48", "COUNTYFP10": "113", "TRACTCE10": "014128", "GEOID10": "48113014128", "NAME10": "141.28", "NAMELSAD10": "Census Tract 141.28", "MTFCC10": "G5020", "FUNCSTAT10": "S", "ALAND10": 1125077, "AWATER10": 5329, "INTPTLAT10": "+32.9342794", "INTPTLON10": "-096.9594948", "GISJOIN": "G4801130014128", "Shape_area": 1130408.50772, "Shape_len": 4388.07223219, "YEAR": 2010, "REGIONA": 3, "DIVISIONA": 7, "STATE": "Texas", "STATEA": 48, "COUNTY": "Dallas County", "COUNTYA": 113, "COUSUBA": NaN, "PLACEA": NaN, "TRACTA": 14128, "BLKGRPA": NaN, "BLOCKA": NaN, "CONCITA": NaN, "AIANHHA": NaN, "RES_ONLYA": NaN, "TRUSTA": NaN, "AITSCEA": NaN, "TTRACTA": NaN, "TBLKGRPA": NaN, "ANRCA": NaN, "CBSAA": 19100, "METDIVA": 19124, "CSAA": 206, "NECTAA": NaN, "NECTADIVA": NaN, "CNECTAA": NaN, "UAA": NaN, "URBRURALA": NaN, "CDA": NaN, "SLDUA": NaN, "SLDLA": NaN, "ZCTA5A": NaN, "SUBMCDA": NaN, "SDELMA": NaN, "SDSECA": NaN, "SDUNIA": NaN, "NAME": "Census Tract 141.28", "SABINSA": NaN, "TOTPOP": 3511, "H7X001": 3511, "WHITE": 1795, "BLACK": 349, "AIAN": 11, "ASIAN": 1125, "NHPI": 0, "H7X007": 114, "H7X008": 117, "H7Y001": 3511, "H7Y002": 3129, "HISP": 382, "C_X": -88936.23058009616, "C_Y": -510428.0731000011, "id": 16204}, {"boundary_node": false, "area": 2693397.727759553, "STATEFP10": "48", "COUNTYFP10": "113", "TRACTCE10": "014136", "GEOID10": "48113014136", "NAME10": "141.36", "NAMELSAD10": "Census Tract 141.36", "MTFCC10": "G5020", "FUNCSTAT10": "S", "ALAND10": 2693398, "AWATER10": 0, "INTPTLAT10": "+32.9010855", "INTPTLON10": "-096.9763565", "GISJOIN": "G4801130014136", "Shape_area": 2693397.72776, "Shape_len": 11102.0824779, "YEAR": 2010, "REGIONA": 3, "DIVISIONA": 7, "STATE": "Texas", "STATEA": 48, "COUNTY": "Dallas County", "COUNTYA": 113, "COUSUBA": NaN, "PLACEA": NaN, "TRACTA": 14136, "BLKGRPA": NaN, "BLOCKA": NaN, "CONCITA": NaN, "AIANHHA": NaN, "RES_ONLYA": NaN, "TRUSTA": NaN, "AITSCEA": NaN, "TTRACTA": NaN, "TBLKGRPA": NaN, "ANRCA": NaN, "CBSAA": 19100, "METDIVA": 19124, "CSAA": 206, "NECTAA": NaN, "NECTADIVA": NaN, "CNECTAA": NaN, "UAA": NaN, "URBRURALA": NaN, "CDA": NaN, "SLDUA": NaN, "SLDLA": NaN, "ZCTA5A": NaN, "SUBMCDA": NaN, "SDELMA": NaN, "SDSECA": NaN, "SDUNIA": NaN, "NAME": "Census Tract 141.36", "SABINSA": NaN, "TOTPOP": 5418, "H7X001": 5418, "WHITE": 2155, "BLACK": 1228, "AIAN": 32, "ASIAN": 1463, "NHPI": 9, "H7X007": 334, "H7X008": 197, "H7Y001": 5418, "H7Y002": 4430, "HISP": 988, "C_X": -90853.23348914392, "C_Y": -514063.36975000007, "id": 16205}, {"boundary_node": true, "boundary_perim": 23712.975262144755, "area": 45605161.85986941, "STATEFP10": "48", "COUNTYFP10": "439", "TRACTCE10": "980000", "GEOID10": "48439980000", "NAME10": "9800", "NAMELSAD10": "Census Tract 9800", "MTFCC10": "G5020", "FUNCSTAT10": "S", "ALAND10": 45394422, "AWATER10": 210738, "INTPTLAT10": "+32.8982228", "INTPTLON10": "-097.0528493", "GISJOIN": "G4804390980000", "Shape_area": 45605161.8599, "Shape_len": 39461.3961668, "YEAR": 2010, "REGIONA": 3, "DIVISIONA": 7, "STATE": "Texas", "STATEA": 48, "COUNTY": "Tarrant County", "COUNTYA": 439, "COUSUBA": NaN, "PLACEA": NaN, "TRACTA": 980000, "BLKGRPA": NaN, "BLOCKA": NaN, "CONCITA": NaN, "AIANHHA": NaN, "RES_ONLYA": NaN, "TRUSTA": NaN, "AITSCEA": NaN, "TTRACTA": NaN, "TBLKGRPA": NaN, "ANRCA": NaN, "CBSAA": 19100, "METDIVA": 23104, "CSAA": 206, "NECTAA": NaN, "NECTADIVA": NaN, "CNECTAA": NaN, "UAA": NaN, "URBRURALA": NaN, "CDA": NaN, "SLDUA": NaN, "SLDLA": NaN, "ZCTA5A": NaN, "SUBMCDA": NaN, "SDELMA": NaN, "SDSECA": NaN, "SDUNIA": NaN, "NAME": "Census Tract 9800", "SABINSA": NaN, "TOTPOP": 15, "H7X001": 15, "WHITE": 1, "BLACK": 0, "AIAN": 0, "ASIAN": 0, "NHPI": 0, "H7X007": 14, "H7X008": 0, "H7Y001": 15, "H7Y002": 1, "HISP": 14, "C_X": -98346.96920187541, "C_Y": -514562.3246000004, "id": 19054}, {"boundary_node": true, "boundary_perim": 8489.982950650112, "area": 7827344.597748002, "STATEFP10": "48", "COUNTYFP10": "439", "TRACTCE10": "106518", "GEOID10": "48439106518", "NAME10": "1065.18", "NAMELSAD10": "Census Tract 1065.18", "MTFCC10": "G5020", "FUNCSTAT10": "S", "ALAND10": 7827351, "AWATER10": 0, "INTPTLAT10": "+32.8230306", "INTPTLON10": "-097.0462657", "GISJOIN": "G4804390106518", "Shape_area": 7827344.59775, "Shape_len": 16472.5350237, "YEAR": 2010, "REGIONA": 3, "DIVISIONA": 7, "STATE": "Texas", "STATEA": 48, "COUNTY": "Tarrant County", "COUNTYA": 439, "COUSUBA": NaN, "PLACEA": NaN, "TRACTA": 106518, "BLKGRPA": NaN, "BLOCKA": NaN, "CONCITA": NaN, "AIANHHA": NaN, "RES_ONLYA": NaN, "TRUSTA": NaN, "AITSCEA": NaN, "TTRACTA": NaN, "TBLKGRPA": NaN, "ANRCA": NaN, "CBSAA": 19100, "METDIVA": 23104, "CSAA": 206, "NECTAA": NaN, "NECTADIVA": NaN, "CNECTAA": NaN, "UAA": NaN, "URBRURALA": NaN, "CDA": NaN, "SLDUA": NaN, "SLDLA": NaN, "ZCTA5A": NaN, "SUBMCDA": NaN, "SDELMA": NaN, "SDSECA": NaN, "SDUNIA": NaN, "NAME": "Census Tract 1065.18", "SABINSA": NaN, "TOTPOP": 3115, "H7X001": 3115, "WHITE": 1395, "BLACK": 1104, "AIAN": 20, "ASIAN": 274, "NHPI": 6, "H7X007": 220, "H7X008": 96, "H7Y001": 3115, "H7Y002": 2440, "HISP": 675, "C_X": -96925.02034106283, "C_Y": -523763.72299999965, "id": 19073}], "adjacency": [[{"shared_perim": 1244.9424580614261, "id": 15880}, {"shared_perim": 451.2761019188865, "id": 15878}, {"shared_perim": 1602.5617511305934, "id": 15877}, {"shared_perim": 1738.3522176691558, "id": 15847}, {"shared_perim": 6540.008861484092, "id": 15679}], [{"shared_perim": 6540.008861484092, "id": 15678}, {"shared_perim": 1090.688998651712, "id": 15942}, {"shared_perim": 2211.8258969600383, "id": 15880}, {"shared_perim": 11254.697532882505, "id": 15847}, {"shared_perim": 13153.95375989251, "id": 19054}, {"shared_perim": 2836.88286567613, "id": 15885}, {"shared_perim": 1987.5556089938084, "id": 15910}], [{"shared_perim": 1429.4406766667896, "id": 15868}, {"shared_perim": 1476.8760921482085, "id": 16204}, {"shared_perim": 1161.3445383364283, "id": 15683}], [{"shared_perim": 1161.3445383364283, "id": 15682}, {"shared_perim": 861.5408880560644, "id": 15868}, {"shared_perim": 1307.6177235412822, "id": 16005}, {"shared_perim": 2386.2889824428566, "id": 15883}], [{"shared_perim": 1763.165446220395, "id": 15870}, {"shared_perim": 814.552183092491, "id": 15768}, {"shared_perim": 4456.621856096256, "id": 15869}, {"shared_perim": 741.6692636070521, "id": 15847}, {"shared_perim": 1722.8124235193832, "id": 16205}, {"shared_perim": 1479.1760091245944, "id": 15885}], [{"shared_perim": 814.552183092491, "id": 15744}, {"shared_perim": 734.4521092449594, "id": 15913}, {"shared_perim": 1788.6372082828498, "id": 15915}, {"shared_perim": 1046.832286620093, "id": 15769}, {"shared_perim": 1274.0020197623076, "id": 15941}, {"shared_perim": 1768.4105617739745, "id": 15870}, {"shared_perim": 2055.7298201363046, "id": 16202}, {"shared_perim": 2114.1817782803896, "id": 15847}], [{"shared_perim": 1046.832286620093, "id": 15768}, {"shared_perim": 1702.1676078346957, "id": 15911}, {"shared_perim": 1472.5610141148213, "id": 15912}, {"shared_perim": 896.9415066539146, "id": 15915}, {"shared_perim": 2207.5077111685805, "id": 15870}], [{"shared_perim": 1738.3522176691558, "id": 15678}, {"shared_perim": 11254.697532882505, "id": 15679}, {"shared_perim": 741.6692636070521, "id": 15744}, {"shared_perim": 2114.1817782803896, "id": 15768}, {"shared_perim": 255.35473368081938, "id": 15940}, {"shared_perim": 1157.326294340964, "id": 15941}, {"shared_perim": 2166.6417614530787, "id": 16202}, {"shared_perim": 3290.9322226303234, "id": 16205}, {"shared_perim": 3086.184292611289, "id": 15885}], [{"shared_perim": 1429.4406766667896, "id": 15682}, {"shared_perim": 861.5408880560644, "id": 15683}, {"shared_perim": 79.85892795032957, "id": 16181}, {"shared_perim": 960.0334346285722, "id": 15869}, {"shared_perim": 1541.6328178864767, "id": 16203}, {"shared_perim": 1704.0194733897094, "id": 15885}, {"shared_perim": 979.9627855447278, "id": 15883}], [{"shared_perim": 4456.621856096256, "id": 15744}, {"shared_perim": 960.0334346285722, "id": 15868}, {"shared_perim": 169.37154313564707, "id": 15870}, {"shared_perim": 5219.911398233443, "id": 16181}, {"shared_perim": 407.64277077196687, "id": 15885}], [{"shared_perim": 1763.165446220395, "id": 15744}, {"shared_perim": 1768.4105617739745, "id": 15768}, {"shared_perim": 2207.5077111685805, "id": 15769}, {"shared_perim": 169.37154313564707, "id": 15869}, {"shared_perim": 518.2115916479337, "id": 15912}, {"shared_perim": 3520.827356923453, "id": 16181}], [{"shared_perim": 1602.5617511305934, "id": 15678}, {"shared_perim": 1069.144984670856, "id": 15879}, {"shared_perim": 973.9688578372112, "id": 15878}], [{"shared_perim": 451.2761019188865, "id": 15678}, {"shared_perim": 973.9688578372112, "id": 15877}, {"shared_perim": 403.84484571295934, "id": 15879}, {"shared_perim": 941.4232843282001, "id": 15940}], [{"shared_perim": 1069.144984670856, "id": 15877}, {"shared_perim": 403.84484571295934, "id": 15878}, {"shared_perim": 1484.245835174064, "id": 15945}, {"shared_perim": 1561.4899346458985, "id": 15914}, {"shared_perim": 2232.384977449416, "id": 15880}, {"shared_perim": 666.7901804863628, "id": 15940}], [{"shared_perim": 1244.9424580614261, "id": 15678}, {"shared_perim": 2211.8258969600383, "id": 15679}, {"shared_perim": 2232.384977449416, "id": 15879}, {"shared_perim": 1164.4524049200634, "id": 15942}], [{"shared_perim": 2076.6921317435917, "id": 16005}, {"shared_perim": 2302.6669174763797, "id": 15883}], [{"shared_perim": 2386.2889824428566, "id": 15683}, {"shared_perim": 979.9627855447278, "id": 15868}, {"shared_perim": 2302.6669174763797, "id": 15882}], [{"shared_perim": 2836.88286567613, "id": 15679}, {"shared_perim": 1479.1760091245944, "id": 15744}, {"shared_perim": 3086.184292611289, "id": 15847}, {"shared_perim": 1704.0194733897094, "id": 15868}, {"shared_perim": 407.64277077196687, "id": 15869}, {"shared_perim": 6088.337831711339, "id": 16205}, {"shared_perim": 3379.7770679848977, "id": 16203}, {"shared_perim": 3711.770992061305, "id": 15910}], [{"shared_perim": 1987.5556089938084, "id": 15679}, {"shared_perim": 3711.770992061305, "id": 15885}, {"shared_perim": 224.53744057278175, "id": 16203}, {"shared_perim": 2455.281243677276, "id": 16005}], [{"shared_perim": 1702.1676078346957, "id": 15769}, {"shared_perim": 348.7135696726722, "id": 15975}, {"shared_perim": 637.5942703098892, "id": 15974}, {"shared_perim": 1458.808566730208, "id": 15939}, {"shared_perim": 1704.0680636400975, "id": 15912}, {"shared_perim": 429.3878243012782, "id": 15915}], [{"shared_perim": 1472.5610141148213, "id": 15769}, {"shared_perim": 518.2115916479337, "id": 15870}, {"shared_perim": 1704.0680636400975, "id": 15911}, {"shared_perim": 2128.1605676213144, "id": 16010}, {"shared_perim": 971.1859451303062, "id": 15975}, {"shared_perim": 1435.8860689312512, "id": 15977}, {"shared_perim": 2418.4382539845165, "id": 16181}], [{"shared_perim": 734.4521092449594, "id": 15768}, {"shared_perim": 1612.8178433505486, "id": 15972}, {"shared_perim": 1052.1301057739277, "id": 15939}, {"shared_perim": 1531.0429291490311, "id": 15914}, {"shared_perim": 1855.0115083692922, "id": 15915}, {"shared_perim": 559.2609216357007, "id": 15941}], [{"shared_perim": 1561.4899346458985, "id": 15879}, {"shared_perim": 1531.0429291490311, "id": 15913}, {"shared_perim": 1594.9636674679425, "id": 15943}, {"shared_perim": 509.6645719740084, "id": 15940}, {"shared_perim": 957.6312613594705, "id": 15941}], [{"shared_perim": 1788.6372082828498, "id": 15768}, {"shared_perim": 896.9415066539146, "id": 15769}, {"shared_perim": 429.3878243012782, "id": 15911}, {"shared_perim": 1855.0115083692922, "id": 15913}, {"shared_perim": 1187.4459119865824, "id": 15939}], [{"shared_perim": 1458.808566730208, "id": 15911}, {"shared_perim": 1052.1301057739277, "id": 15913}, {"shared_perim": 1187.4459119865824, "id": 15915}, {"shared_perim": 731.341123117838, "id": 15974}], [{"shared_perim": 255.35473368081938, "id": 15847}, {"shared_perim": 941.4232843282001, "id": 15878}, {"shared_perim": 666.7901804863628, "id": 15879}, {"shared_perim": 509.6645719740084, "id": 15914}, {"shared_perim": 1910.2723531690608, "id": 15941}], [{"shared_perim": 1274.0020197623076, "id": 15768}, {"shared_perim": 1157.326294340964, "id": 15847}, {"shared_perim": 559.2609216357007, "id": 15913}, {"shared_perim": 957.6312613594705, "id": 15914}, {"shared_perim": 1910.2723531690608, "id": 15940}], [{"shared_perim": 1090.688998651712, "id": 15679}, {"shared_perim": 1164.4524049200634, "id": 15880}, {"shared_perim": 2431.814635591294, "id": 16028}, {"shared_perim": 2264.324548909747, "id": 19073}, {"shared_perim": 2028.611230953933, "id": 15971}, {"shared_perim": 443.75236394258025, "id": 15945}, {"shared_perim": 20.565187088210518, "id": 19054}], [{"shared_perim": 1594.9636674679425, "id": 15914}, {"shared_perim": 43.40646582469117, "id": 16024}, {"shared_perim": 3279.660343217103, "id": 15944}, {"shared_perim": 951.7987350833619, "id": 15945}, {"shared_perim": 958.4071027332305, "id": 15972}], [{"shared_perim": 3279.660343217103, "id": 15943}, {"shared_perim": 1623.6142077881777, "id": 16065}, {"shared_perim": 1406.2723998014478, "id": 16024}, {"shared_perim": 1420.7113726366501, "id": 15971}], [{"shared_perim": 1484.245835174064, "id": 15879}, {"shared_perim": 443.75236394258025, "id": 15942}, {"shared_perim": 951.7987350833619, "id": 15943}, {"shared_perim": 3263.3921324210146, "id": 15971}], [{"shared_perim": 2028.611230953933, "id": 15942}, {"shared_perim": 1420.7113726366501, "id": 15944}, {"shared_perim": 3263.3921324210146, "id": 15945}, {"shared_perim": 793.4044051244425, "id": 16029}, {"shared_perim": 518.073202025711, "id": 16028}], [{"shared_perim": 1612.8178433505486, "id": 15913}, {"shared_perim": 958.4071027332305, "id": 15943}, {"shared_perim": 1209.5503735453979, "id": 16024}, {"shared_perim": 1405.572308245158, "id": 15973}, {"shared_perim": 890.8019376844193, "id": 15974}], [{"shared_perim": 1405.572308245158, "id": 15972}, {"shared_perim": 917.5620755380753, "id": 15980}, {"shared_perim": 1035.1880544752014, "id": 16024}, {"shared_perim": 1665.1824444926503, "id": 15976}, {"shared_perim": 751.9366942955833, "id": 15974}], [{"shared_perim": 637.5942703098892, "id": 15911}, {"shared_perim": 731.341123117838, "id": 15939}, {"shared_perim": 890.8019376844193, "id": 15972}, {"shared_perim": 751.9366942955833, "id": 15973}, {"shared_perim": 654.6521022579607, "id": 15976}, {"shared_perim": 853.4868570597382, "id": 15975}], [{"shared_perim": 348.7135696726722, "id": 15911}, {"shared_perim": 971.1859451303062, "id": 15912}, {"shared_perim": 853.4868570597382, "id": 15974}, {"shared_perim": 752.6174057676536, "id": 15981}, {"shared_perim": 943.7462242237326, "id": 15979}, {"shared_perim": 1681.3811540800841, "id": 15976}, {"shared_perim": 842.6990537492328, "id": 15978}, {"shared_perim": 1323.446146182441, "id": 15977}], [{"shared_perim": 1665.1824444926503, "id": 15973}, {"shared_perim": 654.6521022579607, "id": 15974}, {"shared_perim": 1681.3811540800841, "id": 15975}, {"shared_perim": 698.9805962968782, "id": 15981}], [{"shared_perim": 1435.8860689312512, "id": 15912}, {"shared_perim": 1323.446146182441, "id": 15975}, {"shared_perim": 726.3869439734891, "id": 16010}, {"shared_perim": 1750.4408529049142, "id": 15978}], [{"shared_perim": 842.6990537492328, "id": 15975}, {"shared_perim": 1750.4408529049142, "id": 15977}, {"shared_perim": 356.1305191262012, "id": 15981}, {"shared_perim": 1731.5817572224485, "id": 15979}, {"shared_perim": 1879.0536686948442, "id": 16010}], [{"shared_perim": 943.7462242237326, "id": 15975}, {"shared_perim": 1731.5817572224485, "id": 15978}, {"shared_perim": 810.9654541565844, "id": 15981}], [{"shared_perim": 917.5620755380753, "id": 15973}, {"shared_perim": 935.5607312554258, "id": 16023}, {"shared_perim": 707.0314198488684, "id": 15981}, {"shared_perim": 733.72561031597, "id": 16026}], [{"shared_perim": 752.6174057676536, "id": 15975}, {"shared_perim": 698.9805962968782, "id": 15976}, {"shared_perim": 356.1305191262012, "id": 15978}, {"shared_perim": 810.9654541565844, "id": 15979}, {"shared_perim": 707.0314198488684, "id": 15980}, {"shared_perim": 2370.1229938222687, "id": 16022}, {"shared_perim": 277.98174574086016, "id": 16023}, {"shared_perim": 670.7974681770794, "id": 16010}], [{"shared_perim": 1307.6177235412822, "id": 15683}, {"shared_perim": 2076.6921317435917, "id": 15882}, {"shared_perim": 2455.281243677276, "id": 15910}, {"shared_perim": 3370.7916508442877, "id": 16203}, {"shared_perim": 2370.525372536742, "id": 16204}], [{"shared_perim": 2128.1605676213144, "id": 15912}, {"shared_perim": 726.3869439734891, "id": 15977}, {"shared_perim": 1879.0536686948442, "id": 15978}, {"shared_perim": 670.7974681770794, "id": 15981}, {"shared_perim": 2556.672846392929, "id": 16022}, {"shared_perim": 6849.337219827304, "id": 16182}, {"shared_perim": 2100.459806956492, "id": 16181}], [{"shared_perim": 2370.1229938222687, "id": 15981}, {"shared_perim": 2556.672846392929, "id": 16010}, {"shared_perim": 5022.112223172041, "id": 16104}, {"shared_perim": 1082.513498459751, "id": 16029}, {"shared_perim": 405.60430123656533, "id": 16025}, {"shared_perim": 5991.498089287728, "id": 16023}], [{"shared_perim": 935.5607312554258, "id": 15980}, {"shared_perim": 277.98174574086016, "id": 15981}, {"shared_perim": 5991.498089287728, "id": 16022}, {"shared_perim": 1619.2476868404408, "id": 16025}, {"shared_perim": 847.2801204516007, "id": 16027}], [{"shared_perim": 43.40646582469117, "id": 15943}, {"shared_perim": 1406.2723998014478, "id": 15944}, {"shared_perim": 1209.5503735453979, "id": 15972}, {"shared_perim": 1035.1880544752014, "id": 15973}, {"shared_perim": 1551.8209789629732, "id": 16026}], [{"shared_perim": 405.60430123656533, "id": 16022}, {"shared_perim": 1619.2476868404408, "id": 16023}, {"shared_perim": 1452.1399400209268, "id": 16029}, {"shared_perim": 1961.4209788805506, "id": 16066}, {"shared_perim": 1709.0939068447112, "id": 16027}], [{"shared_perim": 733.72561031597, "id": 15980}, {"shared_perim": 1551.8209789629732, "id": 16024}, {"shared_perim": 1570.9044824946732, "id": 16027}, {"shared_perim": 660.3538324805502, "id": 16065}], [{"shared_perim": 847.2801204516007, "id": 16023}, {"shared_perim": 1709.0939068447112, "id": 16025}, {"shared_perim": 1570.9044824946732, "id": 16026}, {"shared_perim": 541.360614980877, "id": 16066}, {"shared_perim": 494.83097899773213, "id": 16065}], [{"shared_perim": 2431.814635591294, "id": 15942}, {"shared_perim": 518.073202025711, "id": 15971}, {"shared_perim": 6263.254403901194, "id": 16029}, {"shared_perim": 3144.32556651204, "id": 19073}], [{"shared_perim": 793.4044051244425, "id": 15971}, {"shared_perim": 1082.513498459751, "id": 16022}, {"shared_perim": 1452.1399400209268, "id": 16025}, {"shared_perim": 6263.254403901194, "id": 16028}, {"shared_perim": 5383.978118026233, "id": 16066}, {"shared_perim": 1201.566987284654, "id": 16065}], [{"shared_perim": 1623.6142077881777, "id": 15944}, {"shared_perim": 660.3538324805502, "id": 16026}, {"shared_perim": 494.83097899773213, "id": 16027}, {"shared_perim": 1201.566987284654, "id": 16029}, {"shared_perim": 1903.5058445594434, "id": 16066}], [{"shared_perim": 1961.4209788805506, "id": 16025}, {"shared_perim": 541.360614980877, "id": 16027}, {"shared_perim": 5383.978118026233, "id": 16029}, {"shared_perim": 1903.5058445594434, "id": 16065}], [{"shared_perim": 5022.112223172041, "id": 16022}], [{"shared_perim": 79.85892795032957, "id": 15868}, {"shared_perim": 5219.911398233443, "id": 15869}, {"shared_perim": 3520.827356923453, "id": 15870}, {"shared_perim": 2418.4382539845165, "id": 15912}, {"shared_perim": 2100.459806956492, "id": 16010}, {"shared_perim": 1663.2312013690494, "id": 16182}], [{"shared_perim": 6849.337219827304, "id": 16010}, {"shared_perim": 1663.2312013690494, "id": 16181}], [{"shared_perim": 2055.7298201363046, "id": 15768}, {"shared_perim": 2166.6417614530787, "id": 15847}], [{"shared_perim": 1541.6328178864767, "id": 15868}, {"shared_perim": 3379.7770679848977, "id": 15885}, {"shared_perim": 224.53744057278175, "id": 15910}, {"shared_perim": 3370.7916508442877, "id": 16005}, {"shared_perim": 540.6707675097413, "id": 16204}], [{"shared_perim": 1476.8760921482085, "id": 15682}, {"shared_perim": 2370.525372536742, "id": 16005}, {"shared_perim": 540.6707675097413, "id": 16203}], [{"shared_perim": 1722.8124235193832, "id": 15744}, {"shared_perim": 3290.9322226303234, "id": 15847}, {"shared_perim": 6088.337831711339, "id": 15885}], [{"shared_perim": 13153.95375989251, "id": 15679}, {"shared_perim": 20.565187088210518, "id": 15942}, {"shared_perim": 2573.901957648305, "id": 19073}], [{"shared_perim": 2264.324548909747, "id": 15942}, {"shared_perim": 3144.32556651204, "id": 16028}, {"shared_perim": 2573.901957648305, "id": 19054}]]}