{"directed": false, "multigraph": false, "graph": [], "nodes": [{"boundary_node": true, "boundary_perim": 1927.8209854106972, "area": 4361292.361341751, "STATEFP10": "06", "COUNTYFP10": "059", "TRACTCE10": "062644", "GEOID10": "06059062644", "NAME10": "626.44", "NAMELSAD10": "Census Tract 626.44", "MTFCC10": "G5020", "FUNCSTAT10": "S", "ALAND10": 4268523, "AWATER10": 92772, "INTPTLAT10": "+33.6211740", "INTPTLON10": "-117.8557753", "GISJOIN": "G0600590062644", "Shape_area": 4361292.36134, "Shape_len": 10999.438883, "YEAR": 2010, "REGIONA": 4, "DIVISIONA": 9, "STATE": "California", "STATEA": 6, "COUNTY": "Orange County", "COUNTYA": 59, "COUSUBA": NaN, "PLACEA": NaN, "TRACTA": 62644, "BLKGRPA": NaN, "BLOCKA": NaN, "CONCITA": NaN, "AIANHHA": NaN, "RES_ONLYA": NaN, "TRUSTA": NaN, "AITSCEA": NaN, "TTRACTA": NaN, "TBLKGRPA": NaN, "ANRCA": NaN, "CBSAA": 31100, "METDIVA": 42044, "CSAA": 348, "NECTAA": NaN, "NECTADIVA": NaN, "CNECTAA": NaN, "UAA": NaN, "URBRURALA": NaN, "CDA": NaN, "SLDUA": NaN, "SLDLA": NaN, "ZCTA5A": NaN, "SUBMCDA": NaN, "SDELMA": NaN, "SDSECA": NaN, "SDUNIA": NaN, "NAME": "Census Tract 626.44", "SABINSA": NaN, "TOTPOP": 8249, "H7X001": 8249, "WHITE": 7152, "BLACK": 82, "AIAN": 11, "ASIAN": 639, "NHPI": 4, "H7X007": 101, "H7X008": 260, "H7Y001": 8249, "H7Y002": 7732, "HISP": 517, "C_X": -1995963.9433377585, "C_Y": -203194.3175999988, "id": 232}, {"boundary_node": true, "boundary_perim": 280.72757440498026, "area": 5755332.171276766, "STATEFP10": "06", "COUNTYFP10": "059", "TRACTCE10": "062645", "GEOID10": "06059062645", "NAME10": "626.45", "NAMELSAD10": "Census Tract 626.45", "MTFCC10": "G5020", "FUNCSTAT10": "S", "ALAND10": 5536302, "AWATER10": 219031, "INTPTLAT10": "+33.6147718", "INTPTLON10": "-117.8389550", "GISJOIN": "G0600590062645", "Shape_area": 5755332.17128, "Shape_len": 9912.56450482, "YEAR": 2010, "REGIONA": 4, "DIVISIONA": 9, "STATE": "California", "STATEA": 6, "COUNTY": "Orange County", "COUNTYA": 59, "COUSUBA": NaN, "PLACEA": NaN, "TRACTA": 62645, "BLKGRPA": NaN, "BLOCKA": NaN, "CONCITA": NaN, "AIANHHA": NaN, "RES_ONLYA": NaN, "TRUSTA": NaN, "AITSCEA": NaN, "TTRACTA": NaN, "TBLKGRPA": NaN, "ANRCA": NaN, "CBSAA": 31100, "METDIVA": 42044, "CSAA": 348, "NECTAA": NaN, "NECTADIVA": NaN, "CNECTAA": NaN, "UAA": NaN, "URBRURALA": NaN, "CDA": NaN, "SLDUA": NaN, "SLDLA": NaN, "ZCTA5A": NaN, "SUBMCDA": NaN, "SDELMA": NaN, "SDSECA": NaN, "SDUNIA": NaN, "NAME": "Census Tract 626.45", "SABINSA": NaN, "TOTPOP": 6084, "H7X001": 6084, "WHITE": 4905, "BLACK": 28, "AIAN": 9, "ASIAN": 849, "NHPI": 5, "H7X007": 43, "H7X008": 245, "H7Y001": 6084, "H7Y002": 5770, "HISP": 314, "C_X": -1994515.4749997978, "C_Y": -204351.19344999897, "id": 233}, {"boundary_node": true, "boundary_perim": 5557.579666130554, "area": 4430866.854085524, "STATEFP10": "06", "COUNTYFP10": "059", "TRACTCE10": "063007", "GEOID10": "06059063007", "NAME10": "630.07", "NAMELSAD10": "Census Tract 630.07", "MTFCC10": "G5020", "FUNCSTAT10": "S", "ALAND10": 4406523, "AWATER10": 24350, "INTPTLAT10": "+33.6333298", "INTPTLON10": "-117.8685560", "GISJOIN": "G0600590063007", "Shape_area": 4430866.85409, "Shape_len": 10513.0206475, "YEAR": 2010, "REGIONA": 4, "DIVISIONA": 9, "STATE": "California", "STATEA": 6, "COUNTY": "Orange County", "COUNTYA": 59, "COUSUBA": NaN, "PLACEA": NaN, "TRACTA": 63007, "BLKGRPA": NaN, "BLOCKA": NaN, "CONCITA": NaN, "AIANHHA": NaN, "RES_ONLYA": NaN, "TRUSTA": NaN, "AITSCEA": NaN, "TTRACTA": NaN, "TBLKGRPA": NaN, "ANRCA": NaN, "CBSAA": 31100, "METDIVA": 42044, "CSAA": 348, "NECTAA": NaN, "NECTADIVA": NaN, "CNECTAA": NaN, "UAA": NaN, "URBRURALA": NaN, "CDA": NaN, "SLDUA": NaN, "SLDLA": NaN, "ZCTA5A": NaN, "SUBMCDA": NaN, "SDELMA": NaN, "SDSECA": NaN, "SDUNIA": NaN, "NAME": "Census Tract 630.07", "SABINSA": NaN, "TOTPOP": 6958, "H7X001": 6958, "WHITE": 5915, "BLACK": 40, "AIAN": 17, "ASIAN": 679, "NHPI": 3, "H7X007": 103, "H7X008": 201, "H7Y001": 6958, "H7Y002": 6444, "HISP": 514, "C_X": -1996940.4034657925, "C_Y": -201888.89790000045, "id": 264}, {"boundary_node": true, "boundary_perim": 4184.326358468745, "area": 23635831.853758443, "STATEFP10": "06", "COUNTYFP10": "059", "TRACTCE10": "052404", "GEOID10": "06059052404", "NAME10": "524.04", "NAMELSAD10": "Census Tract 524.04", "MTFCC10": "G5020", "FUNCSTAT10": "S", "ALAND10": 23635827, "AWATER10": 0, "INTPTLAT10": "+33.6738701", "INTPTLON10": "-117.7191073", "GISJOIN": "G0600590052404", "Shape_area": 23635831.8538, "Shape_len": 22186.7672951, "YEAR": 2010, "REGIONA": 4, "DIVISIONA": 9, "STATE": "California", "STATEA": 6, "COUNTY": "Orange County", "COUNTYA": 59, "COUSUBA": NaN, "PLACEA": NaN, "TRACTA": 52404, "BLKGRPA": NaN, "BLOCKA": NaN, "CONCITA": NaN, "AIANHHA": NaN, "RES_ONLYA": NaN, "TRUSTA": NaN, "AITSCEA": NaN, "TTRACTA": NaN, "TBLKGRPA": NaN, "ANRCA": NaN, "CBSAA": 31100, "METDIVA": 42044, "CSAA": 348, "NECTAA": NaN, "NECTADIVA": NaN, "CNECTAA": NaN, "UAA": NaN, "URBRURALA": NaN, "CDA": NaN, "SLDUA": NaN, "SLDLA": NaN, "ZCTA5A": NaN, "SUBMCDA": NaN, "SDELMA": NaN, "SDSECA": NaN, "SDUNIA": NaN, "NAME": "Census Tract 524.04", "SABINSA": NaN, "TOTPOP": 549, "H7X001": 549, "WHITE": 484, "BLACK": 22, "AIAN": 1, "ASIAN": 35, "NHPI": 2, "H7X007": 4, "H7X008": 1, "H7Y001": 549, "H7Y002": 240, "HISP": 309, "C_X": -1982239.6417584757, "C_Y": -200611.09419999924, "id": 308}, {"boundary_node": false, "area": 6293222.247166467, "STATEFP10": "06", "COUNTYFP10": "059", "TRACTCE10": "052418", "GEOID10": "06059052418", "NAME10": "524.18", "NAMELSAD10": "Census Tract 524.18", "MTFCC10": "G5020", "FUNCSTAT10": "S", "ALAND10": 6293239, "AWATER10": 0, "INTPTLAT10": "+33.6919703", "INTPTLON10": "-117.7550030", "GISJOIN": "G0600590052418", "Shape_area": 6293222.24717, "Shape_len": 13000.9914771, "YEAR": 2010, "REGIONA": 4, "DIVISIONA": 9, "STATE": "California", "STATEA": 6, "COUNTY": "Orange County", "COUNTYA": 59, "COUSUBA": NaN, "PLACEA": NaN, "TRACTA": 52418, "BLKGRPA": NaN, "BLOCKA": NaN, "CONCITA": NaN, "AIANHHA": NaN, "RES_ONLYA": NaN, "TRUSTA": NaN, "AITSCEA": NaN, "TTRACTA": NaN, "TBLKGRPA": NaN, "ANRCA": NaN, "CBSAA": 31100, "METDIVA": 42044, "CSAA": 348, "NECTAA": NaN, "NECTADIVA": NaN, "CNECTAA": NaN, "UAA": NaN, "URBRURALA": NaN, "CDA": NaN, "SLDUA": NaN, "SLDLA": NaN, "ZCTA5A": NaN, "SUBMCDA": NaN, "SDELMA": NaN, "SDSECA": NaN, "SDUNIA": NaN, "NAME": "Census Tract 524.18", "SABINSA": NaN, "TOTPOP": 12096, "H7X001": 12096, "WHITE": 4989, "BLACK": 339, "AIAN": 19, "ASIAN": 5458, "NHPI": 19, "H7X007": 466, "H7X008": 806, "H7Y001": 12096, "H7Y002": 10718, "HISP": 1378, "C_X": -1985266.9826470786, "C_Y": -198542.6757499997, "id": 311}, {"boundary_node": true, "boundary_perim": 4675.708643649853, "area": 1751813.6676961426, "STATEFP10": "06", "COUNTYFP10": "059", "TRACTCE10": "052419", "GEOID10": "06059052419", "NAME10": "524.19", "NAMELSAD10": "Census Tract 524.19", "MTFCC10": "G5020", "FUNCSTAT10": "S", "ALAND10": 1751813, "AWATER10": 0, "INTPTLAT10": "+33.7636962", "INTPTLON10": "-117.7649096", "GISJOIN": "G0600590052419", "Shape_area": 1751813.6677, "Shape_len": 9301.37385191, "YEAR": 2010, "REGIONA": 4, "DIVISIONA": 9, "STATE": "California", "STATEA": 6, "COUNTY": "Orange County", "COUNTYA": 59, "COUSUBA": NaN, "PLACEA": NaN, "TRACTA": 52419, "BLKGRPA": NaN, "BLOCKA": NaN, "CONCITA": NaN, "AIANHHA": NaN, "RES_ONLYA": NaN, "TRUSTA": NaN, "AITSCEA": NaN, "TTRACTA": NaN, "TBLKGRPA": NaN, "ANRCA": NaN, "CBSAA": 31100, "METDIVA": 42044, "CSAA": 348, "NECTAA": NaN, "NECTADIVA": NaN, "CNECTAA": NaN, "UAA": NaN, "URBRURALA": NaN, "CDA": NaN, "SLDUA": NaN, "SLDLA": NaN, "ZCTA5A": NaN, "SUBMCDA": NaN, "SDELMA": NaN, "SDSECA": NaN, "SDUNIA": NaN, "NAME": "Census Tract 524.19", "SABINSA": NaN, "TOTPOP": 3456, "H7X001": 3456, "WHITE": 2022, "BLACK": 21, "AIAN": 6, "ASIAN": 1214, "NHPI": 4, "H7X007": 37, "H7X008": 152, "H7Y001": 3456, "H7Y002": 3202, "HISP": 254, "C_X": -1984255.7324171476, "C_Y": -189877.58159999945, "id": 328}, {"boundary_node": true, "boundary_perim": 8691.151473062277, "area": 32366394.420430183, "STATEFP10": "06", "COUNTYFP10": "059", "TRACTCE10": "052420", "GEOID10": "06059052420", "NAME10": "524.20", "NAMELSAD10": "Census Tract 524.20", "MTFCC10": "G5020", "FUNCSTAT10": "S", "ALAND10": 32223753, "AWATER10": 142637, "INTPTLAT10": "+33.7430213", "INTPTLON10": "-117.7352311", "GISJOIN": "G0600590052420", "Shape_area": 32366394.4204, "Shape_len": 29088.9581515, "YEAR": 2010, "REGIONA": 4, "DIVISIONA": 9, "STATE": "California", "STATEA": 6, "COUNTY": "Orange County", "COUNTYA": 59, "COUSUBA": NaN, "PLACEA": NaN, "TRACTA": 52420, "BLKGRPA": NaN, "BLOCKA": NaN, "CONCITA": NaN, "AIANHHA": NaN, "RES_ONLYA": NaN, "TRUSTA": NaN, "AITSCEA": NaN, "TTRACTA": NaN, "TBLKGRPA": NaN, "ANRCA": NaN, "CBSAA": 31100, "METDIVA": 42044, "CSAA": 348, "NECTAA": NaN, "NECTADIVA": NaN, "CNECTAA": NaN, "UAA": NaN, "URBRURALA": NaN, "CDA": NaN, "SLDUA": NaN, "SLDLA": NaN, "ZCTA5A": NaN, "SUBMCDA": NaN, "SDELMA": NaN, "SDSECA": NaN, "SDUNIA": NaN, "NAME": "Census Tract 524.20", "SABINSA": NaN, "TOTPOP": 21098, "H7X001": 21098, "WHITE": 8810, "BLACK": 294, "AIAN": 17, "ASIAN": 10485, "NHPI": 25, "H7X007": 377, "H7X008": 1090, "H7Y001": 21098, "H7Y002": 19419, "HISP": 1679, "C_X": -1982100.866052235, "C_Y": -191231.06154999975, "id": 329}, {"boundary_node": false, "area": 2503963.322071308, "STATEFP10": "06", "COUNTYFP10": "059", "TRACTCE10": "052421", "GEOID10": "06059052421", "NAME10": "524.21", "NAMELSAD10": "Census Tract 524.21", "MTFCC10": "G5020", "FUNCSTAT10": "S", "ALAND10": 2503962, "AWATER10": 0, "INTPTLAT10": "+33.7169413", "INTPTLON10": "-117.7543564", "GISJOIN": "G0600590052421", "Shape_area": 2503963.32207, "Shape_len": 7281.0804667, "YEAR": 2010, "REGIONA": 4, "DIVISIONA": 9, "STATE": "California", "STATEA": 6, "COUNTY": "Orange County", "COUNTYA": 59, "COUSUBA": NaN, "PLACEA": NaN, "TRACTA": 52421, "BLKGRPA": NaN, "BLOCKA": NaN, "CONCITA": NaN, "AIANHHA": NaN, "RES_ONLYA": NaN, "TRUSTA": NaN, "AITSCEA": NaN, "TTRACTA": NaN, "TBLKGRPA": NaN, "ANRCA": NaN, "CBSAA": 31100, "METDIVA": 42044, "CSAA": 348, "NECTAA": NaN, "NECTADIVA": NaN, "CNECTAA": NaN, "UAA": NaN, "URBRURALA": NaN, "CDA": NaN, "SLDUA": NaN, "SLDLA": NaN, "ZCTA5A": NaN, "SUBMCDA": NaN, "SDELMA": NaN, "SDSECA": NaN, "SDUNIA": NaN, "NAME": "Census Tract 524.21", "SABINSA": NaN, "TOTPOP": 5111, "H7X001": 5111, "WHITE": 3263, "BLACK": 68, "AIAN": 4, "ASIAN": 1464, "NHPI": 8, "H7X007": 92, "H7X008": 212, "H7Y001": 5111, "H7Y002": 4668, "HISP": 443, "C_X": -1984279.1396342316, "C_Y": -195317.29379999917, "id": 330}, {"boundary_node": false, "area": 1183520.7462653618, "STATEFP10": "06", "COUNTYFP10": "059", "TRACTCE10": "052505", "GEOID10": "06059052505", "NAME10": "525.05", "NAMELSAD10": "Census Tract 525.05", "MTFCC10": "G5020", "FUNCSTAT10": "S", "ALAND10": 1183521, "AWATER10": 0, "INTPTLAT10": "+33.6925617", "INTPTLON10": "-117.7753572", "GISJOIN": "G0600590052505", "Shape_area": 1183520.74627, "Shape_len": 4407.69776161, "YEAR": 2010, "REGIONA": 4, "DIVISIONA": 9, "STATE": "California", "STATEA": 6, "COUNTY": "Orange County", "COUNTYA": 59, "COUSUBA": NaN, "PLACEA": NaN, "TRACTA": 52505, "BLKGRPA": NaN, "BLOCKA": NaN, "CONCITA": NaN, "AIANHHA": NaN, "RES_ONLYA": NaN, "TRUSTA": NaN, "AITSCEA": NaN, "TTRACTA": NaN, "TBLKGRPA": NaN, "ANRCA": NaN, "CBSAA": 31100, "METDIVA": 42044, "CSAA": 348, "NECTAA": NaN, "NECTADIVA": NaN, "CNECTAA": NaN, "UAA": NaN, "URBRURALA": NaN, "CDA": NaN, "SLDUA": NaN, "SLDLA": NaN, "ZCTA5A": NaN, "SUBMCDA": NaN, "SDELMA": NaN, "SDSECA": NaN, "SDUNIA": NaN, "NAME": "Census Tract 525.05", "SABINSA": NaN, "TOTPOP": 4916, "H7X001": 4916, "WHITE": 2635, "BLACK": 105, "AIAN": 8, "ASIAN": 1753, "NHPI": 18, "H7X007": 178, "H7X008": 219, "H7Y001": 4916, "H7Y002": 4263, "HISP": 653, "C_X": -1987138.2713625934, "C_Y": -197487.49970000074, "id": 337}, {"boundary_node": false, "area": 940311.9961473501, "STATEFP10": "06", "COUNTYFP10": "059", "TRACTCE10": "052506", "GEOID10": "06059052506", "NAME10": "525.06", "NAMELSAD10": "Census Tract 525.06", "MTFCC10": "G5020", "FUNCSTAT10": "S", "ALAND10": 940311, "AWATER10": 0, "INTPTLAT10": "+33.6856826", "INTPTLON10": "-117.7807058", "GISJOIN": "G0600590052506", "Shape_area": 940311.996147, "Shape_len": 3934.13720087, "YEAR": 2010, "REGIONA": 4, "DIVISIONA": 9, "STATE": "California", "STATEA": 6, "COUNTY": "Orange County", "COUNTYA": 59, "COUSUBA": NaN, "PLACEA": NaN, "TRACTA": 52506, "BLKGRPA": NaN, "BLOCKA": NaN, "CONCITA": NaN, "AIANHHA": NaN, "RES_ONLYA": NaN, "TRUSTA": NaN, "AITSCEA": NaN, "TTRACTA": NaN, "TBLKGRPA": NaN, "ANRCA": NaN, "CBSAA": 31100, "METDIVA": 42044, "CSAA": 348, "NECTAA": NaN, "NECTADIVA": NaN, "CNECTAA": NaN, "UAA": NaN, "URBRURALA": NaN, "CDA": NaN, "SLDUA": NaN, "SLDLA": NaN, "ZCTA5A": NaN, "SUBMCDA": NaN, "SDELMA": NaN, "SDSECA": NaN, "SDUNIA": NaN, "NAME": "Census Tract 525.06", "SABINSA": NaN, "TOTPOP": 2490, "H7X001": 2490, "WHITE": 1689, "BLACK": 47, "AIAN": 1, "ASIAN": 585, "NHPI": 9, "H7X007": 68, "H7X008": 91, "H7Y001": 2490, "H7Y002": 2277, "HISP": 213, "C_X": -1987711.6008565607, "C_Y": -198127.65885000047, "id": 357}, {"boundary_node": false, "area": 1809438.429546313, "STATEFP10": "06", "COUNTYFP10": "059", "TRACTCE10": "052515", "GEOID10": "06059052515", "NAME10": "525.15", "NAMELSAD10": "Census Tract 525.15", "MTFCC10": "G5020", "FUNCSTAT10": "S", "ALAND10": 1809438, "AWATER10": 0, "INTPTLAT10": "+33.6916929", "INTPTLON10": "-117.8097464", "GISJOIN": "G0600590052515", "Shape_area": 1809438.42955, "Shape_len": 6611.40586317, "YEAR": 2010, "REGIONA": 4, "DIVISIONA": 9, "STATE": "California", "STATEA": 6, "COUNTY": "Orange County", "COUNTYA": 59, "COUSUBA": NaN, "PLACEA": NaN, "TRACTA": 52515, "BLKGRPA": NaN, "BLOCKA": NaN, "CONCITA": NaN, "AIANHHA": NaN, "RES_ONLYA": NaN, "TRUSTA": NaN, "AITSCEA": NaN, "TTRACTA": NaN, "TBLKGRPA": NaN, "ANRCA": NaN, "CBSAA": 31100, "METDIVA": 42044, "CSAA": 348, "NECTAA": NaN, "NECTADIVA": NaN, "CNECTAA": NaN, "UAA": NaN, "URBRURALA": NaN, "CDA": NaN, "SLDUA": NaN, "SLDLA": NaN, "ZCTA5A": NaN, "SUBMCDA": NaN, "SDELMA": NaN, "SDSECA": NaN, "SDUNIA": NaN, "NAME": "Census Tract 525.15", "SABINSA": NaN, "TOTPOP": 8833, "H7X001": 8833, "WHITE": 3361, "BLACK": 113, "AIAN": 15, "ASIAN": 4662, "NHPI": 13, "H7X007": 222, "H7X008": 447, "H7Y001": 8833, "H7Y002": 8056, "HISP": 777, "C_X": -1990135.5953109714, "C_Y": -196894.01054999884, "id": 358}, {"boundary_node": false, "area": 1350974.4117638415, "STATEFP10": "06", "COUNTYFP10": "059", "TRACTCE10": "052521", "GEOID10": "06059052521", "NAME10": "525.21", "NAMELSAD10": "Census Tract 525.21", "MTFCC10": "G5020", "FUNCSTAT10": "S", "ALAND10": 1342419, "AWATER10": 8555, "INTPTLAT10": "+33.6849393", "INTPTLON10": "-117.8221596", "GISJOIN": "G0600590052521", "Shape_area": 1350974.41176, "Shape_len": 6691.18414237, "YEAR": 2010, "REGIONA": 4, "DIVISIONA": 9, "STATE": "California", "STATEA": 6, "COUNTY": "Orange County", "COUNTYA": 59, "COUSUBA": NaN, "PLACEA": NaN, "TRACTA": 52521, "BLKGRPA": NaN, "BLOCKA": NaN, "CONCITA": NaN, "AIANHHA": NaN, "RES_ONLYA": NaN, "TRUSTA": NaN, "AITSCEA": NaN, "TTRACTA": NaN, "TBLKGRPA": NaN, "ANRCA": NaN, "CBSAA": 31100, "METDIVA": 42044, "CSAA": 348, "NECTAA": NaN, "NECTADIVA": NaN, "CNECTAA": NaN, "UAA": NaN, "URBRURALA": NaN, "CDA": NaN, "SLDUA": NaN, "SLDLA": NaN, "ZCTA5A": NaN, "SUBMCDA": NaN, "SDELMA": NaN, "SDSECA": NaN, "SDUNIA": NaN, "NAME": "Census Tract 525.21", "SABINSA": NaN, "TOTPOP": 5391, "H7X001": 5391, "WHITE": 2410, "BLACK": 206, "AIAN": 15, "ASIAN": 2043, "NHPI": 7, "H7X007": 246, "H7X008": 464, "H7Y001": 5391, "H7Y002": 4659, "HISP": 732, "C_X": -1991240.6536903847, "C_Y": -197324.58304999862, "id": 359}, {"boundary_node": true, "boundary_perim": 2011.3535673768247, "area": 2379875.2486919803, "STATEFP10": "06", "COUNTYFP10": "059", "TRACTCE10": "052524", "GEOID10": "06059052524", "NAME10": "525.24", "NAMELSAD10": "Census Tract 525.24", "MTFCC10": "G5020", "FUNCSTAT10": "S", "ALAND10": 2379872, "AWATER10": 0, "INTPTLAT10": "+33.7298139", "INTPTLON10": "-117.7970749", "GISJOIN": "G0600590052524", "Shape_area": 2379875.24869, "Shape_len": 6133.60514627, "YEAR": 2010, "REGIONA": 4, "DIVISIONA": 9, "STATE": "California", "STATEA": 6, "COUNTY": "Orange County", "COUNTYA": 59, "COUSUBA": NaN, "PLACEA": NaN, "TRACTA": 52524, "BLKGRPA": NaN, "BLOCKA": NaN, "CONCITA": NaN, "AIANHHA": NaN, "RES_ONLYA": NaN, "TRUSTA": NaN, "AITSCEA": NaN, "TTRACTA": NaN, "TBLKGRPA": NaN, "ANRCA": NaN, "CBSAA": 31100, "METDIVA": 42044, "CSAA": 348, "NECTAA": NaN, "NECTADIVA": NaN, "CNECTAA": NaN, "UAA": NaN, "URBRURALA": NaN, "CDA": NaN, "SLDUA": NaN, "SLDLA": NaN, "ZCTA5A": NaN, "SUBMCDA": NaN, "SDELMA": NaN, "SDSECA": NaN, "SDUNIA": NaN, "NAME": "Census Tract 525.24", "SABINSA": NaN, "TOTPOP": 7952, "H7X001": 7952, "WHITE": 4399, "BLACK": 196, "AIAN": 25, "ASIAN": 2129, "NHPI": 15, "H7X007": 627, "H7X008": 561, "H7Y001": 7952, "H7Y002": 6276, "HISP": 1676, "C_X": -1988096.5118806395, "C_Y": -193003.7282500004, "id": 360}, {"boundary_node": false, "area": 4516527.391922934, "STATEFP10": "06", "COUNTYFP10": "059", "TRACTCE10": "052525", "GEOID10": "06059052525", "NAME10": "525.25", "NAMELSAD10": "Census Tract 525.25", "MTFCC10": "G5020", "FUNCSTAT10": "S", "ALAND10": 4516529, "AWATER10": 0, "INTPTLAT10": "+33.7166338", "INTPTLON10": "-117.7783403", "GISJOIN": "G0600590052525", "Shape_area": 4516527.39192, "Shape_len": 9447.89658617, "YEAR": 2010, "REGIONA": 4, "DIVISIONA": 9, "STATE": "California", "STATEA": 6, "COUNTY": "Orange County", "COUNTYA": 59, "COUSUBA": NaN, "PLACEA": NaN, "TRACTA": 52525, "BLKGRPA": NaN, "BLOCKA": NaN, "CONCITA": NaN, "AIANHHA": NaN, "RES_ONLYA": NaN, "TRUSTA": NaN, "AITSCEA": NaN, "TTRACTA": NaN, "TBLKGRPA": NaN, "ANRCA": NaN, "CBSAA": 31100, "METDIVA": 42044, "CSAA": 348, "NECTAA": NaN, "NECTADIVA": NaN, "CNECTAA": NaN, "UAA": NaN, "URBRURALA": NaN, "CDA": NaN, "SLDUA": NaN, "SLDLA": NaN, "ZCTA5A": NaN, "SUBMCDA": NaN, "SDELMA": NaN, "SDSECA": NaN, "SDUNIA": NaN, "NAME": "Census Tract 525.25", "SABINSA": NaN, "TOTPOP": 15473, "H7X001": 15473, "WHITE": 6862, "BLACK": 295, "AIAN": 23, "ASIAN": 6875, "NHPI": 35, "H7X007": 446, "H7X008": 937, "H7Y001": 15473, "H7Y002": 14102, "HISP": 1371, "C_X": -1986580.6867625169, "C_Y": -194896.38224999933, "id": 361}, {"boundary_node": false, "area": 1653550.322972219, "STATEFP10": "06", "COUNTYFP10": "059", "TRACTCE10": "052526", "GEOID10": "06059052526", "NAME10": "525.26", "NAMELSAD10": "Census Tract 525.26", "MTFCC10": "G5020", "FUNCSTAT10": "S", "ALAND10": 1639893, "AWATER10": 13659, "INTPTLAT10": "+33.7011607", "INTPTLON10": "-117.7840842", "GISJOIN": "G0600590052526", "Shape_area": 1653550.32297, "Shape_len": 5333.92572141, "YEAR": 2010, "REGIONA": 4, "DIVISIONA": 9, "STATE": "California", "STATEA": 6, "COUNTY": "Orange County", "COUNTYA": 59, "COUSUBA": NaN, "PLACEA": NaN, "TRACTA": 52526, "BLKGRPA": NaN, "BLOCKA": NaN, "CONCITA": NaN, "AIANHHA": NaN, "RES_ONLYA": NaN, "TRUSTA": NaN, "AITSCEA": NaN, "TTRACTA": NaN, "TBLKGRPA": NaN, "ANRCA": NaN, "CBSAA": 31100, "METDIVA": 42044, "CSAA": 348, "NECTAA": NaN, "NECTADIVA": NaN, "CNECTAA": NaN, "UAA": NaN, "URBRURALA": NaN, "CDA": NaN, "SLDUA": NaN, "SLDLA": NaN, "ZCTA5A": NaN, "SUBMCDA": NaN, "SDELMA": NaN, "SDSECA": NaN, "SDUNIA": NaN, "NAME": "Census Tract 525.26", "SABINSA": NaN, "TOTPOP": 4355, "H7X001": 4355, "WHITE": 2229, "BLACK": 75, "AIAN": 11, "ASIAN": 1659, "NHPI": 4, "H7X007": 161, "H7X008": 216, "H7Y001": 4355, "H7Y002": 3766, "HISP": 589, "C_X": -1987664.197295707, "C_Y": -196448.44044999895, "id": 384}, {"boundary_node": false, "area": 1038318.8404124447, "STATEFP10": "06", "COUNTYFP10": "059", "TRACTCE10": "052528", "GEOID10": "06059052528", "NAME10": "525.28", "NAMELSAD10": "Census Tract 525.28", "MTFCC10": "G5020", "FUNCSTAT10": "S", "ALAND10": 1038320, "AWATER10": 0, "INTPTLAT10": "+33.6926896", "INTPTLON10": "-117.7907468", "GISJOIN": "G0600590052528", "Shape_area": 1038318.84041, "Shape_len": 4177.2456788, "YEAR": 2010, "REGIONA": 4, "DIVISIONA": 9, "STATE": "California", "STATEA": 6, "COUNTY": "Orange County", "COUNTYA": 59, "COUSUBA": NaN, "PLACEA": NaN, "TRACTA": 52528, "BLKGRPA": NaN, "BLOCKA": NaN, "CONCITA": NaN, "AIANHHA": NaN, "RES_ONLYA": NaN, "TRUSTA": NaN, "AITSCEA": NaN, "TTRACTA": NaN, "TBLKGRPA": NaN, "ANRCA": NaN, "CBSAA": 31100, "METDIVA": 42044, "CSAA": 348, "NECTAA": NaN, "NECTADIVA": NaN, "CNECTAA": NaN, "UAA": NaN, "URBRURALA": NaN, "CDA": NaN, "SLDUA": NaN, "SLDLA": NaN, "ZCTA5A": NaN, "SUBMCDA": NaN, "SDELMA": NaN, "SDSECA": NaN, "SDUNIA": NaN, "NAME": "Census Tract 525.28", "SABINSA": NaN, "TOTPOP": 3469, "H7X001": 3469, "WHITE": 1818, "BLACK": 62, "AIAN": 6, "ASIAN": 1354, "NHPI": 9, "H7X007": 64, "H7X008": 156, "H7Y001": 3469, "H7Y002": 3165, "HISP": 304, "C_X": -1988419.121367638, "C_Y": -197175.22484999965, "id": 385}, {"boundary_node": true, "boundary_perim": 3593.782943883016, "area": 5226392.737702166, "STATEFP10": "06", "COUNTYFP10": "059", "TRACTCE10": "052410", "GEOID10": "06059052410", "NAME10": "524.10", "NAMELSAD10": "Census Tract 524.10", "MTFCC10": "G5020", "FUNCSTAT10": "S", "ALAND10": 5158336, "AWATER10": 68055, "INTPTLAT10": "+33.6380921", "INTPTLON10": "-117.7183865", "GISJOIN": "G0600590052410", "Shape_area": 5226392.7377, "Shape_len": 11687.9014569, "YEAR": 2010, "REGIONA": 4, "DIVISIONA": 9, "STATE": "California", "STATEA": 6, "COUNTY": "Orange County", "COUNTYA": 59, "COUSUBA": NaN, "PLACEA": NaN, "TRACTA": 52410, "BLKGRPA": NaN, "BLOCKA": NaN, "CONCITA": NaN, "AIANHHA": NaN, "RES_ONLYA": NaN, "TRUSTA": NaN, "AITSCEA": NaN, "TTRACTA": NaN, "TBLKGRPA": NaN, "ANRCA": NaN, "CBSAA": 31100, "METDIVA": 42044, "CSAA": 348, "NECTAA": NaN, "NECTADIVA": NaN, "CNECTAA": NaN, "UAA": NaN, "URBRURALA": NaN, "CDA": NaN, "SLDUA": NaN, "SLDLA": NaN, "ZCTA5A": NaN, "SUBMCDA": NaN, "SDELMA": NaN, "SDSECA": NaN, "SDUNIA": NaN, "NAME": "Census Tract 524.10", "SABINSA": NaN, "TOTPOP": 5403, "H7X001": 5403, "WHITE": 3696, "BLACK": 85, "AIAN": 41, "ASIAN": 707, "NHPI": 19, "H7X007": 651, "H7X008": 204, "H7Y001": 5403, "H7Y002": 3829, "HISP": 1574, "C_X": -1983487.9209031966, "C_Y": -204290.75534999953, "id": 525}, {"boundary_node": true, "boundary_perim": 7800.4883081290045, "area": 19086820.584816344, "STATEFP10": "06", "COUNTYFP10": "059", "TRACTCE10": "075515", "GEOID10": "06059075515", "NAME10": "755.15", "NAMELSAD10": "Census Tract 755.15", "MTFCC10": "G5020", "FUNCSTAT10": "S", "ALAND10": 19036224, "AWATER10": 50601, "INTPTLAT10": "+33.7049422", "INTPTLON10": "-117.8352245", "GISJOIN": "G0600590075515", "Shape_area": 19086820.5848, "Shape_len": 21110.4167, "YEAR": 2010, "REGIONA": 4, "DIVISIONA": 9, "STATE": "California", "STATEA": 6, "COUNTY": "Orange County", "COUNTYA": 59, "COUSUBA": NaN, "PLACEA": NaN, "TRACTA": 75515, "BLKGRPA": NaN, "BLOCKA": NaN, "CONCITA": NaN, "AIANHHA": NaN, "RES_ONLYA": NaN, "TRUSTA": NaN, "AITSCEA": NaN, "TTRACTA": NaN, "TBLKGRPA": NaN, "ANRCA": NaN, "CBSAA": 31100, "METDIVA": 42044, "CSAA": 348, "NECTAA": NaN, "NECTADIVA": NaN, "CNECTAA": NaN, "UAA": NaN, "URBRURALA": NaN, "CDA": NaN, "SLDUA": NaN, "SLDLA": NaN, "ZCTA5A": NaN, "SUBMCDA": NaN, "SDELMA": NaN, "SDSECA": NaN, "SDUNIA": NaN, "NAME": "Census Tract 755.15", "SABINSA": NaN, "TOTPOP": 15295, "H7X001": 15295, "WHITE": 6305, "BLACK": 394, "AIAN": 90, "ASIAN": 4759, "NHPI": 70, "H7X007": 2935, "H7X008": 742, "H7Y001": 15295, "H7Y002": 9492, "HISP": 5803, "C_X": -1992033.8781543728, "C_Y": -195018.22270000004, "id": 551}, {"boundary_node": false, "area": 5206995.881891643, "STATEFP10": "06", "COUNTYFP10": "059", "TRACTCE10": "052517", "GEOID10": "06059052517", "NAME10": "525.17", "NAMELSAD10": "Census Tract 525.17", "MTFCC10": "G5020", "FUNCSTAT10": "S", "ALAND10": 5206989, "AWATER10": 0, "INTPTLAT10": "+33.6725059", "INTPTLON10": "-117.7750436", "GISJOIN": "G0600590052517", "Shape_area": 5206995.88189, "Shape_len": 10171.9655726, "YEAR": 2010, "REGIONA": 4, "DIVISIONA": 9, "STATE": "California", "STATEA": 6, "COUNTY": "Orange County", "COUNTYA": 59, "COUSUBA": NaN, "PLACEA": NaN, "TRACTA": 52517, "BLKGRPA": NaN, "BLOCKA": NaN, "CONCITA": NaN, "AIANHHA": NaN, "RES_ONLYA": NaN, "TRUSTA": NaN, "AITSCEA": NaN, "TTRACTA": NaN, "TBLKGRPA": NaN, "ANRCA": NaN, "CBSAA": 31100, "METDIVA": 42044, "CSAA": 348, "NECTAA": NaN, "NECTADIVA": NaN, "CNECTAA": NaN, "UAA": NaN, "URBRURALA": NaN, "CDA": NaN, "SLDUA": NaN, "SLDLA": NaN, "ZCTA5A": NaN, "SUBMCDA": NaN, "SDELMA": NaN, "SDSECA": NaN, "SDUNIA": NaN, "NAME": "Census Tract 525.17", "SABINSA": NaN, "TOTPOP": 10096, "H7X001": 10096, "WHITE": 4666, "BLACK": 165, "AIAN": 17, "ASIAN": 4448, "NHPI": 26, "H7X007": 220, "H7X008": 554, "H7Y001": 10096, "H7Y002": 9290, "HISP": 806, "C_X": -1987324.4808204873, "C_Y": -199595.16100000055, "id": 555}, {"boundary_node": false, "area": 5774206.086336823, "STATEFP10": "06", "COUNTYFP10": "059", "TRACTCE10": "052518", "GEOID10": "06059052518", "NAME10": "525.18", "NAMELSAD10": "Census Tract 525.18", "MTFCC10": "G5020", "FUNCSTAT10": "S", "ALAND10": 5774203, "AWATER10": 0, "INTPTLAT10": "+33.6593645", "INTPTLON10": "-117.7578575", "GISJOIN": "G0600590052518", "Shape_area": 5774206.08634, "Shape_len": 11397.7489634, "YEAR": 2010, "REGIONA": 4, "DIVISIONA": 9, "STATE": "California", "STATEA": 6, "COUNTY": "Orange County", "COUNTYA": 59, "COUSUBA": NaN, "PLACEA": NaN, "TRACTA": 52518, "BLKGRPA": NaN, "BLOCKA": NaN, "CONCITA": NaN, "AIANHHA": NaN, "RES_ONLYA": NaN, "TRUSTA": NaN, "AITSCEA": NaN, "TTRACTA": NaN, "TBLKGRPA": NaN, "ANRCA": NaN, "CBSAA": 31100, "METDIVA": 42044, "CSAA": 348, "NECTAA": NaN, "NECTADIVA": NaN, "CNECTAA": NaN, "UAA": NaN, "URBRURALA": NaN, "CDA": NaN, "SLDUA": NaN, "SLDLA": NaN, "ZCTA5A": NaN, "SUBMCDA": NaN, "SDELMA": NaN, "SDSECA": NaN, "SDUNIA": NaN, "NAME": "Census Tract 525.18", "SABINSA": NaN, "TOTPOP": 2688, "H7X001": 2688, "WHITE": 1776, "BLACK": 77, "AIAN": 7, "ASIAN": 569, "NHPI": 5, "H7X007": 84, "H7X008": 170, "H7Y001": 2688, "H7Y002": 2423, "HISP": 265, "C_X": -1986655.1357271792, "C_Y": -201509.73144999915, "id": 556}, {"boundary_node": false, "area": 1249402.5001738204, "STATEFP10": "06", "COUNTYFP10": "059", "TRACTCE10": "052520", "GEOID10": "06059052520", "NAME10": "525.20", "NAMELSAD10": "Census Tract 525.20", "MTFCC10": "G5020", "FUNCSTAT10": "S", "ALAND10": 1200130, "AWATER10": 49274, "INTPTLAT10": "+33.6742426", "INTPTLON10": "-117.8081717", "GISJOIN": "G0600590052520", "Shape_area": 1249402.50017, "Shape_len": 4694.69990304, "YEAR": 2010, "REGIONA": 4, "DIVISIONA": 9, "STATE": "California", "STATEA": 6, "COUNTY": "Orange County", "COUNTYA": 59, "COUSUBA": NaN, "PLACEA": NaN, "TRACTA": 52520, "BLKGRPA": NaN, "BLOCKA": NaN, "CONCITA": NaN, "AIANHHA": NaN, "RES_ONLYA": NaN, "TRUSTA": NaN, "AITSCEA": NaN, "TTRACTA": NaN, "TBLKGRPA": NaN, "ANRCA": NaN, "CBSAA": 31100, "METDIVA": 42044, "CSAA": 348, "NECTAA": NaN, "NECTADIVA": NaN, "CNECTAA": NaN, "UAA": NaN, "URBRURALA": NaN, "CDA": NaN, "SLDUA": NaN, "SLDLA": NaN, "ZCTA5A": NaN, "SUBMCDA": NaN, "SDELMA": NaN, "SDSECA": NaN, "SDUNIA": NaN, "NAME": "Census Tract 525.20", "SABINSA": NaN, "TOTPOP": 3460, "H7X001": 3460, "WHITE": 2281, "BLACK": 53, "AIAN": 2, "ASIAN": 877, "NHPI": 2, "H7X007": 79, "H7X008": 166, "H7Y001": 3460, "H7Y002": 3177, "HISP": 283, "C_X": -1990342.3504999294, "C_Y": -198844.0044999998, "id": 557}, {"boundary_node": true, "boundary_perim": 2502.9354784229936, "area": 2030590.448901344, "STATEFP10": "06", "COUNTYFP10": "059", "TRACTCE10": "075607", "GEOID10": "06059075607", "NAME10": "756.07", "NAMELSAD10": "Census Tract 756.07", "MTFCC10": "G5020", "FUNCSTAT10": "S", "ALAND10": 2030593, "AWATER10": 0, "INTPTLAT10": "+33.7399828", "INTPTLON10": "-117.7820948", "GISJOIN": "G0600590075607", "Shape_area": 2030590.4489, "Shape_len": 6556.58250041, "YEAR": 2010, "REGIONA": 4, "DIVISIONA": 9, "STATE": "California", "STATEA": 6, "COUNTY": "Orange County", "COUNTYA": 59, "COUSUBA": NaN, "PLACEA": NaN, "TRACTA": 75607, "BLKGRPA": NaN, "BLOCKA": NaN, "CONCITA": NaN, "AIANHHA": NaN, "RES_ONLYA": NaN, "TRUSTA": NaN, "AITSCEA": NaN, "TTRACTA": NaN, "TBLKGRPA": NaN, "ANRCA": NaN, "CBSAA": 31100, "METDIVA": 42044, "CSAA": 348, "NECTAA": NaN, "NECTADIVA": NaN, "CNECTAA": NaN, "UAA": NaN, "URBRURALA": NaN, "CDA": NaN, "SLDUA": NaN, "SLDLA": NaN, "ZCTA5A": NaN, "SUBMCDA": NaN, "SDELMA": NaN, "SDSECA": NaN, "SDUNIA": NaN, "NAME": "Census Tract 756.07", "SABINSA": NaN, "TOTPOP": 6065, "H7X001": 6065, "WHITE": 3663, "BLACK": 128, "AIAN": 14, "ASIAN": 1739, "NHPI": 12, "H7X007": 231, "H7X008": 278, "H7Y001": 6065, "H7Y002": 5353, "HISP": 712, "C_X": -1986637.79314221, "C_Y": -192330.28470000112, "id": 575}, {"boundary_node": false, "area": 925696.6976685785, "STATEFP10": "06", "COUNTYFP10": "059", "TRACTCE10": "052522", "GEOID10": "06059052522", "NAME10": "525.22", "NAMELSAD10": "Census Tract 525.22", "MTFCC10": "G5020", "FUNCSTAT10": "S", "ALAND10": 925695, "AWATER10": 0, "INTPTLAT10": "+33.6802504", "INTPTLON10": "-117.8217375", "GISJOIN": "G0600590052522", "Shape_area": 925696.697669, "Shape_len": 4607.03938528, "YEAR": 2010, "REGIONA": 4, "DIVISIONA": 9, "STATE": "California", "STATEA": 6, "COUNTY": "Orange County", "COUNTYA": 59, "COUSUBA": NaN, "PLACEA": NaN, "TRACTA": 52522, "BLKGRPA": NaN, "BLOCKA": NaN, "CONCITA": NaN, "AIANHHA": NaN, "RES_ONLYA": NaN, "TRUSTA": NaN, "AITSCEA": NaN, "TTRACTA": NaN, "TBLKGRPA": NaN, "ANRCA": NaN, "CBSAA": 31100, "METDIVA": 42044, "CSAA": 348, "NECTAA": NaN, "NECTADIVA": NaN, "CNECTAA": NaN, "UAA": NaN, "URBRURALA": NaN, "CDA": NaN, "SLDUA": NaN, "SLDLA": NaN, "ZCTA5A": NaN, "SUBMCDA": NaN, "SDELMA": NaN, "SDSECA": NaN, "SDUNIA": NaN, "NAME": "Census Tract 525.22", "SABINSA": NaN, "TOTPOP": 4123, "H7X001": 4123, "WHITE": 1758, "BLACK": 91, "AIAN": 5, "ASIAN": 1926, "NHPI": 9, "H7X007": 101, "H7X008": 233, "H7Y001": 4123, "H7Y002": 3786, "HISP": 337, "C_X": -1991534.489370925, "C_Y": -197889.1672499983, "id": 581}, {"boundary_node": false, "area": 1190859.3430936479, "STATEFP10": "06", "COUNTYFP10": "059", "TRACTCE10": "052523", "GEOID10": "06059052523", "NAME10": "525.23", "NAMELSAD10": "Census Tract 525.23", "MTFCC10": "G5020", "FUNCSTAT10": "S", "ALAND10": 1190194, "AWATER10": 665, "INTPTLAT10": "+33.6736209", "INTPTLON10": "-117.8238921", "GISJOIN": "G0600590052523", "Shape_area": 1190859.34309, "Shape_len": 4815.09253732, "YEAR": 2010, "REGIONA": 4, "DIVISIONA": 9, "STATE": "California", "STATEA": 6, "COUNTY": "Orange County", "COUNTYA": 59, "COUSUBA": NaN, "PLACEA": NaN, "TRACTA": 52523, "BLKGRPA": NaN, "BLOCKA": NaN, "CONCITA": NaN, "AIANHHA": NaN, "RES_ONLYA": NaN, "TRUSTA": NaN, "AITSCEA": NaN, "TTRACTA": NaN, "TBLKGRPA": NaN, "ANRCA": NaN, "CBSAA": 31100, "METDIVA": 42044, "CSAA": 348, "NECTAA": NaN, "NECTADIVA": NaN, "CNECTAA": NaN, "UAA": NaN, "URBRURALA": NaN, "CDA": NaN, "SLDUA": NaN, "SLDLA": NaN, "ZCTA5A": NaN, "SUBMCDA": NaN, "SDELMA": NaN, "SDSECA": NaN, "SDUNIA": NaN, "NAME": "Census Tract 525.23", "SABINSA": NaN, "TOTPOP": 4175, "H7X001": 4175, "WHITE": 1992, "BLACK": 56, "AIAN": 5, "ASIAN": 1743, "NHPI": 3, "H7X007": 133, "H7X008": 243, "H7Y001": 4175, "H7Y002": 3801, "HISP": 374, "C_X": -1992019.2956145017, "C_Y": -198367.85224999953, "id": 582}, {"boundary_node": true, "boundary_perim": 5294.866911543657, "area": 11888326.06380952, "STATEFP10": "06", "COUNTYFP10": "059", "TRACTCE10": "062610", "GEOID10": "06059062610", "NAME10": "626.10", "NAMELSAD10": "Census Tract 626.10", "MTFCC10": "G5020", "FUNCSTAT10": "S", "ALAND10": 11716818, "AWATER10": 171507, "INTPTLAT10": "+33.6691905", "INTPTLON10": "-117.8609131", "GISJOIN": "G0600590062610", "Shape_area": 11888326.0638, "Shape_len": 13682.4327199, "YEAR": 2010, "REGIONA": 4, "DIVISIONA": 9, "STATE": "California", "STATEA": 6, "COUNTY": "Orange County", "COUNTYA": 59, "COUSUBA": NaN, "PLACEA": NaN, "TRACTA": 62610, "BLKGRPA": NaN, "BLOCKA": NaN, "CONCITA": NaN, "AIANHHA": NaN, "RES_ONLYA": NaN, "TRUSTA": NaN, "AITSCEA": NaN, "TTRACTA": NaN, "TBLKGRPA": NaN, "ANRCA": NaN, "CBSAA": 31100, "METDIVA": 42044, "CSAA": 348, "NECTAA": NaN, "NECTADIVA": NaN, "CNECTAA": NaN, "UAA": NaN, "URBRURALA": NaN, "CDA": NaN, "SLDUA": NaN, "SLDLA": NaN, "ZCTA5A": NaN, "SUBMCDA": NaN, "SDELMA": NaN, "SDSECA": NaN, "SDUNIA": NaN, "NAME": "Census Tract 626.10", "SABINSA": NaN, "TOTPOP": 6393, "H7X001": 6393, "WHITE": 3838, "BLACK": 179, "AIAN": 11, "ASIAN": 1822, "NHPI": 6, "H7X007": 156, "H7X008": 381, "H7Y001": 6393, "H7Y002": 5793, "HISP": 600, "C_X": -1995151.378795068, "C_Y": -198183.90785000077, "id": 584}, {"boundary_node": false, "area": 2516212.2608260885, "STATEFP10": "06", "COUNTYFP10": "059", "TRACTCE10": "062612", "GEOID10": "06059062612", "NAME10": "626.12", "NAMELSAD10": "Census Tract 626.12", "MTFCC10": "G5020", "FUNCSTAT10": "S", "ALAND10": 2516210, "AWATER10": 0, "INTPTLAT10": "+33.6622148", "INTPTLON10": "-117.8143677", "GISJOIN": "G0600590062612", "Shape_area": 2516212.26083, "Shape_len": 7469.37345607, "YEAR": 2010, "REGIONA": 4, "DIVISIONA": 9, "STATE": "California", "STATEA": 6, "COUNTY": "Orange County", "COUNTYA": 59, "COUSUBA": NaN, "PLACEA": NaN, "TRACTA": 62612, "BLKGRPA": NaN, "BLOCKA": NaN, "CONCITA": NaN, "AIANHHA": NaN, "RES_ONLYA": NaN, "TRUSTA": NaN, "AITSCEA": NaN, "TTRACTA": NaN, "TBLKGRPA": NaN, "ANRCA": NaN, "CBSAA": 31100, "METDIVA": 42044, "CSAA": 348, "NECTAA": NaN, "NECTADIVA": NaN, "CNECTAA": NaN, "UAA": NaN, "URBRURALA": NaN, "CDA": NaN, "SLDUA": NaN, "SLDLA": NaN, "ZCTA5A": NaN, "SUBMCDA": NaN, "SDELMA": NaN, "SDSECA": NaN, "SDUNIA": NaN, "NAME": "Census Tract 626.12", "SABINSA": NaN, "TOTPOP": 8186, "H7X001": 8186, "WHITE": 4975, "BLACK": 96, "AIAN": 8, "ASIAN": 2483, "NHPI": 10, "H7X007": 180, "H7X008": 434, "H7Y001": 8186, "H7Y002": 7623, "HISP": 563, "C_X": -1991533.1341407448, "C_Y": -199872.03079999867, "id": 585}, {"boundary_node": false, "area": 6226856.423667643, "STATEFP10": "06", "COUNTYFP10": "059", "TRACTCE10": "062614", "GEOID10": "06059062614", "NAME10": "626.14", "NAMELSAD10": "Census Tract 626.14", "MTFCC10": "G5020", "FUNCSTAT10": "S", "ALAND10": 6226856, "AWATER10": 0, "INTPTLAT10": "+33.6425125", "INTPTLON10": "-117.8416879", "GISJOIN": "G0600590062614", "Shape_area": 6226856.42367, "Shape_len": 10558.7807592, "YEAR": 2010, "REGIONA": 4, "DIVISIONA": 9, "STATE": "California", "STATEA": 6, "COUNTY": "Orange County", "COUNTYA": 59, "COUSUBA": NaN, "PLACEA": NaN, "TRACTA": 62614, "BLKGRPA": NaN, "BLOCKA": NaN, "CONCITA": NaN, "AIANHHA": NaN, "RES_ONLYA": NaN, "TRUSTA": NaN, "AITSCEA": NaN, "TTRACTA": NaN, "TBLKGRPA": NaN, "ANRCA": NaN, "CBSAA": 31100, "METDIVA": 42044, "CSAA": 348, "NECTAA": NaN, "NECTADIVA": NaN, "CNECTAA": NaN, "UAA": NaN, "URBRURALA": NaN, "CDA": NaN, "SLDUA": NaN, "SLDLA": NaN, "ZCTA5A": NaN, "SUBMCDA": NaN, "SDELMA": NaN, "SDSECA": NaN, "SDUNIA": NaN, "NAME": "Census Tract 626.14", "SABINSA": NaN, "TOTPOP": 14044, "H7X001": 14044, "WHITE": 5969, "BLACK": 248, "AIAN": 31, "ASIAN": 6201, "NHPI": 13, "H7X007": 750, "H7X008": 832, "H7Y001": 14044, "H7Y002": 12325, "HISP": 1719, "C_X": -1994132.7934097964, "C_Y": -201460.499349999, "id": 586}, {"boundary_node": true, "boundary_perim": 6968.175221480775, "area": 10227988.16722935, "STATEFP10": "06", "COUNTYFP10": "059", "TRACTCE10": "062621", "GEOID10": "06059062621", "NAME10": "626.21", "NAMELSAD10": "Census Tract 626.21", "MTFCC10": "G5020", "FUNCSTAT10": "S", "ALAND10": 10136106, "AWATER10": 91888, "INTPTLAT10": "+33.6364023", "INTPTLON10": "-117.7518955", "GISJOIN": "G0600590062621", "Shape_area": 10227988.1672, "Shape_len": 18603.0786089, "YEAR": 2010, "REGIONA": 4, "DIVISIONA": 9, "STATE": "California", "STATEA": 6, "COUNTY": "Orange County", "COUNTYA": 59, "COUSUBA": NaN, "PLACEA": NaN, "TRACTA": 62621, "BLKGRPA": NaN, "BLOCKA": NaN, "CONCITA": NaN, "AIANHHA": NaN, "RES_ONLYA": NaN, "TRUSTA": NaN, "AITSCEA": NaN, "TTRACTA": NaN, "TBLKGRPA": NaN, "ANRCA": NaN, "CBSAA": 31100, "METDIVA": 42044, "CSAA": 348, "NECTAA": NaN, "NECTADIVA": NaN, "CNECTAA": NaN, "UAA": NaN, "URBRURALA": NaN, "CDA": NaN, "SLDUA": NaN, "SLDLA": NaN, "ZCTA5A": NaN, "SUBMCDA": NaN, "SDELMA": NaN, "SDSECA": NaN, "SDUNIA": NaN, "NAME": "Census Tract 626.21", "SABINSA": NaN, "TOTPOP": 4800, "H7X001": 4800, "WHITE": 3553, "BLACK": 79, "AIAN": 17, "ASIAN": 585, "NHPI": 11, "H7X007": 334, "H7X008": 221, "H7Y001": 4800, "H7Y002": 3871, "HISP": 929, "C_X": -1985481.606041623, "C_Y": -205314.04144999944, "id": 611}, {"boundary_node": false, "area": 473521.2352704416, "STATEFP10": "06", "COUNTYFP10": "059", "TRACTCE10": "062626", "GEOID10": "06059062626", "NAME10": "626.26", "NAMELSAD10": "Census Tract 626.26", "MTFCC10": "G5020", "FUNCSTAT10": "S", "ALAND10": 473519, "AWATER10": 0, "INTPTLAT10": "+33.6526070", "INTPTLON10": "-117.8396723", "GISJOIN": "G0600590062626", "Shape_area": 473521.23527, "Shape_len": 3215.72365821, "YEAR": 2010, "REGIONA": 4, "DIVISIONA": 9, "STATE": "California", "STATEA": 6, "COUNTY": "Orange County", "COUNTYA": 59, "COUSUBA": NaN, "PLACEA": NaN, "TRACTA": 62626, "BLKGRPA": NaN, "BLOCKA": NaN, "CONCITA": NaN, "AIANHHA": NaN, "RES_ONLYA": NaN, "TRUSTA": NaN, "AITSCEA": NaN, "TTRACTA": NaN, "TBLKGRPA": NaN, "ANRCA": NaN, "CBSAA": 31100, "METDIVA": 42044, "CSAA": 348, "NECTAA": NaN, "NECTADIVA": NaN, "CNECTAA": NaN, "UAA": NaN, "URBRURALA": NaN, "CDA": NaN, "SLDUA": NaN, "SLDLA": NaN, "ZCTA5A": NaN, "SUBMCDA": NaN, "SDELMA": NaN, "SDSECA": NaN, "SDUNIA": NaN, "NAME": "Census Tract 626.26", "SABINSA": NaN, "TOTPOP": 2773, "H7X001": 2773, "WHITE": 1067, "BLACK": 56, "AIAN": 1, "ASIAN": 1377, "NHPI": 6, "H7X007": 113, "H7X008": 153, "H7Y001": 2773, "H7Y002": 2507, "HISP": 266, "C_X": -1993852.2287564971, "C_Y": -200559.33200000064, "id": 614}, {"boundary_node": false, "area": 993628.1708607053, "STATEFP10": "06", "COUNTYFP10": "059", "TRACTCE10": "062627", "GEOID10": "06059062627", "NAME10": "626.27", "NAMELSAD10": "Census Tract 626.27", "MTFCC10": "G5020", "FUNCSTAT10": "S", "ALAND10": 956838, "AWATER10": 36787, "INTPTLAT10": "+33.6531552", "INTPTLON10": "-117.8336974", "GISJOIN": "G0600590062627", "Shape_area": 993628.170861, "Shape_len": 4221.77331713, "YEAR": 2010, "REGIONA": 4, "DIVISIONA": 9, "STATE": "California", "STATEA": 6, "COUNTY": "Orange County", "COUNTYA": 59, "COUSUBA": NaN, "PLACEA": NaN, "TRACTA": 62627, "BLKGRPA": NaN, "BLOCKA": NaN, "CONCITA": NaN, "AIANHHA": NaN, "RES_ONLYA": NaN, "TRUSTA": NaN, "AITSCEA": NaN, "TTRACTA": NaN, "TBLKGRPA": NaN, "ANRCA": NaN, "CBSAA": 31100, "METDIVA": 42044, "CSAA": 348, "NECTAA": NaN, "NECTADIVA": NaN, "CNECTAA": NaN, "UAA": NaN, "URBRURALA": NaN, "CDA": NaN, "SLDUA": NaN, "SLDLA": NaN, "ZCTA5A": NaN, "SUBMCDA": NaN, "SDELMA": NaN, "SDSECA": NaN, "SDUNIA": NaN, "NAME": "Census Tract 626.27", "SABINSA": NaN, "TOTPOP": 3308, "H7X001": 3308, "WHITE": 1633, "BLACK": 50, "AIAN": 5, "ASIAN": 1334, "NHPI": 2, "H7X007": 102, "H7X008": 182, "H7Y001": 3308, "H7Y002": 3037, "HISP": 271, "C_X": -1993147.508482159, "C_Y": -200564.96485000034, "id": 615}, {"boundary_node": false, "area": 1070706.1369285786, "STATEFP10": "06", "COUNTYFP10": "059", "TRACTCE10": "062629", "GEOID10": "06059062629", "NAME10": "626.29", "NAMELSAD10": "Census Tract 626.29", "MTFCC10": "G5020", "FUNCSTAT10": "S", "ALAND10": 1070704, "AWATER10": 0, "INTPTLAT10": "+33.6347820", "INTPTLON10": "-117.8209398", "GISJOIN": "G0600590062629", "Shape_area": 1070706.13693, "Shape_len": 8632.05444587, "YEAR": 2010, "REGIONA": 4, "DIVISIONA": 9, "STATE": "California", "STATEA": 6, "COUNTY": "Orange County", "COUNTYA": 59, "COUSUBA": NaN, "PLACEA": NaN, "TRACTA": 62629, "BLKGRPA": NaN, "BLOCKA": NaN, "CONCITA": NaN, "AIANHHA": NaN, "RES_ONLYA": NaN, "TRUSTA": NaN, "AITSCEA": NaN, "TTRACTA": NaN, "TBLKGRPA": NaN, "ANRCA": NaN, "CBSAA": 31100, "METDIVA": 42044, "CSAA": 348, "NECTAA": NaN, "NECTADIVA": NaN, "CNECTAA": NaN, "UAA": NaN, "URBRURALA": NaN, "CDA": NaN, "SLDUA": NaN, "SLDLA": NaN, "ZCTA5A": NaN, "SUBMCDA": NaN, "SDELMA": NaN, "SDSECA": NaN, "SDUNIA": NaN, "NAME": "Census Tract 626.29", "SABINSA": NaN, "TOTPOP": 2660, "H7X001": 2660, "WHITE": 1694, "BLACK": 12, "AIAN": 1, "ASIAN": 826, "NHPI": 0, "H7X007": 15, "H7X008": 112, "H7Y001": 2660, "H7Y002": 2558, "HISP": 102, "C_X": -1992602.929897235, "C_Y": -202363.8674499991, "id": 616}, {"boundary_node": false, "area": 4604564.276732232, "STATEFP10": "06", "COUNTYFP10": "059", "TRACTCE10": "062630", "GEOID10": "06059062630", "NAME10": "626.30", "NAMELSAD10": "Census Tract 626.30", "MTFCC10": "G5020", "FUNCSTAT10": "S", "ALAND10": 4549889, "AWATER10": 54671, "INTPTLAT10": "+33.6520157", "INTPTLON10": "-117.7890788", "GISJOIN": "G0600590062630", "Shape_area": 4604564.27673, "Shape_len": 10591.9666073, "YEAR": 2010, "REGIONA": 4, "DIVISIONA": 9, "STATE": "California", "STATEA": 6, "COUNTY": "Orange County", "COUNTYA": 59, "COUSUBA": NaN, "PLACEA": NaN, "TRACTA": 62630, "BLKGRPA": NaN, "BLOCKA": NaN, "CONCITA": NaN, "AIANHHA": NaN, "RES_ONLYA": NaN, "TRUSTA": NaN, "AITSCEA": NaN, "TTRACTA": NaN, "TBLKGRPA": NaN, "ANRCA": NaN, "CBSAA": 31100, "METDIVA": 42044, "CSAA": 348, "NECTAA": NaN, "NECTADIVA": NaN, "CNECTAA": NaN, "UAA": NaN, "URBRURALA": NaN, "CDA": NaN, "SLDUA": NaN, "SLDLA": NaN, "ZCTA5A": NaN, "SUBMCDA": NaN, "SDELMA": NaN, "SDSECA": NaN, "SDUNIA": NaN, "NAME": "Census Tract 626.30", "SABINSA": NaN, "TOTPOP": 1722, "H7X001": 1722, "WHITE": 1199, "BLACK": 2, "AIAN": 0, "ASIAN": 453, "NHPI": 1, "H7X007": 13, "H7X008": 54, "H7Y001": 1722, "H7Y002": 1655, "HISP": 67, "C_X": -1989708.527488221, "C_Y": -201941.91115000076, "id": 617}, {"boundary_node": true, "boundary_perim": 8127.653233821991, "area": 18821402.131570175, "STATEFP10": "06", "COUNTYFP10": "059", "TRACTCE10": "062643", "GEOID10": "06059062643", "NAME10": "626.43", "NAMELSAD10": "Census Tract 626.43", "MTFCC10": "G5020", "FUNCSTAT10": "S", "ALAND10": 18821403, "AWATER10": 1549909, "INTPTLAT10": "+33.5950883", "INTPTLON10": "-117.8290380", "GISJOIN": "G0600590062643", "Shape_area": 18821402.1316, "Shape_len": 26804.8569193, "YEAR": 2010, "REGIONA": 4, "DIVISIONA": 9, "STATE": "California", "STATEA": 6, "COUNTY": "Orange County", "COUNTYA": 59, "COUSUBA": NaN, "PLACEA": NaN, "TRACTA": 62643, "BLKGRPA": NaN, "BLOCKA": NaN, "CONCITA": NaN, "AIANHHA": NaN, "RES_ONLYA": NaN, "TRUSTA": NaN, "AITSCEA": NaN, "TTRACTA": NaN, "TBLKGRPA": NaN, "ANRCA": NaN, "CBSAA": 31100, "METDIVA": 42044, "CSAA": 348, "NECTAA": NaN, "NECTADIVA": NaN, "CNECTAA": NaN, "UAA": NaN, "URBRURALA": NaN, "CDA": NaN, "SLDUA": NaN, "SLDLA": NaN, "ZCTA5A": NaN, "SUBMCDA": NaN, "SDELMA": NaN, "SDSECA": NaN, "SDUNIA": NaN, "NAME": "Census Tract 626.43", "SABINSA": NaN, "TOTPOP": 7246, "H7X001": 7246, "WHITE": 5421, "BLACK": 38, "AIAN": 7, "ASIAN": 1359, "NHPI": 0, "H7X007": 89, "H7X008": 332, "H7Y001": 7246, "H7Y002": 6902, "HISP": 344, "C_X": -1994911.447112458, "C_Y": -207130.1763999993, "id": 8860}, {"boundary_node": true, "boundary_perim": 4013.5665490126175, "area": 3912498.928065996, "STATEFP10": "06", "COUNTYFP10": "059", "TRACTCE10": "052408", "GEOID10": "06059052408", "NAME10": "524.08", "NAMELSAD10": "Census Tract 524.08", "MTFCC10": "G5020", "FUNCSTAT10": "S", "ALAND10": 3781773, "AWATER10": 130729, "INTPTLAT10": "+33.6491520", "INTPTLON10": "-117.7046343", "GISJOIN": "G0600590052408", "Shape_area": 3912498.92807, "Shape_len": 9104.52093639, "YEAR": 2010, "REGIONA": 4, "DIVISIONA": 9, "STATE": "California", "STATEA": 6, "COUNTY": "Orange County", "COUNTYA": 59, "COUSUBA": NaN, "PLACEA": NaN, "TRACTA": 52408, "BLKGRPA": NaN, "BLOCKA": NaN, "CONCITA": NaN, "AIANHHA": NaN, "RES_ONLYA": NaN, "TRUSTA": NaN, "AITSCEA": NaN, "TTRACTA": NaN, "TBLKGRPA": NaN, "ANRCA": NaN, "CBSAA": 31100, "METDIVA": 42044, "CSAA": 348, "NECTAA": NaN, "NECTADIVA": NaN, "CNECTAA": NaN, "UAA": NaN, "URBRURALA": NaN, "CDA": NaN, "SLDUA": NaN, "SLDLA": NaN, "ZCTA5A": NaN, "SUBMCDA": NaN, "SDELMA": NaN, "SDSECA": NaN, "SDUNIA": NaN, "NAME": "Census Tract 524.08", "SABINSA": NaN, "TOTPOP": 6154, "H7X001": 6154, "WHITE": 4874, "BLACK": 126, "AIAN": 15, "ASIAN": 651, "NHPI": 10, "H7X007": 242, "H7X008": 236, "H7Y001": 6154, "H7Y002": 5399, "HISP": 755, "C_X": -1982122.423361178, "C_Y": -203457.27414999926, "id": 8886}, {"boundary_node": false, "area": 2113113.107567434, "STATEFP10": "06", "COUNTYFP10": "059", "TRACTCE10": "052417", "GEOID10": "06059052417", "NAME10": "524.17", "NAMELSAD10": "Census Tract 524.17", "MTFCC10": "G5020", "FUNCSTAT10": "S", "ALAND10": 2113119, "AWATER10": 0, "INTPTLAT10": "+33.7055501", "INTPTLON10": "-117.7621304", "GISJOIN": "G0600590052417", "Shape_area": 2113113.10757, "Shape_len": 5794.62536548, "YEAR": 2010, "REGIONA": 4, "DIVISIONA": 9, "STATE": "California", "STATEA": 6, "COUNTY": "Orange County", "COUNTYA": 59, "COUSUBA": NaN, "PLACEA": NaN, "TRACTA": 52417, "BLKGRPA": NaN, "BLOCKA": NaN, "CONCITA": NaN, "AIANHHA": NaN, "RES_ONLYA": NaN, "TRUSTA": NaN, "AITSCEA": NaN, "TTRACTA": NaN, "TBLKGRPA": NaN, "ANRCA": NaN, "CBSAA": 31100, "METDIVA": 42044, "CSAA": 348, "NECTAA": NaN, "NECTADIVA": NaN, "CNECTAA": NaN, "UAA": NaN, "URBRURALA": NaN, "CDA": NaN, "SLDUA": NaN, "SLDLA": NaN, "ZCTA5A": NaN, "SUBMCDA": NaN, "SDELMA": NaN, "SDSECA": NaN, "SDUNIA": NaN, "NAME": "Census Tract 524.17", "SABINSA": NaN, "TOTPOP": 6771, "H7X001": 6771, "WHITE": 3711, "BLACK": 71, "AIAN": 19, "ASIAN": 2508, "NHPI": 11, "H7X007": 118, "H7X008": 333, "H7Y001": 6771, "H7Y002": 6300, "HISP": 471, "C_X": -1985478.5649816478, "C_Y": -196404.41785000032, "id": 8887}, {"boundary_node": true, "boundary_perim": 15508.454273952058, "area": 48334227.76934272, "STATEFP10": "06", "COUNTYFP10": "059", "TRACTCE10": "052426", "GEOID10": "06059052426", "NAME10": "524.26", "NAMELSAD10": "Census Tract 524.26", "MTFCC10": "G5020", "FUNCSTAT10": "S", "ALAND10": 48183291, "AWATER10": 150936, "INTPTLAT10": "+33.7077389", "INTPTLON10": "-117.6863395", "GISJOIN": "G0600590052426", "Shape_area": 48334227.7693, "Shape_len": 33902.2027638, "YEAR": 2010, "REGIONA": 4, "DIVISIONA": 9, "STATE": "California", "STATEA": 6, "COUNTY": "Orange County", "COUNTYA": 59, "COUSUBA": NaN, "PLACEA": NaN, "TRACTA": 52426, "BLKGRPA": NaN, "BLOCKA": NaN, "CONCITA": NaN, "AIANHHA": NaN, "RES_ONLYA": NaN, "TRUSTA": NaN, "AITSCEA": NaN, "TTRACTA": NaN, "TBLKGRPA": NaN, "ANRCA": NaN, "CBSAA": 31100, "METDIVA": 42044, "CSAA": 348, "NECTAA": NaN, "NECTADIVA": NaN, "CNECTAA": NaN, "UAA": NaN, "URBRURALA": NaN, "CDA": NaN, "SLDUA": NaN, "SLDLA": NaN, "ZCTA5A": NaN, "SUBMCDA": NaN, "SDELMA": NaN, "SDSECA": NaN, "SDUNIA": NaN, "NAME": "Census Tract 524.26", "SABINSA": NaN, "TOTPOP": 7957, "H7X001": 7957, "WHITE": 5029, "BLACK": 124, "AIAN": 30, "ASIAN": 2106, "NHPI": 10, "H7X007": 242, "H7X008": 416, "H7Y001": 7957, "H7Y002": 7032, "HISP": 925, "C_X": -1979669.9154451955, "C_Y": -196456.3327000006, "id": 8894}, {"boundary_node": true, "boundary_perim": 1636.0120734069224, "area": 3046300.8456334947, "STATEFP10": "06", "COUNTYFP10": "059", "TRACTCE10": "052502", "GEOID10": "06059052502", "NAME10": "525.02", "NAMELSAD10": "Census Tract 525.02", "MTFCC10": "G5020", "FUNCSTAT10": "S", "ALAND10": 3046301, "AWATER10": 0, "INTPTLAT10": "+33.7195162", "INTPTLON10": "-117.8109989", "GISJOIN": "G0600590052502", "Shape_area": 3046300.84563, "Shape_len": 8373.71999902, "YEAR": 2010, "REGIONA": 4, "DIVISIONA": 9, "STATE": "California", "STATEA": 6, "COUNTY": "Orange County", "COUNTYA": 59, "COUSUBA": NaN, "PLACEA": NaN, "TRACTA": 52502, "BLKGRPA": NaN, "BLOCKA": NaN, "CONCITA": NaN, "AIANHHA": NaN, "RES_ONLYA": NaN, "TRUSTA": NaN, "AITSCEA": NaN, "TTRACTA": NaN, "TBLKGRPA": NaN, "ANRCA": NaN, "CBSAA": 31100, "METDIVA": 42044, "CSAA": 348, "NECTAA": NaN, "NECTADIVA": NaN, "CNECTAA": NaN, "UAA": NaN, "URBRURALA": NaN, "CDA": NaN, "SLDUA": NaN, "SLDLA": NaN, "ZCTA5A": NaN, "SUBMCDA": NaN, "SDELMA": NaN, "SDSECA": NaN, "SDUNIA": NaN, "NAME": "Census Tract 525.02", "SABINSA": NaN, "TOTPOP": 5913, "H7X001": 5913, "WHITE": 3846, "BLACK": 87, "AIAN": 31, "ASIAN": 1189, "NHPI": 13, "H7X007": 457, "H7X008": 290, "H7Y001": 5913, "H7Y002": 4489, "HISP": 1424, "C_X": -1989399.7494881314, "C_Y": -194046.0848999985, "id": 8895}, {"boundary_node": false, "area": 1886098.6966110724, "STATEFP10": "06", "COUNTYFP10": "059", "TRACTCE10": "052511", "GEOID10": "06059052511", "NAME10": "525.11", "NAMELSAD10": "Census Tract 525.11", "MTFCC10": "G5020", "FUNCSTAT10": "S", "ALAND10": 1841537, "AWATER10": 44567, "INTPTLAT10": "+33.6841150", "INTPTLON10": "-117.7984075", "GISJOIN": "G0600590052511", "Shape_area": 1886098.69661, "Shape_len": 6141.62030683, "YEAR": 2010, "REGIONA": 4, "DIVISIONA": 9, "STATE": "California", "STATEA": 6, "COUNTY": "Orange County", "COUNTYA": 59, "COUSUBA": NaN, "PLACEA": NaN, "TRACTA": 52511, "BLKGRPA": NaN, "BLOCKA": NaN, "CONCITA": NaN, "AIANHHA": NaN, "RES_ONLYA": NaN, "TRUSTA": NaN, "AITSCEA": NaN, "TTRACTA": NaN, "TBLKGRPA": NaN, "ANRCA": NaN, "CBSAA": 31100, "METDIVA": 42044, "CSAA": 348, "NECTAA": NaN, "NECTADIVA": NaN, "CNECTAA": NaN, "UAA": NaN, "URBRURALA": NaN, "CDA": NaN, "SLDUA": NaN, "SLDLA": NaN, "ZCTA5A": NaN, "SUBMCDA": NaN, "SDELMA": NaN, "SDSECA": NaN, "SDUNIA": NaN, "NAME": "Census Tract 525.11", "SABINSA": NaN, "TOTPOP": 5672, "H7X001": 5672, "WHITE": 3836, "BLACK": 60, "AIAN": 5, "ASIAN": 1401, "NHPI": 9, "H7X007": 98, "H7X008": 263, "H7Y001": 5672, "H7Y002": 5289, "HISP": 383, "C_X": -1989401.7402213435, "C_Y": -197916.32650000043, "id": 8903}, {"boundary_node": false, "area": 3368225.6597455605, "STATEFP10": "06", "COUNTYFP10": "059", "TRACTCE10": "052527", "GEOID10": "06059052527", "NAME10": "525.27", "NAMELSAD10": "Census Tract 525.27", "MTFCC10": "G5020", "FUNCSTAT10": "S", "ALAND10": 3368224, "AWATER10": 0, "INTPTLAT10": "+33.7086300", "INTPTLON10": "-117.7951518", "GISJOIN": "G0600590052527", "Shape_area": 3368225.65975, "Shape_len": 8047.43782665, "YEAR": 2010, "REGIONA": 4, "DIVISIONA": 9, "STATE": "California", "STATEA": 6, "COUNTY": "Orange County", "COUNTYA": 59, "COUSUBA": NaN, "PLACEA": NaN, "TRACTA": 52527, "BLKGRPA": NaN, "BLOCKA": NaN, "CONCITA": NaN, "AIANHHA": NaN, "RES_ONLYA": NaN, "TRUSTA": NaN, "AITSCEA": NaN, "TTRACTA": NaN, "TBLKGRPA": NaN, "ANRCA": NaN, "CBSAA": 31100, "METDIVA": 42044, "CSAA": 348, "NECTAA": NaN, "NECTADIVA": NaN, "CNECTAA": NaN, "UAA": NaN, "URBRURALA": NaN, "CDA": NaN, "SLDUA": NaN, "SLDLA": NaN, "ZCTA5A": NaN, "SUBMCDA": NaN, "SDELMA": NaN, "SDSECA": NaN, "SDUNIA": NaN, "NAME": "Census Tract 525.27", "SABINSA": NaN, "TOTPOP": 8391, "H7X001": 8391, "WHITE": 3719, "BLACK": 174, "AIAN": 15, "ASIAN": 3724, "NHPI": 10, "H7X007": 270, "H7X008": 479, "H7Y001": 8391, "H7Y002": 7586, "HISP": 805, "C_X": -1988230.187935252, "C_Y": -195383.9448500001, "id": 8912}, {"boundary_node": false, "area": 1635071.2355664687, "STATEFP10": "06", "COUNTYFP10": "059", "TRACTCE10": "052513", "GEOID10": "06059052513", "NAME10": "525.13", "NAMELSAD10": "Census Tract 525.13", "MTFCC10": "G5020", "FUNCSTAT10": "S", "ALAND10": 1551766, "AWATER10": 83304, "INTPTLAT10": "+33.6786721", "INTPTLON10": "-117.7893092", "GISJOIN": "G0600590052513", "Shape_area": 1635071.23557, "Shape_len": 5368.17265356, "YEAR": 2010, "REGIONA": 4, "DIVISIONA": 9, "STATE": "California", "STATEA": 6, "COUNTY": "Orange County", "COUNTYA": 59, "COUSUBA": NaN, "PLACEA": NaN, "TRACTA": 52513, "BLKGRPA": NaN, "BLOCKA": NaN, "CONCITA": NaN, "AIANHHA": NaN, "RES_ONLYA": NaN, "TRUSTA": NaN, "AITSCEA": NaN, "TTRACTA": NaN, "TBLKGRPA": NaN, "ANRCA": NaN, "CBSAA": 31100, "METDIVA": 42044, "CSAA": 348, "NECTAA": NaN, "NECTADIVA": NaN, "CNECTAA": NaN, "UAA": NaN, "URBRURALA": NaN, "CDA": NaN, "SLDUA": NaN, "SLDLA": NaN, "ZCTA5A": NaN, "SUBMCDA": NaN, "SDELMA": NaN, "SDSECA": NaN, "SDUNIA": NaN, "NAME": "Census Tract 525.13", "SABINSA": NaN, "TOTPOP": 5675, "H7X001": 5675, "WHITE": 3624, "BLACK": 68, "AIAN": 20, "ASIAN": 1509, "NHPI": 6, "H7X007": 165, "H7X008": 283, "H7Y001": 5675, "H7Y002": 5026, "HISP": 649, "C_X": -1988582.7263740771, "C_Y": -198757.02144999895, "id": 8959}, {"boundary_node": false, "area": 1509059.1358249944, "STATEFP10": "06", "COUNTYFP10": "059", "TRACTCE10": "052514", "GEOID10": "06059052514", "NAME10": "525.14", "NAMELSAD10": "Census Tract 525.14", "MTFCC10": "G5020", "FUNCSTAT10": "S", "ALAND10": 1473664, "AWATER10": 35392, "INTPTLAT10": "+33.6693462", "INTPTLON10": "-117.7987172", "GISJOIN": "G0600590052514", "Shape_area": 1509059.13582, "Shape_len": 5159.89023521, "YEAR": 2010, "REGIONA": 4, "DIVISIONA": 9, "STATE": "California", "STATEA": 6, "COUNTY": "Orange County", "COUNTYA": 59, "COUSUBA": NaN, "PLACEA": NaN, "TRACTA": 52514, "BLKGRPA": NaN, "BLOCKA": NaN, "CONCITA": NaN, "AIANHHA": NaN, "RES_ONLYA": NaN, "TRUSTA": NaN, "AITSCEA": NaN, "TTRACTA": NaN, "TBLKGRPA": NaN, "ANRCA": NaN, "CBSAA": 31100, "METDIVA": 42044, "CSAA": 348, "NECTAA": NaN, "NECTADIVA": NaN, "CNECTAA": NaN, "UAA": NaN, "URBRURALA": NaN, "CDA": NaN, "SLDUA": NaN, "SLDLA": NaN, "ZCTA5A": NaN, "SUBMCDA": NaN, "SDELMA": NaN, "SDSECA": NaN, "SDUNIA": NaN, "NAME": "Census Tract 525.14", "SABINSA": NaN, "TOTPOP": 5327, "H7X001": 5327, "WHITE": 3147, "BLACK": 89, "AIAN": 6, "ASIAN": 1556, "NHPI": 4, "H7X007": 128, "H7X008": 397, "H7Y001": 5327, "H7Y002": 4856, "HISP": 471, "C_X": -1989504.434473111, "C_Y": -199603.53845000057, "id": 8968}, {"boundary_node": false, "area": 975996.9736558436, "STATEFP10": "06", "COUNTYFP10": "059", "TRACTCE10": "052519", "GEOID10": "06059052519", "NAME10": "525.19", "NAMELSAD10": "Census Tract 525.19", "MTFCC10": "G5020", "FUNCSTAT10": "S", "ALAND10": 975995, "AWATER10": 0, "INTPTLAT10": "+33.6693095", "INTPTLON10": "-117.8184805", "GISJOIN": "G0600590052519", "Shape_area": 975996.973656, "Shape_len": 6298.48606869, "YEAR": 2010, "REGIONA": 4, "DIVISIONA": 9, "STATE": "California", "STATEA": 6, "COUNTY": "Orange County", "COUNTYA": 59, "COUSUBA": NaN, "PLACEA": NaN, "TRACTA": 52519, "BLKGRPA": NaN, "BLOCKA": NaN, "CONCITA": NaN, "AIANHHA": NaN, "RES_ONLYA": NaN, "TRUSTA": NaN, "AITSCEA": NaN, "TTRACTA": NaN, "TBLKGRPA": NaN, "ANRCA": NaN, "CBSAA": 31100, "METDIVA": 42044, "CSAA": 348, "NECTAA": NaN, "NECTADIVA": NaN, "CNECTAA": NaN, "UAA": NaN, "URBRURALA": NaN, "CDA": NaN, "SLDUA": NaN, "SLDLA": NaN, "ZCTA5A": NaN, "SUBMCDA": NaN, "SDELMA": NaN, "SDSECA": NaN, "SDUNIA": NaN, "NAME": "Census Tract 525.19", "SABINSA": NaN, "TOTPOP": 4212, "H7X001": 4212, "WHITE": 2457, "BLACK": 74, "AIAN": 12, "ASIAN": 1240, "NHPI": 11, "H7X007": 108, "H7X008": 310, "H7Y001": 4212, "H7Y002": 3732, "HISP": 480, "C_X": -1991372.2972813617, "C_Y": -198872.89829999977, "id": 8969}, {"boundary_node": true, "boundary_perim": 13911.606394561866, "area": 52532426.652661316, "STATEFP10": "06", "COUNTYFP10": "059", "TRACTCE10": "062604", "GEOID10": "06059062604", "NAME10": "626.04", "NAMELSAD10": "Census Tract 626.04", "MTFCC10": "G5020", "FUNCSTAT10": "S", "ALAND10": 52521023, "AWATER10": 2580793, "INTPTLAT10": "+33.5854160", "INTPTLON10": "-117.7988845", "GISJOIN": "G0600590062604", "Shape_area": 52532426.6527, "Shape_len": 46001.2675332, "YEAR": 2010, "REGIONA": 4, "DIVISIONA": 9, "STATE": "California", "STATEA": 6, "COUNTY": "Orange County", "COUNTYA": 59, "COUSUBA": NaN, "PLACEA": NaN, "TRACTA": 62604, "BLKGRPA": NaN, "BLOCKA": NaN, "CONCITA": NaN, "AIANHHA": NaN, "RES_ONLYA": NaN, "TRUSTA": NaN, "AITSCEA": NaN, "TTRACTA": NaN, "TBLKGRPA": NaN, "ANRCA": NaN, "CBSAA": 31100, "METDIVA": 42044, "CSAA": 348, "NECTAA": NaN, "NECTADIVA": NaN, "CNECTAA": NaN, "UAA": NaN, "URBRURALA": NaN, "CDA": NaN, "SLDUA": NaN, "SLDLA": NaN, "ZCTA5A": NaN, "SUBMCDA": NaN, "SDELMA": NaN, "SDSECA": NaN, "SDUNIA": NaN, "NAME": "Census Tract 626.04", "SABINSA": NaN, "TOTPOP": 15174, "H7X001": 15174, "WHITE": 9319, "BLACK": 113, "AIAN": 20, "ASIAN": 4767, "NHPI": 15, "H7X007": 265, "H7X008": 675, "H7Y001": 15174, "H7Y002": 14248, "HISP": 926, "C_X": -1989446.234498702, "C_Y": -207297.39874999993, "id": 8977}, {"boundary_node": false, "area": 1786242.1249059632, "STATEFP10": "06", "COUNTYFP10": "059", "TRACTCE10": "062611", "GEOID10": "06059062611", "NAME10": "626.11", "NAMELSAD10": "Census Tract 626.11", "MTFCC10": "G5020", "FUNCSTAT10": "S", "ALAND10": 1666581, "AWATER10": 119662, "INTPTLAT10": "+33.6644875", "INTPTLON10": "-117.8336485", "GISJOIN": "G0600590062611", "Shape_area": 1786242.12491, "Shape_len": 6916.18200408, "YEAR": 2010, "REGIONA": 4, "DIVISIONA": 9, "STATE": "California", "STATEA": 6, "COUNTY": "Orange County", "COUNTYA": 59, "COUSUBA": NaN, "PLACEA": NaN, "TRACTA": 62611, "BLKGRPA": NaN, "BLOCKA": NaN, "CONCITA": NaN, "AIANHHA": NaN, "RES_ONLYA": NaN, "TRUSTA": NaN, "AITSCEA": NaN, "TTRACTA": NaN, "TBLKGRPA": NaN, "ANRCA": NaN, "CBSAA": 31100, "METDIVA": 42044, "CSAA": 348, "NECTAA": NaN, "NECTADIVA": NaN, "CNECTAA": NaN, "UAA": NaN, "URBRURALA": NaN, "CDA": NaN, "SLDUA": NaN, "SLDLA": NaN, "ZCTA5A": NaN, "SUBMCDA": NaN, "SDELMA": NaN, "SDSECA": NaN, "SDUNIA": NaN, "NAME": "Census Tract 626.11", "SABINSA": NaN, "TOTPOP": 4105, "H7X001": 4105, "WHITE": 1940, "BLACK": 103, "AIAN": 10, "ASIAN": 1617, "NHPI": 13, "H7X007": 199, "H7X008": 223, "H7Y001": 4105, "H7Y002": 3645, "HISP": 460, "C_X": -1992736.7773808057, "C_Y": -199266.8043999991, "id": 8978}, {"boundary_node": false, "area": 2460589.4988136548, "STATEFP10": "06", "COUNTYFP10": "059", "TRACTCE10": "062628", "GEOID10": "06059062628", "NAME10": "626.28", "NAMELSAD10": "Census Tract 626.28", "MTFCC10": "G5020", "FUNCSTAT10": "S", "ALAND10": 2460589, "AWATER10": 0, "INTPTLAT10": "+33.6518934", "INTPTLON10": "-117.8126304", "GISJOIN": "G0600590062628", "Shape_area": 2460589.49881, "Shape_len": 7479.68246884, "YEAR": 2010, "REGIONA": 4, "DIVISIONA": 9, "STATE": "California", "STATEA": 6, "COUNTY": "Orange County", "COUNTYA": 59, "COUSUBA": NaN, "PLACEA": NaN, "TRACTA": 62628, "BLKGRPA": NaN, "BLOCKA": NaN, "CONCITA": NaN, "AIANHHA": NaN, "RES_ONLYA": NaN, "TRUSTA": NaN, "AITSCEA": NaN, "TTRACTA": NaN, "TBLKGRPA": NaN, "ANRCA": NaN, "CBSAA": 31100, "METDIVA": 42044, "CSAA": 348, "NECTAA": NaN, "NECTADIVA": NaN, "CNECTAA": NaN, "UAA": NaN, "URBRURALA": NaN, "CDA": NaN, "SLDUA": NaN, "SLDLA": NaN, "ZCTA5A": NaN, "SUBMCDA": NaN, "SDELMA": NaN, "SDSECA": NaN, "SDUNIA": NaN, "NAME": "Census Tract 626.28", "SABINSA": NaN, "TOTPOP": 3581, "H7X001": 3581, "WHITE": 1930, "BLACK": 68, "AIAN": 17, "ASIAN": 1321, "NHPI": 4, "H7X007": 61, "H7X008": 180, "H7Y001": 3581, "H7Y002": 3325, "HISP": 256, "C_X": -1991113.2324491702, "C_Y": -201380.6461499997, "id": 8987}, {"boundary_node": false, "area": 2378584.900200895, "STATEFP10": "06", "COUNTYFP10": "059", "TRACTCE10": "062631", "GEOID10": "06059062631", "NAME10": "626.31", "NAMELSAD10": "Census Tract 626.31", "MTFCC10": "G5020", "FUNCSTAT10": "S", "ALAND10": 2378583, "AWATER10": 0, "INTPTLAT10": "+33.6401283", "INTPTLON10": "-117.8123266", "GISJOIN": "G0600590062631", "Shape_area": 2378584.9002, "Shape_len": 6111.71085895, "YEAR": 2010, "REGIONA": 4, "DIVISIONA": 9, "STATE": "California", "STATEA": 6, "COUNTY": "Orange County", "COUNTYA": 59, "COUSUBA": NaN, "PLACEA": NaN, "TRACTA": 62631, "BLKGRPA": NaN, "BLOCKA": NaN, "CONCITA": NaN, "AIANHHA": NaN, "RES_ONLYA": NaN, "TRUSTA": NaN, "AITSCEA": NaN, "TTRACTA": NaN, "TBLKGRPA": NaN, "ANRCA": NaN, "CBSAA": 31100, "METDIVA": 42044, "CSAA": 348, "NECTAA": NaN, "NECTADIVA": NaN, "CNECTAA": NaN, "UAA": NaN, "URBRURALA": NaN, "CDA": NaN, "SLDUA": NaN, "SLDLA": NaN, "ZCTA5A": NaN, "SUBMCDA": NaN, "SDELMA": NaN, "SDSECA": NaN, "SDUNIA": NaN, "NAME": "Census Tract 626.31", "SABINSA": NaN, "TOTPOP": 3303, "H7X001": 3303, "WHITE": 2290, "BLACK": 20, "AIAN": 4, "ASIAN": 800, "NHPI": 1, "H7X007": 13, "H7X008": 175, "H7Y001": 3303, "H7Y002": 3187, "HISP": 116, "C_X": -1991750.618524216, "C_Y": -202319.57674999884, "id": 8988}], "adjacency": [[{"shared_perim": 3528.7973516088596, "id": 233}, {"shared_perim": 3388.563352693937, "id": 264}, {"shared_perim": 2154.257193330461, "id": 586}], [{"shared_perim": 3528.7973516088596, "id": 232}, {"shared_perim": 1569.4756446512622, "id": 8977}, {"shared_perim": 4533.563934158289, "id": 8860}], [{"shared_perim": 3388.563352693937, "id": 232}, {"shared_perim": 986.2242499554051, "id": 586}, {"shared_perim": 580.6533787250269, "id": 584}], [{"shared_perim": 2498.3765387226263, "id": 525}, {"shared_perim": 3259.666899640392, "id": 8886}, {"shared_perim": 1635.760022687115, "id": 556}, {"shared_perim": 3738.2956879452986, "id": 311}, {"shared_perim": 6870.341787645387, "id": 8894}], [{"shared_perim": 3738.2956879452986, "id": 308}, {"shared_perim": 1195.2087865679691, "id": 556}, {"shared_perim": 1668.0819271091416, "id": 555}, {"shared_perim": 1336.4402552684558, "id": 337}, {"shared_perim": 1725.663136085976, "id": 8894}, {"shared_perim": 2893.3765235289848, "id": 8887}, {"shared_perim": 443.9251606064969, "id": 361}], [{"shared_perim": 338.87777116835053, "id": 575}, {"shared_perim": 4286.787437096097, "id": 329}], [{"shared_perim": 4286.787437096097, "id": 328}, {"shared_perim": 8281.494961105649, "id": 8894}, {"shared_perim": 3352.7222004100936, "id": 330}, {"shared_perim": 1812.7376695192127, "id": 361}, {"shared_perim": 2664.064410297205, "id": 575}], [{"shared_perim": 3352.7222004100936, "id": 329}, {"shared_perim": 1516.2486050068023, "id": 8894}, {"shared_perim": 1205.9861298742449, "id": 8887}, {"shared_perim": 1206.1235314090598, "id": 361}], [{"shared_perim": 1336.4402552684558, "id": 311}, {"shared_perim": 701.6024375719628, "id": 555}, {"shared_perim": 1149.184481284295, "id": 357}, {"shared_perim": 1220.4705874827694, "id": 384}], [{"shared_perim": 1149.184481284295, "id": 337}, {"shared_perim": 817.5329163193232, "id": 555}, {"shared_perim": 1150.7987093498086, "id": 8959}, {"shared_perim": 816.6210939168235, "id": 385}], [{"shared_perim": 1367.5608858341943, "id": 8903}, {"shared_perim": 1630.7120070857086, "id": 359}, {"shared_perim": 918.1690290293172, "id": 8912}, {"shared_perim": 2694.9639412202755, "id": 551}], [{"shared_perim": 1630.7120070857086, "id": 358}, {"shared_perim": 186.16129669428832, "id": 8969}, {"shared_perim": 404.69664900124457, "id": 582}, {"shared_perim": 278.6899447153319, "id": 8903}, {"shared_perim": 2378.6781206268142, "id": 581}, {"shared_perim": 1812.2461242429256, "id": 551}], [{"shared_perim": 354.15350415149993, "id": 8912}, {"shared_perim": 1437.1789352899411, "id": 361}, {"shared_perim": 1280.2142989236272, "id": 8895}, {"shared_perim": 1050.704840524613, "id": 575}], [{"shared_perim": 443.9251606064969, "id": 311}, {"shared_perim": 1812.7376695192127, "id": 329}, {"shared_perim": 1206.1235314090598, "id": 330}, {"shared_perim": 1437.1789352899411, "id": 360}, {"shared_perim": 1252.822701030557, "id": 384}, {"shared_perim": 1695.2627120750494, "id": 8887}, {"shared_perim": 1599.845876234702, "id": 8912}], [{"shared_perim": 1220.4705874827694, "id": 337}, {"shared_perim": 1252.822701030557, "id": 361}, {"shared_perim": 1271.8836474172106, "id": 385}, {"shared_perim": 1588.7487854777348, "id": 8912}], [{"shared_perim": 816.6210939168235, "id": 357}, {"shared_perim": 1271.8836474172106, "id": 384}, {"shared_perim": 1272.6619123786722, "id": 8903}, {"shared_perim": 816.0790250853175, "id": 8912}], [{"shared_perim": 2498.3765387226263, "id": 308}, {"shared_perim": 2348.2518376923035, "id": 611}, {"shared_perim": 1831.2874877336722, "id": 8886}, {"shared_perim": 1416.2026489134919, "id": 556}], [{"shared_perim": 2694.9639412202755, "id": 358}, {"shared_perim": 1812.2461242429256, "id": 359}, {"shared_perim": 619.3189146876553, "id": 582}, {"shared_perim": 3745.319412831337, "id": 584}, {"shared_perim": 875.5139894292806, "id": 8912}, {"shared_perim": 3562.5660094486916, "id": 8895}], [{"shared_perim": 1668.0819271091416, "id": 311}, {"shared_perim": 701.6024375719628, "id": 337}, {"shared_perim": 817.5329163193232, "id": 357}, {"shared_perim": 1716.3958846681671, "id": 617}, {"shared_perim": 2916.125116619296, "id": 556}, {"shared_perim": 1164.0793221062456, "id": 8968}, {"shared_perim": 1188.1479681956328, "id": 8959}], [{"shared_perim": 1635.760022687115, "id": 308}, {"shared_perim": 1195.2087865679691, "id": 311}, {"shared_perim": 1416.2026489134919, "id": 525}, {"shared_perim": 2916.125116619296, "id": 555}, {"shared_perim": 1707.3794595509623, "id": 8977}, {"shared_perim": 2527.072929108735, "id": 611}], [{"shared_perim": 1300.0297836073823, "id": 8968}, {"shared_perim": 2299.762013461904, "id": 8969}, {"shared_perim": 1094.908105974831, "id": 8903}], [{"shared_perim": 338.87777116835053, "id": 328}, {"shared_perim": 2664.064410297205, "id": 329}, {"shared_perim": 1050.704840524613, "id": 360}], [{"shared_perim": 2378.6781206268142, "id": 359}, {"shared_perim": 700.7603486089375, "id": 8969}, {"shared_perim": 1527.6009160434285, "id": 582}], [{"shared_perim": 404.69664900124457, "id": 359}, {"shared_perim": 619.3189146876553, "id": 551}, {"shared_perim": 1527.6009160434285, "id": 581}, {"shared_perim": 1303.9993403720673, "id": 8978}, {"shared_perim": 959.4767172147338, "id": 8969}], [{"shared_perim": 580.6533787250269, "id": 264}, {"shared_perim": 3745.319412831337, "id": 551}, {"shared_perim": 1672.4145477730601, "id": 586}, {"shared_perim": 2389.1784689885576, "id": 8978}], [{"shared_perim": 1368.7105908321103, "id": 617}, {"shared_perim": 1948.3487852558799, "id": 8987}, {"shared_perim": 1156.701103974829, "id": 8968}, {"shared_perim": 1480.9407907282625, "id": 8978}, {"shared_perim": 1514.672185274653, "id": 8969}], [{"shared_perim": 2154.257193330461, "id": 232}, {"shared_perim": 986.2242499554051, "id": 264}, {"shared_perim": 1672.4145477730601, "id": 584}, {"shared_perim": 1446.8075027825678, "id": 8977}, {"shared_perim": 1936.7197446513921, "id": 616}, {"shared_perim": 1033.6991814266223, "id": 615}, {"shared_perim": 1260.0256650056015, "id": 614}, {"shared_perim": 68.63267427026669, "id": 8978}], [{"shared_perim": 2348.2518376923035, "id": 525}, {"shared_perim": 2527.072929108735, "id": 556}, {"shared_perim": 6759.578620658076, "id": 8977}], [{"shared_perim": 1260.0256650056015, "id": 586}, {"shared_perim": 1296.1808683888771, "id": 615}, {"shared_perim": 659.5171248149537, "id": 8978}], [{"shared_perim": 1033.6991814266223, "id": 586}, {"shared_perim": 1296.1808683888771, "id": 614}, {"shared_perim": 877.9796624101241, "id": 8987}, {"shared_perim": 1013.9136049044482, "id": 8978}], [{"shared_perim": 1936.7197446513921, "id": 586}, {"shared_perim": 2431.401809703613, "id": 8977}, {"shared_perim": 3344.9238131372585, "id": 8988}, {"shared_perim": 293.77591618369354, "id": 617}, {"shared_perim": 625.2331621909656, "id": 8987}], [{"shared_perim": 1716.3958846681671, "id": 555}, {"shared_perim": 1368.7105908321103, "id": 585}, {"shared_perim": 293.77591618369354, "id": 616}, {"shared_perim": 4031.3783500021486, "id": 8977}, {"shared_perim": 960.1860262442831, "id": 8988}, {"shared_perim": 2221.5198394121285, "id": 8987}], [{"shared_perim": 4533.563934158289, "id": 233}, {"shared_perim": 14143.639751295847, "id": 8977}], [{"shared_perim": 3259.666899640392, "id": 308}, {"shared_perim": 1831.2874877336722, "id": 525}], [{"shared_perim": 2893.3765235289848, "id": 311}, {"shared_perim": 1205.9861298742449, "id": 330}, {"shared_perim": 1695.2627120750494, "id": 361}], [{"shared_perim": 6870.341787645387, "id": 308}, {"shared_perim": 1725.663136085976, "id": 311}, {"shared_perim": 8281.494961105649, "id": 329}, {"shared_perim": 1516.2486050068023, "id": 330}], [{"shared_perim": 1280.2142989236272, "id": 360}, {"shared_perim": 3562.5660094486916, "id": 551}, {"shared_perim": 1894.9276172426376, "id": 8912}], [{"shared_perim": 1367.5608858341943, "id": 358}, {"shared_perim": 278.6899447153319, "id": 359}, {"shared_perim": 1272.6619123786722, "id": 385}, {"shared_perim": 1094.908105974831, "id": 557}, {"shared_perim": 270.31600134215535, "id": 8969}, {"shared_perim": 1857.4834565805866, "id": 8959}], [{"shared_perim": 918.1690290293172, "id": 358}, {"shared_perim": 354.15350415149993, "id": 360}, {"shared_perim": 1599.845876234702, "id": 361}, {"shared_perim": 1588.7487854777348, "id": 384}, {"shared_perim": 816.0790250853175, "id": 385}, {"shared_perim": 875.5139894292806, "id": 551}, {"shared_perim": 1894.9276172426376, "id": 8895}], [{"shared_perim": 1150.7987093498086, "id": 357}, {"shared_perim": 1188.1479681956328, "id": 555}, {"shared_perim": 1857.4834565805866, "id": 8903}, {"shared_perim": 1171.7425194326272, "id": 8968}], [{"shared_perim": 1164.0793221062456, "id": 555}, {"shared_perim": 1300.0297836073823, "id": 557}, {"shared_perim": 1156.701103974829, "id": 585}, {"shared_perim": 1171.7425194326272, "id": 8959}, {"shared_perim": 367.337506090133, "id": 8969}], [{"shared_perim": 186.16129669428832, "id": 359}, {"shared_perim": 2299.762013461904, "id": 557}, {"shared_perim": 700.7603486089375, "id": 581}, {"shared_perim": 959.4767172147338, "id": 582}, {"shared_perim": 1514.672185274653, "id": 585}, {"shared_perim": 270.31600134215535, "id": 8903}, {"shared_perim": 367.337506090133, "id": 8968}], [{"shared_perim": 1569.4756446512622, "id": 233}, {"shared_perim": 1707.3794595509623, "id": 556}, {"shared_perim": 1446.8075027825678, "id": 586}, {"shared_perim": 6759.578620658076, "id": 611}, {"shared_perim": 2431.401809703613, "id": 616}, {"shared_perim": 4031.3783500021486, "id": 617}, {"shared_perim": 14143.639751295847, "id": 8860}], [{"shared_perim": 1303.9993403720673, "id": 582}, {"shared_perim": 2389.1784689885576, "id": 584}, {"shared_perim": 1480.9407907282625, "id": 585}, {"shared_perim": 68.63267427026669, "id": 586}, {"shared_perim": 659.5171248149537, "id": 614}, {"shared_perim": 1013.9136049044482, "id": 615}], [{"shared_perim": 1948.3487852558799, "id": 585}, {"shared_perim": 877.9796624101241, "id": 615}, {"shared_perim": 625.2331621909656, "id": 616}, {"shared_perim": 2221.5198394121285, "id": 617}, {"shared_perim": 1806.601019567659, "id": 8988}], [{"shared_perim": 3344.9238131372585, "id": 616}, {"shared_perim": 960.1860262442831, "id": 617}, {"shared_perim": 1806.601019567659, "id": 8987}]]}