{"directed": false, "multigraph": false, "graph": [], "nodes": [{"boundary_node": true, "boundary_perim": 4524.266495973881, "area": 5863267.01460572, "STATEFP10": "48", "COUNTYFP10": "479", "TRACTCE10": "001807", "GEOID10": "48479001807", "NAME10": "18.07", "NAMELSAD10": "Census Tract 18.07", "MTFCC10": "G5020", "FUNCSTAT10": "S", "ALAND10": 5663674, "AWATER10": 199593, "INTPTLAT10": "+27.4342739", "INTPTLON10": "-099.4835882", "GISJOIN": "G4804790001807", "Shape_area": 5863267.01461, "Shape_len": 12146.6494583, "YEAR": 2010, "REGIONA": 3, "DIVISIONA": 7, "STATE": "Texas", "STATEA": 48, "COUNTY": "Webb County", "COUNTYA": 479, "COUSUBA": NaN, "PLACEA": NaN, "TRACTA": 1807, "BLKGRPA": NaN, "BLOCKA": NaN, "CONCITA": NaN, "AIANHHA": NaN, "RES_ONLYA": NaN, "TRUSTA": NaN, "AITSCEA": NaN, "TTRACTA": NaN, "TBLKGRPA": NaN, "ANRCA": NaN, "CBSAA": 29700, "METDIVA": 99999, "CSAA": 999, "NECTAA": NaN, "NECTADIVA": NaN, "CNECTAA": NaN, "UAA": NaN, "URBRURALA": NaN, "CDA": NaN, "SLDUA": NaN, "SLDLA": NaN, "ZCTA5A": NaN, "SUBMCDA": NaN, "SDELMA": NaN, "SDSECA": NaN, "SDUNIA": NaN, "NAME": "Census Tract 18.07", "SABINSA": NaN, "TOTPOP": 8433, "H7X001": 8433, "WHITE": 7142, "BLACK": 31, "AIAN": 36, "ASIAN": 18, "NHPI": 0, "H7X007": 1114, "H7X008": 92, "H7Y001": 8433, "H7Y002": 150, "HISP": 8283, "C_X": -346375.2482443298, "C_Y": -1115317.9048500014, "id": 16551}, {"boundary_node": false, "area": 5190655.519955621, "STATEFP10": "48", "COUNTYFP10": "479", "TRACTCE10": "001722", "GEOID10": "48479001722", "NAME10": "17.22", "NAMELSAD10": "Census Tract 17.22", "MTFCC10": "G5020", "FUNCSTAT10": "S", "ALAND10": 5190654, "AWATER10": 0, "INTPTLAT10": "+27.5869992", "INTPTLON10": "-099.4587133", "GISJOIN": "G4804790001722", "Shape_area": 5190655.51996, "Shape_len": 9985.20685973, "YEAR": 2010, "REGIONA": 3, "DIVISIONA": 7, "STATE": "Texas", "STATEA": 48, "COUNTY": "Webb County", "COUNTYA": 479, "COUSUBA": NaN, "PLACEA": NaN, "TRACTA": 1722, "BLKGRPA": NaN, "BLOCKA": NaN, "CONCITA": NaN, "AIANHHA": NaN, "RES_ONLYA": NaN, "TRUSTA": NaN, "AITSCEA": NaN, "TTRACTA": NaN, "TBLKGRPA": NaN, "ANRCA": NaN, "CBSAA": 29700, "METDIVA": 99999, "CSAA": 999, "NECTAA": NaN, "NECTADIVA": NaN, "CNECTAA": NaN, "UAA": NaN, "URBRURALA": NaN, "CDA": NaN, "SLDUA": NaN, "SLDLA": NaN, "ZCTA5A": NaN, "SUBMCDA": NaN, "SDELMA": NaN, "SDSECA": NaN, "SDUNIA": NaN, "NAME": "Census Tract 17.22", "SABINSA": NaN, "TOTPOP": 6378, "H7X001": 6378, "WHITE": 5824, "BLACK": 35, "AIAN": 29, "ASIAN": 151, "NHPI": 0, "H7X007": 257, "H7X008": 82, "H7Y001": 6378, "H7Y002": 769, "HISP": 5609, "C_X": -342980.0360738997, "C_Y": -1098187.852549999, "id": 16552}, {"boundary_node": false, "area": 17566324.707322966, "STATEFP10": "48", "COUNTYFP10": "479", "TRACTCE10": "001714", "GEOID10": "48479001714", "NAME10": "17.14", "NAMELSAD10": "Census Tract 17.14", "MTFCC10": "G5020", "FUNCSTAT10": "S", "ALAND10": 13666023, "AWATER10": 3900300, "INTPTLAT10": "+27.5580709", "INTPTLON10": "-099.4286808", "GISJOIN": "G4804790001714", "Shape_area": 17566324.7073, "Shape_len": 25172.2434393, "YEAR": 2010, "REGIONA": 3, "DIVISIONA": 7, "STATE": "Texas", "STATEA": 48, "COUNTY": "Webb County", "COUNTYA": 479, "COUSUBA": NaN, "PLACEA": NaN, "TRACTA": 1714, "BLKGRPA": NaN, "BLOCKA": NaN, "CONCITA": NaN, "AIANHHA": NaN, "RES_ONLYA": NaN, "TRUSTA": NaN, "AITSCEA": NaN, "TTRACTA": NaN, "TBLKGRPA": NaN, "ANRCA": NaN, "CBSAA": 29700, "METDIVA": 99999, "CSAA": 999, "NECTAA": NaN, "NECTADIVA": NaN, "CNECTAA": NaN, "UAA": NaN, "URBRURALA": NaN, "CDA": NaN, "SLDUA": NaN, "SLDLA": NaN, "ZCTA5A": NaN, "SUBMCDA": NaN, "SDELMA": NaN, "SDSECA": NaN, "SDUNIA": NaN, "NAME": "Census Tract 17.14", "SABINSA": NaN, "TOTPOP": 3731, "H7X001": 3731, "WHITE": 3138, "BLACK": 46, "AIAN": 7, "ASIAN": 70, "NHPI": 2, "H7X007": 401, "H7X008": 67, "H7Y001": 3731, "H7Y002": 349, "HISP": 3382, "C_X": -340337.77575561823, "C_Y": -1101382.4831499998, "id": 16553}, {"boundary_node": true, "boundary_perim": 15609.223284606127, "area": 22476187.27422906, "STATEFP10": "48", "COUNTYFP10": "479", "TRACTCE10": "001817", "GEOID10": "48479001817", "NAME10": "18.17", "NAMELSAD10": "Census Tract 18.17", "MTFCC10": "G5020", "FUNCSTAT10": "S", "ALAND10": 21959477, "AWATER10": 516718, "INTPTLAT10": "+27.3656949", "INTPTLON10": "-099.4852717", "GISJOIN": "G4804790001817", "Shape_area": 22476187.2742, "Shape_len": 24539.5547976, "YEAR": 2010, "REGIONA": 3, "DIVISIONA": 7, "STATE": "Texas", "STATEA": 48, "COUNTY": "Webb County", "COUNTYA": 479, "COUSUBA": NaN, "PLACEA": NaN, "TRACTA": 1817, "BLKGRPA": NaN, "BLOCKA": NaN, "CONCITA": NaN, "AIANHHA": NaN, "RES_ONLYA": NaN, "TRUSTA": NaN, "AITSCEA": NaN, "TTRACTA": NaN, "TBLKGRPA": NaN, "ANRCA": NaN, "CBSAA": 29700, "METDIVA": 99999, "CSAA": 999, "NECTAA": NaN, "NECTADIVA": NaN, "CNECTAA": NaN, "UAA": NaN, "URBRURALA": NaN, "CDA": NaN, "SLDUA": NaN, "SLDLA": NaN, "ZCTA5A": NaN, "SUBMCDA": NaN, "SDELMA": NaN, "SDSECA": NaN, "SDUNIA": NaN, "NAME": "Census Tract 18.17", "SABINSA": NaN, "TOTPOP": 6194, "H7X001": 6194, "WHITE": 5572, "BLACK": 74, "AIAN": 19, "ASIAN": 5, "NHPI": 0, "H7X007": 448, "H7X008": 76, "H7Y001": 6194, "H7Y002": 423, "HISP": 5771, "C_X": -346341.4970003518, "C_Y": -1121540.2416499997, "id": 16554}, {"boundary_node": false, "area": 11193399.71951407, "STATEFP10": "48", "COUNTYFP10": "479", "TRACTCE10": "001809", "GEOID10": "48479001809", "NAME10": "18.09", "NAMELSAD10": "Census Tract 18.09", "MTFCC10": "G5020", "FUNCSTAT10": "S", "ALAND10": 11080582, "AWATER10": 112817, "INTPTLAT10": "+27.4308116", "INTPTLON10": "-099.4644636", "GISJOIN": "G4804790001809", "Shape_area": 11193399.7195, "Shape_len": 16603.2064608, "YEAR": 2010, "REGIONA": 3, "DIVISIONA": 7, "STATE": "Texas", "STATEA": 48, "COUNTY": "Webb County", "COUNTYA": 479, "COUSUBA": NaN, "PLACEA": NaN, "TRACTA": 1809, "BLKGRPA": NaN, "BLOCKA": NaN, "CONCITA": NaN, "AIANHHA": NaN, "RES_ONLYA": NaN, "TRUSTA": NaN, "AITSCEA": NaN, "TTRACTA": NaN, "TBLKGRPA": NaN, "ANRCA": NaN, "CBSAA": 29700, "METDIVA": 99999, "CSAA": 999, "NECTAA": NaN, "NECTADIVA": NaN, "CNECTAA": NaN, "UAA": NaN, "URBRURALA": NaN, "CDA": NaN, "SLDUA": NaN, "SLDLA": NaN, "ZCTA5A": NaN, "SUBMCDA": NaN, "SDELMA": NaN, "SDSECA": NaN, "SDUNIA": NaN, "NAME": "Census Tract 18.09", "SABINSA": NaN, "TOTPOP": 6425, "H7X001": 6425, "WHITE": 5370, "BLACK": 59, "AIAN": 63, "ASIAN": 7, "NHPI": 0, "H7X007": 792, "H7X008": 134, "H7Y001": 6425, "H7Y002": 139, "HISP": 6286, "C_X": -344111.12923053966, "C_Y": -1115294.678149999, "id": 16555}, {"boundary_node": false, "area": 1541143.2467366601, "STATEFP10": "48", "COUNTYFP10": "479", "TRACTCE10": "001808", "GEOID10": "48479001808", "NAME10": "18.08", "NAMELSAD10": "Census Tract 18.08", "MTFCC10": "G5020", "FUNCSTAT10": "S", "ALAND10": 1541141, "AWATER10": 0, "INTPTLAT10": "+27.4485917", "INTPTLON10": "-099.4651216", "GISJOIN": "G4804790001808", "Shape_area": 1541143.24674, "Shape_len": 5897.60804742, "YEAR": 2010, "REGIONA": 3, "DIVISIONA": 7, "STATE": "Texas", "STATEA": 48, "COUNTY": "Webb County", "COUNTYA": 479, "COUSUBA": NaN, "PLACEA": NaN, "TRACTA": 1808, "BLKGRPA": NaN, "BLOCKA": NaN, "CONCITA": NaN, "AIANHHA": NaN, "RES_ONLYA": NaN, "TRUSTA": NaN, "AITSCEA": NaN, "TTRACTA": NaN, "TBLKGRPA": NaN, "ANRCA": NaN, "CBSAA": 29700, "METDIVA": 99999, "CSAA": 999, "NECTAA": NaN, "NECTADIVA": NaN, "CNECTAA": NaN, "UAA": NaN, "URBRURALA": NaN, "CDA": NaN, "SLDUA": NaN, "SLDLA": NaN, "ZCTA5A": NaN, "SUBMCDA": NaN, "SDELMA": NaN, "SDSECA": NaN, "SDUNIA": NaN, "NAME": "Census Tract 18.08", "SABINSA": NaN, "TOTPOP": 7117, "H7X001": 7117, "WHITE": 5706, "BLACK": 21, "AIAN": 48, "ASIAN": 1, "NHPI": 1, "H7X007": 1212, "H7X008": 128, "H7Y001": 7117, "H7Y002": 107, "HISP": 7010, "C_X": -344311.1098095045, "C_Y": -1113433.4190999996, "id": 16556}, {"boundary_node": false, "area": 558772.5989953337, "STATEFP10": "48", "COUNTYFP10": "479", "TRACTCE10": "000903", "GEOID10": "48479000903", "NAME10": "9.03", "NAMELSAD10": "Census Tract 9.03", "MTFCC10": "G5020", "FUNCSTAT10": "S", "ALAND10": 558772, "AWATER10": 0, "INTPTLAT10": "+27.5264246", "INTPTLON10": "-099.4896241", "GISJOIN": "G4804790000903", "Shape_area": 558772.598995, "Shape_len": 3053.51517685, "YEAR": 2010, "REGIONA": 3, "DIVISIONA": 7, "STATE": "Texas", "STATEA": 48, "COUNTY": "Webb County", "COUNTYA": 479, "COUSUBA": NaN, "PLACEA": NaN, "TRACTA": 903, "BLKGRPA": NaN, "BLOCKA": NaN, "CONCITA": NaN, "AIANHHA": NaN, "RES_ONLYA": NaN, "TRUSTA": NaN, "AITSCEA": NaN, "TTRACTA": NaN, "TBLKGRPA": NaN, "ANRCA": NaN, "CBSAA": 29700, "METDIVA": 99999, "CSAA": 999, "NECTAA": NaN, "NECTADIVA": NaN, "CNECTAA": NaN, "UAA": NaN, "URBRURALA": NaN, "CDA": NaN, "SLDUA": NaN, "SLDLA": NaN, "ZCTA5A": NaN, "SUBMCDA": NaN, "SDELMA": NaN, "SDSECA": NaN, "SDUNIA": NaN, "NAME": "Census Tract 9.03", "SABINSA": NaN, "TOTPOP": 2637, "H7X001": 2637, "WHITE": 2200, "BLACK": 12, "AIAN": 8, "ASIAN": 13, "NHPI": 0, "H7X007": 334, "H7X008": 70, "H7Y001": 2637, "H7Y002": 56, "HISP": 2581, "C_X": -346310.28235533496, "C_Y": -1104718.4786999994, "id": 16557}, {"boundary_node": false, "area": 850836.9026439943, "STATEFP10": "48", "COUNTYFP10": "479", "TRACTCE10": "001201", "GEOID10": "48479001201", "NAME10": "12.01", "NAMELSAD10": "Census Tract 12.01", "MTFCC10": "G5020", "FUNCSTAT10": "S", "ALAND10": 850836, "AWATER10": 0, "INTPTLAT10": "+27.5266741", "INTPTLON10": "-099.4974838", "GISJOIN": "G4804790001201", "Shape_area": 850836.902644, "Shape_len": 3702.38666656, "YEAR": 2010, "REGIONA": 3, "DIVISIONA": 7, "STATE": "Texas", "STATEA": 48, "COUNTY": "Webb County", "COUNTYA": 479, "COUSUBA": NaN, "PLACEA": NaN, "TRACTA": 1201, "BLKGRPA": NaN, "BLOCKA": NaN, "CONCITA": NaN, "AIANHHA": NaN, "RES_ONLYA": NaN, "TRUSTA": NaN, "AITSCEA": NaN, "TTRACTA": NaN, "TBLKGRPA": NaN, "ANRCA": NaN, "CBSAA": 29700, "METDIVA": 99999, "CSAA": 999, "NECTAA": NaN, "NECTADIVA": NaN, "CNECTAA": NaN, "UAA": NaN, "URBRURALA": NaN, "CDA": NaN, "SLDUA": NaN, "SLDLA": NaN, "ZCTA5A": NaN, "SUBMCDA": NaN, "SDELMA": NaN, "SDSECA": NaN, "SDUNIA": NaN, "NAME": "Census Tract 12.01", "SABINSA": NaN, "TOTPOP": 3205, "H7X001": 3205, "WHITE": 2815, "BLACK": 14, "AIAN": 11, "ASIAN": 0, "NHPI": 1, "H7X007": 318, "H7X008": 46, "H7Y001": 3205, "H7Y002": 59, "HISP": 3146, "C_X": -347102.99772089516, "C_Y": -1104677.896599999, "id": 16558}, {"boundary_node": false, "area": 1017812.4642964022, "STATEFP10": "48", "COUNTYFP10": "479", "TRACTCE10": "000601", "GEOID10": "48479000601", "NAME10": "6.01", "NAMELSAD10": "Census Tract 6.01", "MTFCC10": "G5020", "FUNCSTAT10": "S", "ALAND10": 1017811, "AWATER10": 0, "INTPTLAT10": "+27.5167885", "INTPTLON10": "-099.5136060", "GISJOIN": "G4804790000601", "Shape_area": 1017812.4643, "Shape_len": 4401.73478154, "YEAR": 2010, "REGIONA": 3, "DIVISIONA": 7, "STATE": "Texas", "STATEA": 48, "COUNTY": "Webb County", "COUNTYA": 479, "COUSUBA": NaN, "PLACEA": NaN, "TRACTA": 601, "BLKGRPA": NaN, "BLOCKA": NaN, "CONCITA": NaN, "AIANHHA": NaN, "RES_ONLYA": NaN, "TRUSTA": NaN, "AITSCEA": NaN, "TTRACTA": NaN, "TBLKGRPA": NaN, "ANRCA": NaN, "CBSAA": 29700, "METDIVA": 99999, "CSAA": 999, "NECTAA": NaN, "NECTADIVA": NaN, "CNECTAA": NaN, "UAA": NaN, "URBRURALA": NaN, "CDA": NaN, "SLDUA": NaN, "SLDLA": NaN, "ZCTA5A": NaN, "SUBMCDA": NaN, "SDELMA": NaN, "SDSECA": NaN, "SDUNIA": NaN, "NAME": "Census Tract 6.01", "SABINSA": NaN, "TOTPOP": 2873, "H7X001": 2873, "WHITE": 2565, "BLACK": 8, "AIAN": 7, "ASIAN": 2, "NHPI": 0, "H7X007": 247, "H7X008": 44, "H7Y001": 2873, "H7Y002": 44, "HISP": 2829, "C_X": -348728.48094806395, "C_Y": -1105707.9128000005, "id": 16559}, {"boundary_node": false, "area": 34936758.73156873, "STATEFP10": "48", "COUNTYFP10": "479", "TRACTCE10": "001713", "GEOID10": "48479001713", "NAME10": "17.13", "NAMELSAD10": "Census Tract 17.13", "MTFCC10": "G5020", "FUNCSTAT10": "S", "ALAND10": 34915109, "AWATER10": 21645, "INTPTLAT10": "+27.6190752", "INTPTLON10": "-099.4321055", "GISJOIN": "G4804790001713", "Shape_area": 34936758.7316, "Shape_len": 30677.1232989, "YEAR": 2010, "REGIONA": 3, "DIVISIONA": 7, "STATE": "Texas", "STATEA": 48, "COUNTY": "Webb County", "COUNTYA": 479, "COUSUBA": NaN, "PLACEA": NaN, "TRACTA": 1713, "BLKGRPA": NaN, "BLOCKA": NaN, "CONCITA": NaN, "AIANHHA": NaN, "RES_ONLYA": NaN, "TRUSTA": NaN, "AITSCEA": NaN, "TTRACTA": NaN, "TBLKGRPA": NaN, "ANRCA": NaN, "CBSAA": 29700, "METDIVA": 99999, "CSAA": 999, "NECTAA": NaN, "NECTADIVA": NaN, "CNECTAA": NaN, "UAA": NaN, "URBRURALA": NaN, "CDA": NaN, "SLDUA": NaN, "SLDLA": NaN, "ZCTA5A": NaN, "SUBMCDA": NaN, "SDELMA": NaN, "SDSECA": NaN, "SDUNIA": NaN, "NAME": "Census Tract 17.13", "SABINSA": NaN, "TOTPOP": 12304, "H7X001": 12304, "WHITE": 11138, "BLACK": 87, "AIAN": 34, "ASIAN": 215, "NHPI": 1, "H7X007": 689, "H7X008": 140, "H7Y001": 12304, "H7Y002": 1067, "HISP": 11237, "C_X": -341874.98077807575, "C_Y": -1094936.9168499992, "id": 16560}, {"boundary_node": false, "area": 1001164.3072508636, "STATEFP10": "48", "COUNTYFP10": "479", "TRACTCE10": "001003", "GEOID10": "48479001003", "NAME10": "10.03", "NAMELSAD10": "Census Tract 10.03", "MTFCC10": "G5020", "FUNCSTAT10": "S", "ALAND10": 1001167, "AWATER10": 0, "INTPTLAT10": "+27.5065988", "INTPTLON10": "-099.4600893", "GISJOIN": "G4804790001003", "Shape_area": 1001164.30725, "Shape_len": 6232.13977077, "YEAR": 2010, "REGIONA": 3, "DIVISIONA": 7, "STATE": "Texas", "STATEA": 48, "COUNTY": "Webb County", "COUNTYA": 479, "COUSUBA": NaN, "PLACEA": NaN, "TRACTA": 1003, "BLKGRPA": NaN, "BLOCKA": NaN, "CONCITA": NaN, "AIANHHA": NaN, "RES_ONLYA": NaN, "TRUSTA": NaN, "AITSCEA": NaN, "TTRACTA": NaN, "TBLKGRPA": NaN, "ANRCA": NaN, "CBSAA": 29700, "METDIVA": 99999, "CSAA": 999, "NECTAA": NaN, "NECTADIVA": NaN, "CNECTAA": NaN, "UAA": NaN, "URBRURALA": NaN, "CDA": NaN, "SLDUA": NaN, "SLDLA": NaN, "ZCTA5A": NaN, "SUBMCDA": NaN, "SDELMA": NaN, "SDSECA": NaN, "SDUNIA": NaN, "NAME": "Census Tract 10.03", "SABINSA": NaN, "TOTPOP": 2530, "H7X001": 2530, "WHITE": 2304, "BLACK": 18, "AIAN": 8, "ASIAN": 9, "NHPI": 0, "H7X007": 153, "H7X008": 38, "H7Y001": 2530, "H7Y002": 32, "HISP": 2498, "C_X": -343575.7629420551, "C_Y": -1107401.2643999988, "id": 16561}, {"boundary_node": true, "boundary_perim": 11866.293474076912, "area": 53753528.704733714, "STATEFP10": "48", "COUNTYFP10": "479", "TRACTCE10": "001816", "GEOID10": "48479001816", "NAME10": "18.16", "NAMELSAD10": "Census Tract 18.16", "MTFCC10": "G5020", "FUNCSTAT10": "S", "ALAND10": 53481059, "AWATER10": 272457, "INTPTLAT10": "+27.5375797", "INTPTLON10": "-099.3794643", "GISJOIN": "G4804790001816", "Shape_area": 53753528.7047, "Shape_len": 35859.6205264, "YEAR": 2010, "REGIONA": 3, "DIVISIONA": 7, "STATE": "Texas", "STATEA": 48, "COUNTY": "Webb County", "COUNTYA": 479, "COUSUBA": NaN, "PLACEA": NaN, "TRACTA": 1816, "BLKGRPA": NaN, "BLOCKA": NaN, "CONCITA": NaN, "AIANHHA": NaN, "RES_ONLYA": NaN, "TRUSTA": NaN, "AITSCEA": NaN, "TTRACTA": NaN, "TBLKGRPA": NaN, "ANRCA": NaN, "CBSAA": 29700, "METDIVA": 99999, "CSAA": 999, "NECTAA": NaN, "NECTADIVA": NaN, "CNECTAA": NaN, "UAA": NaN, "URBRURALA": NaN, "CDA": NaN, "SLDUA": NaN, "SLDLA": NaN, "ZCTA5A": NaN, "SUBMCDA": NaN, "SDELMA": NaN, "SDSECA": NaN, "SDUNIA": NaN, "NAME": "Census Tract 18.16", "SABINSA": NaN, "TOTPOP": 4689, "H7X001": 4689, "WHITE": 4353, "BLACK": 20, "AIAN": 6, "ASIAN": 13, "NHPI": 8, "H7X007": 273, "H7X008": 16, "H7Y001": 4689, "H7Y002": 112, "HISP": 4577, "C_X": -335883.69610691495, "C_Y": -1104153.270149998, "id": 16562}, {"boundary_node": false, "area": 8710780.649084684, "STATEFP10": "48", "COUNTYFP10": "479", "TRACTCE10": "001602", "GEOID10": "48479001602", "NAME10": "16.02", "NAMELSAD10": "Census Tract 16.02", "MTFCC10": "G5020", "FUNCSTAT10": "S", "ALAND10": 8710779, "AWATER10": 0, "INTPTLAT10": "+27.5679032", "INTPTLON10": "-099.4567623", "GISJOIN": "G4804790001602", "Shape_area": 8710780.64908, "Shape_len": 14932.752015, "YEAR": 2010, "REGIONA": 3, "DIVISIONA": 7, "STATE": "Texas", "STATEA": 48, "COUNTY": "Webb County", "COUNTYA": 479, "COUSUBA": NaN, "PLACEA": NaN, "TRACTA": 1602, "BLKGRPA": NaN, "BLOCKA": NaN, "CONCITA": NaN, "AIANHHA": NaN, "RES_ONLYA": NaN, "TRUSTA": NaN, "AITSCEA": NaN, "TTRACTA": NaN, "TBLKGRPA": NaN, "ANRCA": NaN, "CBSAA": 29700, "METDIVA": 99999, "CSAA": 999, "NECTAA": NaN, "NECTADIVA": NaN, "CNECTAA": NaN, "UAA": NaN, "URBRURALA": NaN, "CDA": NaN, "SLDUA": NaN, "SLDLA": NaN, "ZCTA5A": NaN, "SUBMCDA": NaN, "SDELMA": NaN, "SDSECA": NaN, "SDUNIA": NaN, "NAME": "Census Tract 16.02", "SABINSA": NaN, "TOTPOP": 3799, "H7X001": 3799, "WHITE": 3387, "BLACK": 26, "AIAN": 16, "ASIAN": 131, "NHPI": 0, "H7X007": 198, "H7X008": 41, "H7Y001": 3799, "H7Y002": 466, "HISP": 3333, "C_X": -342956.91469665, "C_Y": -1100263.2516499995, "id": 16563}, {"boundary_node": false, "area": 4561958.913943341, "STATEFP10": "48", "COUNTYFP10": "479", "TRACTCE10": "980000", "GEOID10": "48479980000", "NAME10": "9800", "NAMELSAD10": "Census Tract 9800", "MTFCC10": "G5020", "FUNCSTAT10": "S", "ALAND10": 4561960, "AWATER10": 0, "INTPTLAT10": "+27.5445191", "INTPTLON10": "-099.4624547", "GISJOIN": "G4804790980000", "Shape_area": 4561958.91394, "Shape_len": 10705.2730318, "YEAR": 2010, "REGIONA": 3, "DIVISIONA": 7, "STATE": "Texas", "STATEA": 48, "COUNTY": "Webb County", "COUNTYA": 479, "COUSUBA": NaN, "PLACEA": NaN, "TRACTA": 980000, "BLKGRPA": NaN, "BLOCKA": NaN, "CONCITA": NaN, "AIANHHA": NaN, "RES_ONLYA": NaN, "TRUSTA": NaN, "AITSCEA": NaN, "TTRACTA": NaN, "TBLKGRPA": NaN, "ANRCA": NaN, "CBSAA": 29700, "METDIVA": 99999, "CSAA": 999, "NECTAA": NaN, "NECTADIVA": NaN, "CNECTAA": NaN, "UAA": NaN, "URBRURALA": NaN, "CDA": NaN, "SLDUA": NaN, "SLDLA": NaN, "ZCTA5A": NaN, "SUBMCDA": NaN, "SDELMA": NaN, "SDSECA": NaN, "SDUNIA": NaN, "NAME": "Census Tract 9800", "SABINSA": NaN, "TOTPOP": 2, "H7X001": 2, "WHITE": 2, "BLACK": 0, "AIAN": 0, "ASIAN": 0, "NHPI": 0, "H7X007": 0, "H7X008": 0, "H7Y001": 2, "H7Y002": 0, "HISP": 2, "C_X": -343517.10718742944, "C_Y": -1102699.1944000004, "id": 16564}, {"boundary_node": false, "area": 1296741.9357851713, "STATEFP10": "48", "COUNTYFP10": "479", "TRACTCE10": "001811", "GEOID10": "48479001811", "NAME10": "18.11", "NAMELSAD10": "Census Tract 18.11", "MTFCC10": "G5020", "FUNCSTAT10": "S", "ALAND10": 1296743, "AWATER10": 0, "INTPTLAT10": "+27.4880166", "INTPTLON10": "-099.4560569", "GISJOIN": "G4804790001811", "Shape_area": 1296741.93579, "Shape_len": 5661.23204302, "YEAR": 2010, "REGIONA": 3, "DIVISIONA": 7, "STATE": "Texas", "STATEA": 48, "COUNTY": "Webb County", "COUNTYA": 479, "COUSUBA": NaN, "PLACEA": NaN, "TRACTA": 1811, "BLKGRPA": NaN, "BLOCKA": NaN, "CONCITA": NaN, "AIANHHA": NaN, "RES_ONLYA": NaN, "TRUSTA": NaN, "AITSCEA": NaN, "TTRACTA": NaN, "TBLKGRPA": NaN, "ANRCA": NaN, "CBSAA": 29700, "METDIVA": 99999, "CSAA": 999, "NECTAA": NaN, "NECTADIVA": NaN, "CNECTAA": NaN, "UAA": NaN, "URBRURALA": NaN, "CDA": NaN, "SLDUA": NaN, "SLDLA": NaN, "ZCTA5A": NaN, "SUBMCDA": NaN, "SDELMA": NaN, "SDSECA": NaN, "SDUNIA": NaN, "NAME": "Census Tract 18.11", "SABINSA": NaN, "TOTPOP": 4477, "H7X001": 4477, "WHITE": 4086, "BLACK": 10, "AIAN": 2, "ASIAN": 6, "NHPI": 1, "H7X007": 320, "H7X008": 52, "H7Y001": 4477, "H7Y002": 125, "HISP": 4352, "C_X": -343317.66547335335, "C_Y": -1109090.7024000012, "id": 16565}, {"boundary_node": false, "area": 990584.145158116, "STATEFP10": "48", "COUNTYFP10": "479", "TRACTCE10": "000106", "GEOID10": "48479000106", "NAME10": "1.06", "NAMELSAD10": "Census Tract 1.06", "MTFCC10": "G5020", "FUNCSTAT10": "S", "ALAND10": 990585, "AWATER10": 0, "INTPTLAT10": "+27.4850086", "INTPTLON10": "-099.4671138", "GISJOIN": "G4804790000106", "Shape_area": 990584.145158, "Shape_len": 4181.10541377, "YEAR": 2010, "REGIONA": 3, "DIVISIONA": 7, "STATE": "Texas", "STATEA": 48, "COUNTY": "Webb County", "COUNTYA": 479, "COUSUBA": NaN, "PLACEA": NaN, "TRACTA": 106, "BLKGRPA": NaN, "BLOCKA": NaN, "CONCITA": NaN, "AIANHHA": NaN, "RES_ONLYA": NaN, "TRUSTA": NaN, "AITSCEA": NaN, "TTRACTA": NaN, "TBLKGRPA": NaN, "ANRCA": NaN, "CBSAA": 29700, "METDIVA": 99999, "CSAA": 999, "NECTAA": NaN, "NECTADIVA": NaN, "CNECTAA": NaN, "UAA": NaN, "URBRURALA": NaN, "CDA": NaN, "SLDUA": NaN, "SLDLA": NaN, "ZCTA5A": NaN, "SUBMCDA": NaN, "SDELMA": NaN, "SDSECA": NaN, "SDUNIA": NaN, "NAME": "Census Tract 1.06", "SABINSA": NaN, "TOTPOP": 4269, "H7X001": 4269, "WHITE": 3596, "BLACK": 8, "AIAN": 23, "ASIAN": 0, "NHPI": 0, "H7X007": 580, "H7X008": 62, "H7Y001": 4269, "H7Y002": 51, "HISP": 4218, "C_X": -344231.2059561589, "C_Y": -1109338.2582999992, "id": 16566}, {"boundary_node": false, "area": 807464.7679837721, "STATEFP10": "48", "COUNTYFP10": "479", "TRACTCE10": "000107", "GEOID10": "48479000107", "NAME10": "1.07", "NAMELSAD10": "Census Tract 1.07", "MTFCC10": "G5020", "FUNCSTAT10": "S", "ALAND10": 807465, "AWATER10": 0, "INTPTLAT10": "+27.4774348", "INTPTLON10": "-099.4682515", "GISJOIN": "G4804790000107", "Shape_area": 807464.767984, "Shape_len": 3961.27394903, "YEAR": 2010, "REGIONA": 3, "DIVISIONA": 7, "STATE": "Texas", "STATEA": 48, "COUNTY": "Webb County", "COUNTYA": 479, "COUSUBA": NaN, "PLACEA": NaN, "TRACTA": 107, "BLKGRPA": NaN, "BLOCKA": NaN, "CONCITA": NaN, "AIANHHA": NaN, "RES_ONLYA": NaN, "TRUSTA": NaN, "AITSCEA": NaN, "TTRACTA": NaN, "TBLKGRPA": NaN, "ANRCA": NaN, "CBSAA": 29700, "METDIVA": 99999, "CSAA": 999, "NECTAA": NaN, "NECTADIVA": NaN, "CNECTAA": NaN, "UAA": NaN, "URBRURALA": NaN, "CDA": NaN, "SLDUA": NaN, "SLDLA": NaN, "ZCTA5A": NaN, "SUBMCDA": NaN, "SDELMA": NaN, "SDSECA": NaN, "SDUNIA": NaN, "NAME": "Census Tract 1.07", "SABINSA": NaN, "TOTPOP": 3265, "H7X001": 3265, "WHITE": 2653, "BLACK": 22, "AIAN": 34, "ASIAN": 3, "NHPI": 0, "H7X007": 499, "H7X008": 54, "H7Y001": 3265, "H7Y002": 42, "HISP": 3223, "C_X": -344404.0659478395, "C_Y": -1110229.2641500002, "id": 16567}, {"boundary_node": true, "boundary_perim": 12367.597916895538, "area": 53170393.81759242, "STATEFP10": "48", "COUNTYFP10": "479", "TRACTCE10": "001711", "GEOID10": "48479001711", "NAME10": "17.11", "NAMELSAD10": "Census Tract 17.11", "MTFCC10": "G5020", "FUNCSTAT10": "S", "ALAND10": 52505600, "AWATER10": 664795, "INTPTLAT10": "+27.6374140", "INTPTLON10": "-099.5405990", "GISJOIN": "G4804790001711", "Shape_area": 53170393.8176, "Shape_len": 47086.4527934, "YEAR": 2010, "REGIONA": 3, "DIVISIONA": 7, "STATE": "Texas", "STATEA": 48, "COUNTY": "Webb County", "COUNTYA": 479, "COUSUBA": NaN, "PLACEA": NaN, "TRACTA": 1711, "BLKGRPA": NaN, "BLOCKA": NaN, "CONCITA": NaN, "AIANHHA": NaN, "RES_ONLYA": NaN, "TRUSTA": NaN, "AITSCEA": NaN, "TTRACTA": NaN, "TBLKGRPA": NaN, "ANRCA": NaN, "CBSAA": 29700, "METDIVA": 99999, "CSAA": 999, "NECTAA": NaN, "NECTADIVA": NaN, "CNECTAA": NaN, "UAA": NaN, "URBRURALA": NaN, "CDA": NaN, "SLDUA": NaN, "SLDLA": NaN, "ZCTA5A": NaN, "SUBMCDA": NaN, "SDELMA": NaN, "SDSECA": NaN, "SDUNIA": NaN, "NAME": "Census Tract 17.11", "SABINSA": NaN, "TOTPOP": 5208, "H7X001": 5208, "WHITE": 4660, "BLACK": 32, "AIAN": 32, "ASIAN": 16, "NHPI": 0, "H7X007": 396, "H7X008": 72, "H7Y001": 5208, "H7Y002": 407, "HISP": 4801, "C_X": -352864.45018212066, "C_Y": -1091987.2715500006, "id": 16568}, {"boundary_node": false, "area": 1106842.2489408045, "STATEFP10": "48", "COUNTYFP10": "479", "TRACTCE10": "001721", "GEOID10": "48479001721", "NAME10": "17.21", "NAMELSAD10": "Census Tract 17.21", "MTFCC10": "G5020", "FUNCSTAT10": "S", "ALAND10": 1106843, "AWATER10": 0, "INTPTLAT10": "+27.5794068", "INTPTLON10": "-099.4773820", "GISJOIN": "G4804790001721", "Shape_area": 1106842.24894, "Shape_len": 4494.05382801, "YEAR": 2010, "REGIONA": 3, "DIVISIONA": 7, "STATE": "Texas", "STATEA": 48, "COUNTY": "Webb County", "COUNTYA": 479, "COUSUBA": NaN, "PLACEA": NaN, "TRACTA": 1721, "BLKGRPA": NaN, "BLOCKA": NaN, "CONCITA": NaN, "AIANHHA": NaN, "RES_ONLYA": NaN, "TRUSTA": NaN, "AITSCEA": NaN, "TTRACTA": NaN, "TBLKGRPA": NaN, "ANRCA": NaN, "CBSAA": 29700, "METDIVA": 99999, "CSAA": 999, "NECTAA": NaN, "NECTADIVA": NaN, "CNECTAA": NaN, "UAA": NaN, "URBRURALA": NaN, "CDA": NaN, "SLDUA": NaN, "SLDLA": NaN, "ZCTA5A": NaN, "SUBMCDA": NaN, "SDELMA": NaN, "SDSECA": NaN, "SDUNIA": NaN, "NAME": "Census Tract 17.21", "SABINSA": NaN, "TOTPOP": 2365, "H7X001": 2365, "WHITE": 2180, "BLACK": 1, "AIAN": 12, "ASIAN": 18, "NHPI": 0, "H7X007": 108, "H7X008": 46, "H7Y001": 2365, "H7Y002": 192, "HISP": 2173, "C_X": -344887.87636376964, "C_Y": -1098928.3514500004, "id": 16569}, {"boundary_node": false, "area": 5169280.849507722, "STATEFP10": "48", "COUNTYFP10": "479", "TRACTCE10": "001712", "GEOID10": "48479001712", "NAME10": "17.12", "NAMELSAD10": "Census Tract 17.12", "MTFCC10": "G5020", "FUNCSTAT10": "S", "ALAND10": 5169276, "AWATER10": 0, "INTPTLAT10": "+27.5937158", "INTPTLON10": "-099.4880042", "GISJOIN": "G4804790001712", "Shape_area": 5169280.84951, "Shape_len": 10467.0069518, "YEAR": 2010, "REGIONA": 3, "DIVISIONA": 7, "STATE": "Texas", "STATEA": 48, "COUNTY": "Webb County", "COUNTYA": 479, "COUSUBA": NaN, "PLACEA": NaN, "TRACTA": 1712, "BLKGRPA": NaN, "BLOCKA": NaN, "CONCITA": NaN, "AIANHHA": NaN, "RES_ONLYA": NaN, "TRUSTA": NaN, "AITSCEA": NaN, "TTRACTA": NaN, "TBLKGRPA": NaN, "ANRCA": NaN, "CBSAA": 29700, "METDIVA": 99999, "CSAA": 999, "NECTAA": NaN, "NECTADIVA": NaN, "CNECTAA": NaN, "UAA": NaN, "URBRURALA": NaN, "CDA": NaN, "SLDUA": NaN, "SLDLA": NaN, "ZCTA5A": NaN, "SUBMCDA": NaN, "SDELMA": NaN, "SDSECA": NaN, "SDUNIA": NaN, "NAME": "Census Tract 17.12", "SABINSA": NaN, "TOTPOP": 6964, "H7X001": 6964, "WHITE": 6394, "BLACK": 38, "AIAN": 16, "ASIAN": 77, "NHPI": 1, "H7X007": 378, "H7X008": 60, "H7Y001": 6964, "H7Y002": 567, "HISP": 6397, "C_X": -345804.146560503, "C_Y": -1097283.2257499988, "id": 16570}, {"boundary_node": false, "area": 2646106.506556942, "STATEFP10": "48", "COUNTYFP10": "479", "TRACTCE10": "001720", "GEOID10": "48479001720", "NAME10": "17.20", "NAMELSAD10": "Census Tract 17.20", "MTFCC10": "G5020", "FUNCSTAT10": "S", "ALAND10": 2646106, "AWATER10": 0, "INTPTLAT10": "+27.5743912", "INTPTLON10": "-099.4913181", "GISJOIN": "G4804790001720", "Shape_area": 2646106.50656, "Shape_len": 7333.33718791, "YEAR": 2010, "REGIONA": 3, "DIVISIONA": 7, "STATE": "Texas", "STATEA": 48, "COUNTY": "Webb County", "COUNTYA": 479, "COUSUBA": NaN, "PLACEA": NaN, "TRACTA": 1720, "BLKGRPA": NaN, "BLOCKA": NaN, "CONCITA": NaN, "AIANHHA": NaN, "RES_ONLYA": NaN, "TRUSTA": NaN, "AITSCEA": NaN, "TTRACTA": NaN, "TBLKGRPA": NaN, "ANRCA": NaN, "CBSAA": 29700, "METDIVA": 99999, "CSAA": 999, "NECTAA": NaN, "NECTADIVA": NaN, "CNECTAA": NaN, "UAA": NaN, "URBRURALA": NaN, "CDA": NaN, "SLDUA": NaN, "SLDLA": NaN, "ZCTA5A": NaN, "SUBMCDA": NaN, "SDELMA": NaN, "SDSECA": NaN, "SDUNIA": NaN, "NAME": "Census Tract 17.20", "SABINSA": NaN, "TOTPOP": 5242, "H7X001": 5242, "WHITE": 4777, "BLACK": 14, "AIAN": 21, "ASIAN": 22, "NHPI": 0, "H7X007": 300, "H7X008": 108, "H7Y001": 5242, "H7Y002": 306, "HISP": 4936, "C_X": -346285.89206990064, "C_Y": -1099293.1054499997, "id": 16571}, {"boundary_node": false, "area": 2818344.7761012297, "STATEFP10": "48", "COUNTYFP10": "479", "TRACTCE10": "001601", "GEOID10": "48479001601", "NAME10": "16.01", "NAMELSAD10": "Census Tract 16.01", "MTFCC10": "G5020", "FUNCSTAT10": "S", "ALAND10": 2818349, "AWATER10": 0, "INTPTLAT10": "+27.5418576", "INTPTLON10": "-099.4763557", "GISJOIN": "G4804790001601", "Shape_area": 2818344.7761, "Shape_len": 8236.23415223, "YEAR": 2010, "REGIONA": 3, "DIVISIONA": 7, "STATE": "Texas", "STATEA": 48, "COUNTY": "Webb County", "COUNTYA": 479, "COUSUBA": NaN, "PLACEA": NaN, "TRACTA": 1601, "BLKGRPA": NaN, "BLOCKA": NaN, "CONCITA": NaN, "AIANHHA": NaN, "RES_ONLYA": NaN, "TRUSTA": NaN, "AITSCEA": NaN, "TTRACTA": NaN, "TBLKGRPA": NaN, "ANRCA": NaN, "CBSAA": 29700, "METDIVA": 99999, "CSAA": 999, "NECTAA": NaN, "NECTADIVA": NaN, "CNECTAA": NaN, "UAA": NaN, "URBRURALA": NaN, "CDA": NaN, "SLDUA": NaN, "SLDLA": NaN, "ZCTA5A": NaN, "SUBMCDA": NaN, "SDELMA": NaN, "SDSECA": NaN, "SDUNIA": NaN, "NAME": "Census Tract 16.01", "SABINSA": NaN, "TOTPOP": 4025, "H7X001": 4025, "WHITE": 3636, "BLACK": 22, "AIAN": 9, "ASIAN": 24, "NHPI": 0, "H7X007": 273, "H7X008": 61, "H7Y001": 4025, "H7Y002": 198, "HISP": 3827, "C_X": -344937.9924864387, "C_Y": -1103013.5771499993, "id": 16572}, {"boundary_node": false, "area": 1167415.9382035322, "STATEFP10": "48", "COUNTYFP10": "479", "TRACTCE10": "001719", "GEOID10": "48479001719", "NAME10": "17.19", "NAMELSAD10": "Census Tract 17.19", "MTFCC10": "G5020", "FUNCSTAT10": "S", "ALAND10": 1167415, "AWATER10": 0, "INTPTLAT10": "+27.5514465", "INTPTLON10": "-099.4857093", "GISJOIN": "G4804790001719", "Shape_area": 1167415.9382, "Shape_len": 4668.95431968, "YEAR": 2010, "REGIONA": 3, "DIVISIONA": 7, "STATE": "Texas", "STATEA": 48, "COUNTY": "Webb County", "COUNTYA": 479, "COUSUBA": NaN, "PLACEA": NaN, "TRACTA": 1719, "BLKGRPA": NaN, "BLOCKA": NaN, "CONCITA": NaN, "AIANHHA": NaN, "RES_ONLYA": NaN, "TRUSTA": NaN, "AITSCEA": NaN, "TTRACTA": NaN, "TBLKGRPA": NaN, "ANRCA": NaN, "CBSAA": 29700, "METDIVA": 99999, "CSAA": 999, "NECTAA": NaN, "NECTADIVA": NaN, "CNECTAA": NaN, "UAA": NaN, "URBRURALA": NaN, "CDA": NaN, "SLDUA": NaN, "SLDLA": NaN, "ZCTA5A": NaN, "SUBMCDA": NaN, "SDELMA": NaN, "SDSECA": NaN, "SDUNIA": NaN, "NAME": "Census Tract 17.19", "SABINSA": NaN, "TOTPOP": 3218, "H7X001": 3218, "WHITE": 2909, "BLACK": 17, "AIAN": 24, "ASIAN": 12, "NHPI": 0, "H7X007": 205, "H7X008": 51, "H7Y001": 3218, "H7Y002": 209, "HISP": 3009, "C_X": -345829.4599025494, "C_Y": -1102016.1790500006, "id": 16573}, {"boundary_node": false, "area": 1571802.6052324034, "STATEFP10": "48", "COUNTYFP10": "479", "TRACTCE10": "001718", "GEOID10": "48479001718", "NAME10": "17.18", "NAMELSAD10": "Census Tract 17.18", "MTFCC10": "G5020", "FUNCSTAT10": "S", "ALAND10": 1571802, "AWATER10": 0, "INTPTLAT10": "+27.5524092", "INTPTLON10": "-099.4969385", "GISJOIN": "G4804790001718", "Shape_area": 1571802.60523, "Shape_len": 4769.29953872, "YEAR": 2010, "REGIONA": 3, "DIVISIONA": 7, "STATE": "Texas", "STATEA": 48, "COUNTY": "Webb County", "COUNTYA": 479, "COUSUBA": NaN, "PLACEA": NaN, "TRACTA": 1718, "BLKGRPA": NaN, "BLOCKA": NaN, "CONCITA": NaN, "AIANHHA": NaN, "RES_ONLYA": NaN, "TRUSTA": NaN, "AITSCEA": NaN, "TTRACTA": NaN, "TBLKGRPA": NaN, "ANRCA": NaN, "CBSAA": 29700, "METDIVA": 99999, "CSAA": 999, "NECTAA": NaN, "NECTADIVA": NaN, "CNECTAA": NaN, "UAA": NaN, "URBRURALA": NaN, "CDA": NaN, "SLDUA": NaN, "SLDLA": NaN, "ZCTA5A": NaN, "SUBMCDA": NaN, "SDELMA": NaN, "SDSECA": NaN, "SDUNIA": NaN, "NAME": "Census Tract 17.18", "SABINSA": NaN, "TOTPOP": 2330, "H7X001": 2330, "WHITE": 2185, "BLACK": 7, "AIAN": 12, "ASIAN": 29, "NHPI": 0, "H7X007": 78, "H7X008": 19, "H7Y001": 2330, "H7Y002": 181, "HISP": 2149, "C_X": -346915.7437724021, "C_Y": -1101821.7947999993, "id": 16574}, {"boundary_node": false, "area": 1613028.2785280098, "STATEFP10": "48", "COUNTYFP10": "479", "TRACTCE10": "001401", "GEOID10": "48479001401", "NAME10": "14.01", "NAMELSAD10": "Census Tract 14.01", "MTFCC10": "G5020", "FUNCSTAT10": "S", "ALAND10": 1613030, "AWATER10": 0, "INTPTLAT10": "+27.5372213", "INTPTLON10": "-099.5079524", "GISJOIN": "G4804790001401", "Shape_area": 1613028.27853, "Shape_len": 5389.22197611, "YEAR": 2010, "REGIONA": 3, "DIVISIONA": 7, "STATE": "Texas", "STATEA": 48, "COUNTY": "Webb County", "COUNTYA": 479, "COUSUBA": NaN, "PLACEA": NaN, "TRACTA": 1401, "BLKGRPA": NaN, "BLOCKA": NaN, "CONCITA": NaN, "AIANHHA": NaN, "RES_ONLYA": NaN, "TRUSTA": NaN, "AITSCEA": NaN, "TTRACTA": NaN, "TBLKGRPA": NaN, "ANRCA": NaN, "CBSAA": 29700, "METDIVA": 99999, "CSAA": 999, "NECTAA": NaN, "NECTADIVA": NaN, "CNECTAA": NaN, "UAA": NaN, "URBRURALA": NaN, "CDA": NaN, "SLDUA": NaN, "SLDLA": NaN, "ZCTA5A": NaN, "SUBMCDA": NaN, "SDELMA": NaN, "SDSECA": NaN, "SDUNIA": NaN, "NAME": "Census Tract 14.01", "SABINSA": NaN, "TOTPOP": 3857, "H7X001": 3857, "WHITE": 3221, "BLACK": 5, "AIAN": 20, "ASIAN": 3, "NHPI": 0, "H7X007": 538, "H7X008": 70, "H7Y001": 3857, "H7Y002": 96, "HISP": 3761, "C_X": -348084.96029462444, "C_Y": -1103388.7709500007, "id": 16575}, {"boundary_node": true, "boundary_perim": 1173.6890065203843, "area": 7420517.710557243, "STATEFP10": "48", "COUNTYFP10": "479", "TRACTCE10": "001715", "GEOID10": "48479001715", "NAME10": "17.15", "NAMELSAD10": "Census Tract 17.15", "MTFCC10": "G5020", "FUNCSTAT10": "S", "ALAND10": 7202527, "AWATER10": 217988, "INTPTLAT10": "+27.5981858", "INTPTLON10": "-099.5053871", "GISJOIN": "G4804790001715", "Shape_area": 7420517.71056, "Shape_len": 13833.0962767, "YEAR": 2010, "REGIONA": 3, "DIVISIONA": 7, "STATE": "Texas", "STATEA": 48, "COUNTY": "Webb County", "COUNTYA": 479, "COUSUBA": NaN, "PLACEA": NaN, "TRACTA": 1715, "BLKGRPA": NaN, "BLOCKA": NaN, "CONCITA": NaN, "AIANHHA": NaN, "RES_ONLYA": NaN, "TRUSTA": NaN, "AITSCEA": NaN, "TTRACTA": NaN, "TBLKGRPA": NaN, "ANRCA": NaN, "CBSAA": 29700, "METDIVA": 99999, "CSAA": 999, "NECTAA": NaN, "NECTADIVA": NaN, "CNECTAA": NaN, "UAA": NaN, "URBRURALA": NaN, "CDA": NaN, "SLDUA": NaN, "SLDLA": NaN, "ZCTA5A": NaN, "SUBMCDA": NaN, "SDELMA": NaN, "SDSECA": NaN, "SDUNIA": NaN, "NAME": "Census Tract 17.15", "SABINSA": NaN, "TOTPOP": 6486, "H7X001": 6486, "WHITE": 5624, "BLACK": 29, "AIAN": 10, "ASIAN": 43, "NHPI": 3, "H7X007": 675, "H7X008": 102, "H7Y001": 6486, "H7Y002": 316, "HISP": 6170, "C_X": -348633.4913494397, "C_Y": -1096938.6388499998, "id": 16576}, {"boundary_node": true, "boundary_perim": 851.0614069361936, "area": 1620001.4113858598, "STATEFP10": "48", "COUNTYFP10": "479", "TRACTCE10": "001716", "GEOID10": "48479001716", "NAME10": "17.16", "NAMELSAD10": "Census Tract 17.16", "MTFCC10": "G5020", "FUNCSTAT10": "S", "ALAND10": 1554712, "AWATER10": 65292, "INTPTLAT10": "+27.5856237", "INTPTLON10": "-099.5215139", "GISJOIN": "G4804790001716", "Shape_area": 1620001.41139, "Shape_len": 5924.53854143, "YEAR": 2010, "REGIONA": 3, "DIVISIONA": 7, "STATE": "Texas", "STATEA": 48, "COUNTY": "Webb County", "COUNTYA": 479, "COUSUBA": NaN, "PLACEA": NaN, "TRACTA": 1716, "BLKGRPA": NaN, "BLOCKA": NaN, "CONCITA": NaN, "AIANHHA": NaN, "RES_ONLYA": NaN, "TRUSTA": NaN, "AITSCEA": NaN, "TTRACTA": NaN, "TBLKGRPA": NaN, "ANRCA": NaN, "CBSAA": 29700, "METDIVA": 99999, "CSAA": 999, "NECTAA": NaN, "NECTADIVA": NaN, "CNECTAA": NaN, "UAA": NaN, "URBRURALA": NaN, "CDA": NaN, "SLDUA": NaN, "SLDLA": NaN, "ZCTA5A": NaN, "SUBMCDA": NaN, "SDELMA": NaN, "SDSECA": NaN, "SDUNIA": NaN, "NAME": "Census Tract 17.16", "SABINSA": NaN, "TOTPOP": 6221, "H7X001": 6221, "WHITE": 5395, "BLACK": 17, "AIAN": 37, "ASIAN": 24, "NHPI": 0, "H7X007": 664, "H7X008": 84, "H7Y001": 6221, "H7Y002": 188, "HISP": 6033, "C_X": -349239.25459535664, "C_Y": -1098097.016699999, "id": 16577}, {"boundary_node": true, "boundary_perim": 797.4030910650563, "area": 2562291.9147671727, "STATEFP10": "48", "COUNTYFP10": "479", "TRACTCE10": "000105", "GEOID10": "48479000105", "NAME10": "1.05", "NAMELSAD10": "Census Tract 1.05", "MTFCC10": "G5020", "FUNCSTAT10": "S", "ALAND10": 2503726, "AWATER10": 58566, "INTPTLAT10": "+27.4910010", "INTPTLON10": "-099.4670201", "GISJOIN": "G4804790000105", "Shape_area": 2562291.91477, "Shape_len": 10691.4455603, "YEAR": 2010, "REGIONA": 3, "DIVISIONA": 7, "STATE": "Texas", "STATEA": 48, "COUNTY": "Webb County", "COUNTYA": 479, "COUSUBA": NaN, "PLACEA": NaN, "TRACTA": 105, "BLKGRPA": NaN, "BLOCKA": NaN, "CONCITA": NaN, "AIANHHA": NaN, "RES_ONLYA": NaN, "TRUSTA": NaN, "AITSCEA": NaN, "TTRACTA": NaN, "TBLKGRPA": NaN, "ANRCA": NaN, "CBSAA": 29700, "METDIVA": 99999, "CSAA": 999, "NECTAA": NaN, "NECTADIVA": NaN, "CNECTAA": NaN, "UAA": NaN, "URBRURALA": NaN, "CDA": NaN, "SLDUA": NaN, "SLDLA": NaN, "ZCTA5A": NaN, "SUBMCDA": NaN, "SDELMA": NaN, "SDSECA": NaN, "SDUNIA": NaN, "NAME": "Census Tract 1.05", "SABINSA": NaN, "TOTPOP": 2580, "H7X001": 2580, "WHITE": 2144, "BLACK": 8, "AIAN": 20, "ASIAN": 0, "NHPI": 1, "H7X007": 336, "H7X008": 71, "H7Y001": 2580, "H7Y002": 34, "HISP": 2546, "C_X": -345045.99951560283, "C_Y": -1108923.3560999986, "id": 16578}, {"boundary_node": true, "boundary_perim": 357756.09505138476, "area": 5679496552.340862, "STATEFP10": "48", "COUNTYFP10": "479", "TRACTCE10": "001710", "GEOID10": "48479001710", "NAME10": "17.10", "NAMELSAD10": "Census Tract 17.10", "MTFCC10": "G5020", "FUNCSTAT10": "S", "ALAND10": 5659820679, "AWATER10": 19631470, "INTPTLAT10": "+27.9177306", "INTPTLON10": "-099.4483075", "GISJOIN": "G4804790001710", "Shape_area": 5679496552.34, "Shape_len": 424104.847018, "YEAR": 2010, "REGIONA": 3, "DIVISIONA": 7, "STATE": "Texas", "STATEA": 48, "COUNTY": "Webb County", "COUNTYA": 479, "COUSUBA": NaN, "PLACEA": NaN, "TRACTA": 1710, "BLKGRPA": NaN, "BLOCKA": NaN, "CONCITA": NaN, "AIANHHA": NaN, "RES_ONLYA": NaN, "TRUSTA": NaN, "AITSCEA": NaN, "TTRACTA": NaN, "TBLKGRPA": NaN, "ANRCA": NaN, "CBSAA": 29700, "METDIVA": 99999, "CSAA": 999, "NECTAA": NaN, "NECTADIVA": NaN, "CNECTAA": NaN, "UAA": NaN, "URBRURALA": NaN, "CDA": NaN, "SLDUA": NaN, "SLDLA": NaN, "ZCTA5A": NaN, "SUBMCDA": NaN, "SDELMA": NaN, "SDSECA": NaN, "SDUNIA": NaN, "NAME": "Census Tract 17.10", "SABINSA": NaN, "TOTPOP": 2058, "H7X001": 2058, "WHITE": 1658, "BLACK": 6, "AIAN": 10, "ASIAN": 3, "NHPI": 1, "H7X007": 357, "H7X008": 23, "H7Y001": 2058, "H7Y002": 108, "HISP": 1950, "C_X": -331343.2117046326, "C_Y": -1065358.1984999995, "id": 16579}, {"boundary_node": false, "area": 1085126.8952322335, "STATEFP10": "48", "COUNTYFP10": "479", "TRACTCE10": "001105", "GEOID10": "48479001105", "NAME10": "11.05", "NAMELSAD10": "Census Tract 11.05", "MTFCC10": "G5020", "FUNCSTAT10": "S", "ALAND10": 1085130, "AWATER10": 0, "INTPTLAT10": "+27.5211435", "INTPTLON10": "-099.4597631", "GISJOIN": "G4804790001105", "Shape_area": 1085126.89523, "Shape_len": 5031.0451447, "YEAR": 2010, "REGIONA": 3, "DIVISIONA": 7, "STATE": "Texas", "STATEA": 48, "COUNTY": "Webb County", "COUNTYA": 479, "COUSUBA": NaN, "PLACEA": NaN, "TRACTA": 1105, "BLKGRPA": NaN, "BLOCKA": NaN, "CONCITA": NaN, "AIANHHA": NaN, "RES_ONLYA": NaN, "TRUSTA": NaN, "AITSCEA": NaN, "TTRACTA": NaN, "TBLKGRPA": NaN, "ANRCA": NaN, "CBSAA": 29700, "METDIVA": 99999, "CSAA": 999, "NECTAA": NaN, "NECTADIVA": NaN, "CNECTAA": NaN, "UAA": NaN, "URBRURALA": NaN, "CDA": NaN, "SLDUA": NaN, "SLDLA": NaN, "ZCTA5A": NaN, "SUBMCDA": NaN, "SDELMA": NaN, "SDSECA": NaN, "SDUNIA": NaN, "NAME": "Census Tract 11.05", "SABINSA": NaN, "TOTPOP": 2716, "H7X001": 2716, "WHITE": 2369, "BLACK": 14, "AIAN": 6, "ASIAN": 13, "NHPI": 0, "H7X007": 280, "H7X008": 34, "H7Y001": 2716, "H7Y002": 61, "HISP": 2655, "C_X": -343365.8840896903, "C_Y": -1105395.2135, "id": 16580}, {"boundary_node": false, "area": 415569.44995058747, "STATEFP10": "48", "COUNTYFP10": "479", "TRACTCE10": "001103", "GEOID10": "48479001103", "NAME10": "11.03", "NAMELSAD10": "Census Tract 11.03", "MTFCC10": "G5020", "FUNCSTAT10": "S", "ALAND10": 415569, "AWATER10": 0, "INTPTLAT10": "+27.5203409", "INTPTLON10": "-099.4654479", "GISJOIN": "G4804790001103", "Shape_area": 415569.449951, "Shape_len": 2655.26894139, "YEAR": 2010, "REGIONA": 3, "DIVISIONA": 7, "STATE": "Texas", "STATEA": 48, "COUNTY": "Webb County", "COUNTYA": 479, "COUSUBA": NaN, "PLACEA": NaN, "TRACTA": 1103, "BLKGRPA": NaN, "BLOCKA": NaN, "CONCITA": NaN, "AIANHHA": NaN, "RES_ONLYA": NaN, "TRUSTA": NaN, "AITSCEA": NaN, "TTRACTA": NaN, "TBLKGRPA": NaN, "ANRCA": NaN, "CBSAA": 29700, "METDIVA": 99999, "CSAA": 999, "NECTAA": NaN, "NECTADIVA": NaN, "CNECTAA": NaN, "UAA": NaN, "URBRURALA": NaN, "CDA": NaN, "SLDUA": NaN, "SLDLA": NaN, "ZCTA5A": NaN, "SUBMCDA": NaN, "SDELMA": NaN, "SDSECA": NaN, "SDUNIA": NaN, "NAME": "Census Tract 11.03", "SABINSA": NaN, "TOTPOP": 1770, "H7X001": 1770, "WHITE": 1495, "BLACK": 8, "AIAN": 18, "ASIAN": 2, "NHPI": 0, "H7X007": 219, "H7X008": 28, "H7Y001": 1770, "H7Y002": 44, "HISP": 1726, "C_X": -343936.982498231, "C_Y": -1105477.70205, "id": 16581}, {"boundary_node": false, "area": 964472.9135256369, "STATEFP10": "48", "COUNTYFP10": "479", "TRACTCE10": "001104", "GEOID10": "48479001104", "NAME10": "11.04", "NAMELSAD10": "Census Tract 11.04", "MTFCC10": "G5020", "FUNCSTAT10": "S", "ALAND10": 964473, "AWATER10": 0, "INTPTLAT10": "+27.5202551", "INTPTLON10": "-099.4741228", "GISJOIN": "G4804790001104", "Shape_area": 964472.913526, "Shape_len": 4497.41072616, "YEAR": 2010, "REGIONA": 3, "DIVISIONA": 7, "STATE": "Texas", "STATEA": 48, "COUNTY": "Webb County", "COUNTYA": 479, "COUSUBA": NaN, "PLACEA": NaN, "TRACTA": 1104, "BLKGRPA": NaN, "BLOCKA": NaN, "CONCITA": NaN, "AIANHHA": NaN, "RES_ONLYA": NaN, "TRUSTA": NaN, "AITSCEA": NaN, "TTRACTA": NaN, "TBLKGRPA": NaN, "ANRCA": NaN, "CBSAA": 29700, "METDIVA": 99999, "CSAA": 999, "NECTAA": NaN, "NECTADIVA": NaN, "CNECTAA": NaN, "UAA": NaN, "URBRURALA": NaN, "CDA": NaN, "SLDUA": NaN, "SLDLA": NaN, "ZCTA5A": NaN, "SUBMCDA": NaN, "SDELMA": NaN, "SDSECA": NaN, "SDUNIA": NaN, "NAME": "Census Tract 11.04", "SABINSA": NaN, "TOTPOP": 3153, "H7X001": 3153, "WHITE": 2731, "BLACK": 16, "AIAN": 14, "ASIAN": 5, "NHPI": 0, "H7X007": 337, "H7X008": 50, "H7Y001": 3153, "H7Y002": 155, "HISP": 2998, "C_X": -344802.1257093224, "C_Y": -1105456.8717500009, "id": 16582}, {"boundary_node": false, "area": 857781.5229795374, "STATEFP10": "48", "COUNTYFP10": "479", "TRACTCE10": "001004", "GEOID10": "48479001004", "NAME10": "10.04", "NAMELSAD10": "Census Tract 10.04", "MTFCC10": "G5020", "FUNCSTAT10": "S", "ALAND10": 857784, "AWATER10": 0, "INTPTLAT10": "+27.5057824", "INTPTLON10": "-099.4695255", "GISJOIN": "G4804790001004", "Shape_area": 857781.52298, "Shape_len": 5428.67797133, "YEAR": 2010, "REGIONA": 3, "DIVISIONA": 7, "STATE": "Texas", "STATEA": 48, "COUNTY": "Webb County", "COUNTYA": 479, "COUSUBA": NaN, "PLACEA": NaN, "TRACTA": 1004, "BLKGRPA": NaN, "BLOCKA": NaN, "CONCITA": NaN, "AIANHHA": NaN, "RES_ONLYA": NaN, "TRUSTA": NaN, "AITSCEA": NaN, "TTRACTA": NaN, "TBLKGRPA": NaN, "ANRCA": NaN, "CBSAA": 29700, "METDIVA": 99999, "CSAA": 999, "NECTAA": NaN, "NECTADIVA": NaN, "CNECTAA": NaN, "UAA": NaN, "URBRURALA": NaN, "CDA": NaN, "SLDUA": NaN, "SLDLA": NaN, "ZCTA5A": NaN, "SUBMCDA": NaN, "SDELMA": NaN, "SDSECA": NaN, "SDUNIA": NaN, "NAME": "Census Tract 10.04", "SABINSA": NaN, "TOTPOP": 1826, "H7X001": 1826, "WHITE": 1574, "BLACK": 5, "AIAN": 5, "ASIAN": 1, "NHPI": 1, "H7X007": 210, "H7X008": 30, "H7Y001": 1826, "H7Y002": 31, "HISP": 1795, "C_X": -344111.56430674135, "C_Y": -1107200.5300000012, "id": 16583}, {"boundary_node": false, "area": 762839.0005583172, "STATEFP10": "48", "COUNTYFP10": "479", "TRACTCE10": "000904", "GEOID10": "48479000904", "NAME10": "9.04", "NAMELSAD10": "Census Tract 9.04", "MTFCC10": "G5020", "FUNCSTAT10": "S", "ALAND10": 762839, "AWATER10": 0, "INTPTLAT10": "+27.5167011", "INTPTLON10": "-099.4896709", "GISJOIN": "G4804790000904", "Shape_area": 762839.000558, "Shape_len": 3694.04860746, "YEAR": 2010, "REGIONA": 3, "DIVISIONA": 7, "STATE": "Texas", "STATEA": 48, "COUNTY": "Webb County", "COUNTYA": 479, "COUSUBA": NaN, "PLACEA": NaN, "TRACTA": 904, "BLKGRPA": NaN, "BLOCKA": NaN, "CONCITA": NaN, "AIANHHA": NaN, "RES_ONLYA": NaN, "TRUSTA": NaN, "AITSCEA": NaN, "TTRACTA": NaN, "TBLKGRPA": NaN, "ANRCA": NaN, "CBSAA": 29700, "METDIVA": 99999, "CSAA": 999, "NECTAA": NaN, "NECTADIVA": NaN, "CNECTAA": NaN, "UAA": NaN, "URBRURALA": NaN, "CDA": NaN, "SLDUA": NaN, "SLDLA": NaN, "ZCTA5A": NaN, "SUBMCDA": NaN, "SDELMA": NaN, "SDSECA": NaN, "SDUNIA": NaN, "NAME": "Census Tract 9.04", "SABINSA": NaN, "TOTPOP": 3315, "H7X001": 3315, "WHITE": 2841, "BLACK": 17, "AIAN": 3, "ASIAN": 4, "NHPI": 0, "H7X007": 393, "H7X008": 57, "H7Y001": 3315, "H7Y002": 56, "HISP": 3259, "C_X": -346356.0422059641, "C_Y": -1105796.0777499983, "id": 16584}, {"boundary_node": true, "boundary_perim": 5463.192439132492, "area": 7153744.812756153, "STATEFP10": "48", "COUNTYFP10": "479", "TRACTCE10": "001717", "GEOID10": "48479001717", "NAME10": "17.17", "NAMELSAD10": "Census Tract 17.17", "MTFCC10": "G5020", "FUNCSTAT10": "S", "ALAND10": 7007631, "AWATER10": 146118, "INTPTLAT10": "+27.5648501", "INTPTLON10": "-099.5092362", "GISJOIN": "G4804790001717", "Shape_area": 7153744.81276, "Shape_len": 16163.9438081, "YEAR": 2010, "REGIONA": 3, "DIVISIONA": 7, "STATE": "Texas", "STATEA": 48, "COUNTY": "Webb County", "COUNTYA": 479, "COUSUBA": NaN, "PLACEA": NaN, "TRACTA": 1717, "BLKGRPA": NaN, "BLOCKA": NaN, "CONCITA": NaN, "AIANHHA": NaN, "RES_ONLYA": NaN, "TRUSTA": NaN, "AITSCEA": NaN, "TTRACTA": NaN, "TBLKGRPA": NaN, "ANRCA": NaN, "CBSAA": 29700, "METDIVA": 99999, "CSAA": 999, "NECTAA": NaN, "NECTADIVA": NaN, "CNECTAA": NaN, "UAA": NaN, "URBRURALA": NaN, "CDA": NaN, "SLDUA": NaN, "SLDLA": NaN, "ZCTA5A": NaN, "SUBMCDA": NaN, "SDELMA": NaN, "SDSECA": NaN, "SDUNIA": NaN, "NAME": "Census Tract 17.17", "SABINSA": NaN, "TOTPOP": 3714, "H7X001": 3714, "WHITE": 3109, "BLACK": 21, "AIAN": 28, "ASIAN": 24, "NHPI": 0, "H7X007": 465, "H7X008": 67, "H7Y001": 3714, "H7Y002": 162, "HISP": 3552, "C_X": -347914.16544352856, "C_Y": -1100530.9683000003, "id": 16585}, {"boundary_node": true, "boundary_perim": 1170.9565123891402, "area": 944157.4883485201, "STATEFP10": "48", "COUNTYFP10": "479", "TRACTCE10": "001402", "GEOID10": "48479001402", "NAME10": "14.02", "NAMELSAD10": "Census Tract 14.02", "MTFCC10": "G5020", "FUNCSTAT10": "S", "ALAND10": 892325, "AWATER10": 51832, "INTPTLAT10": "+27.5362985", "INTPTLON10": "-099.5181708", "GISJOIN": "G4804790001402", "Shape_area": 944157.488349, "Shape_len": 4054.34230306, "YEAR": 2010, "REGIONA": 3, "DIVISIONA": 7, "STATE": "Texas", "STATEA": 48, "COUNTY": "Webb County", "COUNTYA": 479, "COUSUBA": NaN, "PLACEA": NaN, "TRACTA": 1402, "BLKGRPA": NaN, "BLOCKA": NaN, "CONCITA": NaN, "AIANHHA": NaN, "RES_ONLYA": NaN, "TRUSTA": NaN, "AITSCEA": NaN, "TTRACTA": NaN, "TBLKGRPA": NaN, "ANRCA": NaN, "CBSAA": 29700, "METDIVA": 99999, "CSAA": 999, "NECTAA": NaN, "NECTADIVA": NaN, "CNECTAA": NaN, "UAA": NaN, "URBRURALA": NaN, "CDA": NaN, "SLDUA": NaN, "SLDLA": NaN, "ZCTA5A": NaN, "SUBMCDA": NaN, "SDELMA": NaN, "SDSECA": NaN, "SDUNIA": NaN, "NAME": "Census Tract 14.02", "SABINSA": NaN, "TOTPOP": 3425, "H7X001": 3425, "WHITE": 2809, "BLACK": 15, "AIAN": 17, "ASIAN": 4, "NHPI": 0, "H7X007": 498, "H7X008": 82, "H7Y001": 3425, "H7Y002": 31, "HISP": 3394, "C_X": -349115.181403321, "C_Y": -1103655.7131999996, "id": 16586}, {"boundary_node": true, "boundary_perim": 1555.2606586013308, "area": 1379293.3831981306, "STATEFP10": "48", "COUNTYFP10": "479", "TRACTCE10": "000602", "GEOID10": "48479000602", "NAME10": "6.02", "NAMELSAD10": "Census Tract 6.02", "MTFCC10": "G5020", "FUNCSTAT10": "S", "ALAND10": 1313941, "AWATER10": 65349, "INTPTLAT10": "+27.5214056", "INTPTLON10": "-099.5200995", "GISJOIN": "G4804790000602", "Shape_area": 1379293.3832, "Shape_len": 6055.78397683, "YEAR": 2010, "REGIONA": 3, "DIVISIONA": 7, "STATE": "Texas", "STATEA": 48, "COUNTY": "Webb County", "COUNTYA": 479, "COUSUBA": NaN, "PLACEA": NaN, "TRACTA": 602, "BLKGRPA": NaN, "BLOCKA": NaN, "CONCITA": NaN, "AIANHHA": NaN, "RES_ONLYA": NaN, "TRUSTA": NaN, "AITSCEA": NaN, "TTRACTA": NaN, "TBLKGRPA": NaN, "ANRCA": NaN, "CBSAA": 29700, "METDIVA": 99999, "CSAA": 999, "NECTAA": NaN, "NECTADIVA": NaN, "CNECTAA": NaN, "UAA": NaN, "URBRURALA": NaN, "CDA": NaN, "SLDUA": NaN, "SLDLA": NaN, "ZCTA5A": NaN, "SUBMCDA": NaN, "SDELMA": NaN, "SDSECA": NaN, "SDUNIA": NaN, "NAME": "Census Tract 6.02", "SABINSA": NaN, "TOTPOP": 2570, "H7X001": 2570, "WHITE": 2238, "BLACK": 11, "AIAN": 28, "ASIAN": 2, "NHPI": 0, "H7X007": 248, "H7X008": 43, "H7Y001": 2570, "H7Y002": 35, "HISP": 2535, "C_X": -349458.80051756767, "C_Y": -1105310.7514, "id": 16587}, {"boundary_node": false, "area": 627986.5551529061, "STATEFP10": "48", "COUNTYFP10": "479", "TRACTCE10": "001202", "GEOID10": "48479001202", "NAME10": "12.02", "NAMELSAD10": "Census Tract 12.02", "MTFCC10": "G5020", "FUNCSTAT10": "S", "ALAND10": 627989, "AWATER10": 0, "INTPTLAT10": "+27.5198370", "INTPTLON10": "-099.4978299", "GISJOIN": "G4804790001202", "Shape_area": 627986.555153, "Shape_len": 3310.15650782, "YEAR": 2010, "REGIONA": 3, "DIVISIONA": 7, "STATE": "Texas", "STATEA": 48, "COUNTY": "Webb County", "COUNTYA": 479, "COUSUBA": NaN, "PLACEA": NaN, "TRACTA": 1202, "BLKGRPA": NaN, "BLOCKA": NaN, "CONCITA": NaN, "AIANHHA": NaN, "RES_ONLYA": NaN, "TRUSTA": NaN, "AITSCEA": NaN, "TTRACTA": NaN, "TBLKGRPA": NaN, "ANRCA": NaN, "CBSAA": 29700, "METDIVA": 99999, "CSAA": 999, "NECTAA": NaN, "NECTADIVA": NaN, "CNECTAA": NaN, "UAA": NaN, "URBRURALA": NaN, "CDA": NaN, "SLDUA": NaN, "SLDLA": NaN, "ZCTA5A": NaN, "SUBMCDA": NaN, "SDELMA": NaN, "SDSECA": NaN, "SDUNIA": NaN, "NAME": "Census Tract 12.02", "SABINSA": NaN, "TOTPOP": 2989, "H7X001": 2989, "WHITE": 2704, "BLACK": 4, "AIAN": 20, "ASIAN": 1, "NHPI": 0, "H7X007": 230, "H7X008": 30, "H7Y001": 2989, "H7Y002": 32, "HISP": 2957, "C_X": -347134.78105647705, "C_Y": -1105387.5340999984, "id": 16588}, {"boundary_node": true, "boundary_perim": 5774.022185668848, "area": 16595461.333056921, "STATEFP10": "48", "COUNTYFP10": "479", "TRACTCE10": "001814", "GEOID10": "48479001814", "NAME10": "18.14", "NAMELSAD10": "Census Tract 18.14", "MTFCC10": "G5020", "FUNCSTAT10": "S", "ALAND10": 16575910, "AWATER10": 19545, "INTPTLAT10": "+27.4945927", "INTPTLON10": "-099.3982666", "GISJOIN": "G4804790001814", "Shape_area": 16595461.3331, "Shape_len": 29238.1200936, "YEAR": 2010, "REGIONA": 3, "DIVISIONA": 7, "STATE": "Texas", "STATEA": 48, "COUNTY": "Webb County", "COUNTYA": 479, "COUSUBA": NaN, "PLACEA": NaN, "TRACTA": 1814, "BLKGRPA": NaN, "BLOCKA": NaN, "CONCITA": NaN, "AIANHHA": NaN, "RES_ONLYA": NaN, "TRUSTA": NaN, "AITSCEA": NaN, "TTRACTA": NaN, "TBLKGRPA": NaN, "ANRCA": NaN, "CBSAA": 29700, "METDIVA": 99999, "CSAA": 999, "NECTAA": NaN, "NECTADIVA": NaN, "CNECTAA": NaN, "UAA": NaN, "URBRURALA": NaN, "CDA": NaN, "SLDUA": NaN, "SLDLA": NaN, "ZCTA5A": NaN, "SUBMCDA": NaN, "SDELMA": NaN, "SDSECA": NaN, "SDUNIA": NaN, "NAME": "Census Tract 18.14", "SABINSA": NaN, "TOTPOP": 6650, "H7X001": 6650, "WHITE": 6198, "BLACK": 15, "AIAN": 11, "ASIAN": 34, "NHPI": 1, "H7X007": 344, "H7X008": 47, "H7Y001": 6650, "H7Y002": 118, "HISP": 6532, "C_X": -338595.9668553093, "C_Y": -1108227.7123499997, "id": 16591}, {"boundary_node": false, "area": 35920467.03703322, "STATEFP10": "48", "COUNTYFP10": "479", "TRACTCE10": "001810", "GEOID10": "48479001810", "NAME10": "18.10", "NAMELSAD10": "Census Tract 18.10", "MTFCC10": "G5020", "FUNCSTAT10": "S", "ALAND10": 35789087, "AWATER10": 131382, "INTPTLAT10": "+27.4657581", "INTPTLON10": "-099.4019736", "GISJOIN": "G4804790001810", "Shape_area": 35920467.037, "Shape_len": 31495.4991662, "YEAR": 2010, "REGIONA": 3, "DIVISIONA": 7, "STATE": "Texas", "STATEA": 48, "COUNTY": "Webb County", "COUNTYA": 479, "COUSUBA": NaN, "PLACEA": NaN, "TRACTA": 1810, "BLKGRPA": NaN, "BLOCKA": NaN, "CONCITA": NaN, "AIANHHA": NaN, "RES_ONLYA": NaN, "TRUSTA": NaN, "AITSCEA": NaN, "TTRACTA": NaN, "TBLKGRPA": NaN, "ANRCA": NaN, "CBSAA": 29700, "METDIVA": 99999, "CSAA": 999, "NECTAA": NaN, "NECTADIVA": NaN, "CNECTAA": NaN, "UAA": NaN, "URBRURALA": NaN, "CDA": NaN, "SLDUA": NaN, "SLDLA": NaN, "ZCTA5A": NaN, "SUBMCDA": NaN, "SDELMA": NaN, "SDSECA": NaN, "SDUNIA": NaN, "NAME": "Census Tract 18.10", "SABINSA": NaN, "TOTPOP": 4677, "H7X001": 4677, "WHITE": 4131, "BLACK": 19, "AIAN": 23, "ASIAN": 23, "NHPI": 0, "H7X007": 416, "H7X008": 65, "H7Y001": 4677, "H7Y002": 112, "HISP": 4565, "C_X": -337165.40871363354, "C_Y": -1110682.3137000008, "id": 16592}, {"boundary_node": true, "boundary_perim": 144031.0001313201, "area": 1315892227.434966, "STATEFP10": "48", "COUNTYFP10": "479", "TRACTCE10": "001813", "GEOID10": "48479001813", "NAME10": "18.13", "NAMELSAD10": "Census Tract 18.13", "MTFCC10": "G5020", "FUNCSTAT10": "S", "ALAND10": 1313789599, "AWATER10": 2102852, "INTPTLAT10": "+27.3646589", "INTPTLON10": "-099.1499931", "GISJOIN": "G4804790001813", "Shape_area": 1315892227.43, "Shape_len": 179166.056956, "YEAR": 2010, "REGIONA": 3, "DIVISIONA": 7, "STATE": "Texas", "STATEA": 48, "COUNTY": "Webb County", "COUNTYA": 479, "COUSUBA": NaN, "PLACEA": NaN, "TRACTA": 1813, "BLKGRPA": NaN, "BLOCKA": NaN, "CONCITA": NaN, "AIANHHA": NaN, "RES_ONLYA": NaN, "TRUSTA": NaN, "AITSCEA": NaN, "TTRACTA": NaN, "TBLKGRPA": NaN, "ANRCA": NaN, "CBSAA": 29700, "METDIVA": 99999, "CSAA": 999, "NECTAA": NaN, "NECTADIVA": NaN, "CNECTAA": NaN, "UAA": NaN, "URBRURALA": NaN, "CDA": NaN, "SLDUA": NaN, "SLDLA": NaN, "ZCTA5A": NaN, "SUBMCDA": NaN, "SDELMA": NaN, "SDSECA": NaN, "SDUNIA": NaN, "NAME": "Census Tract 18.13", "SABINSA": NaN, "TOTPOP": 944, "H7X001": 944, "WHITE": 881, "BLACK": 6, "AIAN": 1, "ASIAN": 0, "NHPI": 0, "H7X007": 50, "H7X008": 6, "H7Y001": 944, "H7Y002": 38, "HISP": 906, "C_X": -311206.50656846864, "C_Y": -1122503.006949998, "id": 16593}, {"boundary_node": true, "boundary_perim": 1773.3657557620427, "area": 1897979.8566748532, "STATEFP10": "48", "COUNTYFP10": "479", "TRACTCE10": "000109", "GEOID10": "48479000109", "NAME10": "1.09", "NAMELSAD10": "Census Tract 1.09", "MTFCC10": "G5020", "FUNCSTAT10": "S", "ALAND10": 1773561, "AWATER10": 124417, "INTPTLAT10": "+27.4712423", "INTPTLON10": "-099.4794086", "GISJOIN": "G4804790000109", "Shape_area": 1897979.85667, "Shape_len": 6444.26013542, "YEAR": 2010, "REGIONA": 3, "DIVISIONA": 7, "STATE": "Texas", "STATEA": 48, "COUNTY": "Webb County", "COUNTYA": 479, "COUSUBA": NaN, "PLACEA": NaN, "TRACTA": 109, "BLKGRPA": NaN, "BLOCKA": NaN, "CONCITA": NaN, "AIANHHA": NaN, "RES_ONLYA": NaN, "TRUSTA": NaN, "AITSCEA": NaN, "TTRACTA": NaN, "TBLKGRPA": NaN, "ANRCA": NaN, "CBSAA": 29700, "METDIVA": 99999, "CSAA": 999, "NECTAA": NaN, "NECTADIVA": NaN, "CNECTAA": NaN, "UAA": NaN, "URBRURALA": NaN, "CDA": NaN, "SLDUA": NaN, "SLDLA": NaN, "ZCTA5A": NaN, "SUBMCDA": NaN, "SDELMA": NaN, "SDSECA": NaN, "SDUNIA": NaN, "NAME": "Census Tract 1.09", "SABINSA": NaN, "TOTPOP": 2353, "H7X001": 2353, "WHITE": 1909, "BLACK": 3, "AIAN": 0, "ASIAN": 0, "NHPI": 0, "H7X007": 404, "H7X008": 37, "H7Y001": 2353, "H7Y002": 58, "HISP": 2295, "C_X": -345258.88819937594, "C_Y": -1110884.08695, "id": 16594}, {"boundary_node": true, "boundary_perim": 1967.1075067069814, "area": 7014720.103617348, "STATEFP10": "48", "COUNTYFP10": "479", "TRACTCE10": "001806", "GEOID10": "48479001806", "NAME10": "18.06", "NAMELSAD10": "Census Tract 18.06", "MTFCC10": "G5020", "FUNCSTAT10": "S", "ALAND10": 6873522, "AWATER10": 141201, "INTPTLAT10": "+27.4568489", "INTPTLON10": "-099.4662132", "GISJOIN": "G4804790001806", "Shape_area": 7014720.10362, "Shape_len": 14087.7740357, "YEAR": 2010, "REGIONA": 3, "DIVISIONA": 7, "STATE": "Texas", "STATEA": 48, "COUNTY": "Webb County", "COUNTYA": 479, "COUSUBA": NaN, "PLACEA": NaN, "TRACTA": 1806, "BLKGRPA": NaN, "BLOCKA": NaN, "CONCITA": NaN, "AIANHHA": NaN, "RES_ONLYA": NaN, "TRUSTA": NaN, "AITSCEA": NaN, "TTRACTA": NaN, "TBLKGRPA": NaN, "ANRCA": NaN, "CBSAA": 29700, "METDIVA": 99999, "CSAA": 999, "NECTAA": NaN, "NECTADIVA": NaN, "CNECTAA": NaN, "UAA": NaN, "URBRURALA": NaN, "CDA": NaN, "SLDUA": NaN, "SLDLA": NaN, "ZCTA5A": NaN, "SUBMCDA": NaN, "SDELMA": NaN, "SDSECA": NaN, "SDUNIA": NaN, "NAME": "Census Tract 18.06", "SABINSA": NaN, "TOTPOP": 4549, "H7X001": 4549, "WHITE": 3930, "BLACK": 36, "AIAN": 10, "ASIAN": 3, "NHPI": 0, "H7X007": 495, "H7X008": 75, "H7Y001": 4549, "H7Y002": 126, "HISP": 4423, "C_X": -344217.39491321286, "C_Y": -1111925.2706499984, "id": 16595}, {"boundary_node": false, "area": 838878.5857967499, "STATEFP10": "48", "COUNTYFP10": "479", "TRACTCE10": "000108", "GEOID10": "48479000108", "NAME10": "1.08", "NAMELSAD10": "Census Tract 1.08", "MTFCC10": "G5020", "FUNCSTAT10": "S", "ALAND10": 838878, "AWATER10": 0, "INTPTLAT10": "+27.4689982", "INTPTLON10": "-099.4661373", "GISJOIN": "G4804790000108", "Shape_area": 838878.585797, "Shape_len": 3798.22647405, "YEAR": 2010, "REGIONA": 3, "DIVISIONA": 7, "STATE": "Texas", "STATEA": 48, "COUNTY": "Webb County", "COUNTYA": 479, "COUSUBA": NaN, "PLACEA": NaN, "TRACTA": 108, "BLKGRPA": NaN, "BLOCKA": NaN, "CONCITA": NaN, "AIANHHA": NaN, "RES_ONLYA": NaN, "TRUSTA": NaN, "AITSCEA": NaN, "TTRACTA": NaN, "TBLKGRPA": NaN, "ANRCA": NaN, "CBSAA": 29700, "METDIVA": 99999, "CSAA": 999, "NECTAA": NaN, "NECTADIVA": NaN, "CNECTAA": NaN, "UAA": NaN, "URBRURALA": NaN, "CDA": NaN, "SLDUA": NaN, "SLDLA": NaN, "ZCTA5A": NaN, "SUBMCDA": NaN, "SDELMA": NaN, "SDSECA": NaN, "SDUNIA": NaN, "NAME": "Census Tract 1.08", "SABINSA": NaN, "TOTPOP": 3813, "H7X001": 3813, "WHITE": 3172, "BLACK": 11, "AIAN": 4, "ASIAN": 0, "NHPI": 0, "H7X007": 552, "H7X008": 74, "H7Y001": 3813, "H7Y002": 48, "HISP": 3765, "C_X": -344230.17542183364, "C_Y": -1111120.1485000001, "id": 16596}, {"boundary_node": false, "area": 3504363.596327306, "STATEFP10": "48", "COUNTYFP10": "479", "TRACTCE10": "001812", "GEOID10": "48479001812", "NAME10": "18.12", "NAMELSAD10": "Census Tract 18.12", "MTFCC10": "G5020", "FUNCSTAT10": "S", "ALAND10": 3504364, "AWATER10": 0, "INTPTLAT10": "+27.4772273", "INTPTLON10": "-099.4510614", "GISJOIN": "G4804790001812", "Shape_area": 3504363.59633, "Shape_len": 9747.3798743, "YEAR": 2010, "REGIONA": 3, "DIVISIONA": 7, "STATE": "Texas", "STATEA": 48, "COUNTY": "Webb County", "COUNTYA": 479, "COUSUBA": NaN, "PLACEA": NaN, "TRACTA": 1812, "BLKGRPA": NaN, "BLOCKA": NaN, "CONCITA": NaN, "AIANHHA": NaN, "RES_ONLYA": NaN, "TRUSTA": NaN, "AITSCEA": NaN, "TTRACTA": NaN, "TBLKGRPA": NaN, "ANRCA": NaN, "CBSAA": 29700, "METDIVA": 99999, "CSAA": 999, "NECTAA": NaN, "NECTADIVA": NaN, "CNECTAA": NaN, "UAA": NaN, "URBRURALA": NaN, "CDA": NaN, "SLDUA": NaN, "SLDLA": NaN, "ZCTA5A": NaN, "SUBMCDA": NaN, "SDELMA": NaN, "SDSECA": NaN, "SDUNIA": NaN, "NAME": "Census Tract 18.12", "SABINSA": NaN, "TOTPOP": 8059, "H7X001": 8059, "WHITE": 7236, "BLACK": 29, "AIAN": 47, "ASIAN": 16, "NHPI": 0, "H7X007": 668, "H7X008": 63, "H7Y001": 8059, "H7Y002": 135, "HISP": 7924, "C_X": -342868.94609690475, "C_Y": -1110363.7331999997, "id": 16597}, {"boundary_node": false, "area": 4061378.3069127775, "STATEFP10": "48", "COUNTYFP10": "479", "TRACTCE10": "001709", "GEOID10": "48479001709", "NAME10": "17.09", "NAMELSAD10": "Census Tract 17.09", "MTFCC10": "G5020", "FUNCSTAT10": "S", "ALAND10": 4061376, "AWATER10": 0, "INTPTLAT10": "+27.5637643", "INTPTLON10": "-099.4867149", "GISJOIN": "G4804790001709", "Shape_area": 4061378.30691, "Shape_len": 9198.01173953, "YEAR": 2010, "REGIONA": 3, "DIVISIONA": 7, "STATE": "Texas", "STATEA": 48, "COUNTY": "Webb County", "COUNTYA": 479, "COUSUBA": NaN, "PLACEA": NaN, "TRACTA": 1709, "BLKGRPA": NaN, "BLOCKA": NaN, "CONCITA": NaN, "AIANHHA": NaN, "RES_ONLYA": NaN, "TRUSTA": NaN, "AITSCEA": NaN, "TTRACTA": NaN, "TBLKGRPA": NaN, "ANRCA": NaN, "CBSAA": 29700, "METDIVA": 99999, "CSAA": 999, "NECTAA": NaN, "NECTADIVA": NaN, "CNECTAA": NaN, "UAA": NaN, "URBRURALA": NaN, "CDA": NaN, "SLDUA": NaN, "SLDLA": NaN, "ZCTA5A": NaN, "SUBMCDA": NaN, "SDELMA": NaN, "SDSECA": NaN, "SDUNIA": NaN, "NAME": "Census Tract 17.09", "SABINSA": NaN, "TOTPOP": 5929, "H7X001": 5929, "WHITE": 5424, "BLACK": 22, "AIAN": 7, "ASIAN": 141, "NHPI": 4, "H7X007": 253, "H7X008": 78, "H7Y001": 5929, "H7Y002": 767, "HISP": 5162, "C_X": -346013.9773550667, "C_Y": -1100524.8692500007, "id": 16598}, {"boundary_node": false, "area": 1693313.3041446377, "STATEFP10": "48", "COUNTYFP10": "479", "TRACTCE10": "000901", "GEOID10": "48479000901", "NAME10": "9.01", "NAMELSAD10": "Census Tract 9.01", "MTFCC10": "G5020", "FUNCSTAT10": "S", "ALAND10": 1693311, "AWATER10": 0, "INTPTLAT10": "+27.5184031", "INTPTLON10": "-099.4841432", "GISJOIN": "G4804790000901", "Shape_area": 1693313.30414, "Shape_len": 7368.06001295, "YEAR": 2010, "REGIONA": 3, "DIVISIONA": 7, "STATE": "Texas", "STATEA": 48, "COUNTY": "Webb County", "COUNTYA": 479, "COUSUBA": NaN, "PLACEA": NaN, "TRACTA": 901, "BLKGRPA": NaN, "BLOCKA": NaN, "CONCITA": NaN, "AIANHHA": NaN, "RES_ONLYA": NaN, "TRUSTA": NaN, "AITSCEA": NaN, "TTRACTA": NaN, "TBLKGRPA": NaN, "ANRCA": NaN, "CBSAA": 29700, "METDIVA": 99999, "CSAA": 999, "NECTAA": NaN, "NECTADIVA": NaN, "CNECTAA": NaN, "UAA": NaN, "URBRURALA": NaN, "CDA": NaN, "SLDUA": NaN, "SLDLA": NaN, "ZCTA5A": NaN, "SUBMCDA": NaN, "SDELMA": NaN, "SDSECA": NaN, "SDUNIA": NaN, "NAME": "Census Tract 9.01", "SABINSA": NaN, "TOTPOP": 4898, "H7X001": 4898, "WHITE": 4330, "BLACK": 14, "AIAN": 7, "ASIAN": 24, "NHPI": 2, "H7X007": 437, "H7X008": 84, "H7Y001": 4898, "H7Y002": 177, "HISP": 4721, "C_X": -345725.84216139035, "C_Y": -1105509.7763500009, "id": 16599}, {"boundary_node": false, "area": 1559012.630353671, "STATEFP10": "48", "COUNTYFP10": "479", "TRACTCE10": "001706", "GEOID10": "48479001706", "NAME10": "17.06", "NAMELSAD10": "Census Tract 17.06", "MTFCC10": "G5020", "FUNCSTAT10": "S", "ALAND10": 1559014, "AWATER10": 0, "INTPTLAT10": "+27.5427843", "INTPTLON10": "-099.4931341", "GISJOIN": "G4804790001706", "Shape_area": 1559012.63035, "Shape_len": 5711.98230849, "YEAR": 2010, "REGIONA": 3, "DIVISIONA": 7, "STATE": "Texas", "STATEA": 48, "COUNTY": "Webb County", "COUNTYA": 479, "COUSUBA": NaN, "PLACEA": NaN, "TRACTA": 1706, "BLKGRPA": NaN, "BLOCKA": NaN, "CONCITA": NaN, "AIANHHA": NaN, "RES_ONLYA": NaN, "TRUSTA": NaN, "AITSCEA": NaN, "TTRACTA": NaN, "TBLKGRPA": NaN, "ANRCA": NaN, "CBSAA": 29700, "METDIVA": 99999, "CSAA": 999, "NECTAA": NaN, "NECTADIVA": NaN, "CNECTAA": NaN, "UAA": NaN, "URBRURALA": NaN, "CDA": NaN, "SLDUA": NaN, "SLDLA": NaN, "ZCTA5A": NaN, "SUBMCDA": NaN, "SDELMA": NaN, "SDSECA": NaN, "SDUNIA": NaN, "NAME": "Census Tract 17.06", "SABINSA": NaN, "TOTPOP": 4775, "H7X001": 4775, "WHITE": 4395, "BLACK": 22, "AIAN": 12, "ASIAN": 6, "NHPI": 1, "H7X007": 266, "H7X008": 73, "H7Y001": 4775, "H7Y002": 168, "HISP": 4607, "C_X": -346538.5121383113, "C_Y": -1102902.93205, "id": 16600}, {"boundary_node": false, "area": 862594.6456872084, "STATEFP10": "48", "COUNTYFP10": "479", "TRACTCE10": "001501", "GEOID10": "48479001501", "NAME10": "15.01", "NAMELSAD10": "Census Tract 15.01", "MTFCC10": "G5020", "FUNCSTAT10": "S", "ALAND10": 862595, "AWATER10": 0, "INTPTLAT10": "+27.5351682", "INTPTLON10": "-099.4981552", "GISJOIN": "G4804790001501", "Shape_area": 862594.645687, "Shape_len": 3795.98200553, "YEAR": 2010, "REGIONA": 3, "DIVISIONA": 7, "STATE": "Texas", "STATEA": 48, "COUNTY": "Webb County", "COUNTYA": 479, "COUSUBA": NaN, "PLACEA": NaN, "TRACTA": 1501, "BLKGRPA": NaN, "BLOCKA": NaN, "CONCITA": NaN, "AIANHHA": NaN, "RES_ONLYA": NaN, "TRUSTA": NaN, "AITSCEA": NaN, "TTRACTA": NaN, "TBLKGRPA": NaN, "ANRCA": NaN, "CBSAA": 29700, "METDIVA": 99999, "CSAA": 999, "NECTAA": NaN, "NECTADIVA": NaN, "CNECTAA": NaN, "UAA": NaN, "URBRURALA": NaN, "CDA": NaN, "SLDUA": NaN, "SLDLA": NaN, "ZCTA5A": NaN, "SUBMCDA": NaN, "SDELMA": NaN, "SDSECA": NaN, "SDUNIA": NaN, "NAME": "Census Tract 15.01", "SABINSA": NaN, "TOTPOP": 2816, "H7X001": 2816, "WHITE": 2412, "BLACK": 2, "AIAN": 13, "ASIAN": 1, "NHPI": 0, "H7X007": 333, "H7X008": 55, "H7Y001": 2816, "H7Y002": 58, "HISP": 2758, "C_X": -347114.775028646, "C_Y": -1103708.6819499996, "id": 16601}, {"boundary_node": false, "area": 1120040.8024868183, "STATEFP10": "48", "COUNTYFP10": "479", "TRACTCE10": "001300", "GEOID10": "48479001300", "NAME10": "13", "NAMELSAD10": "Census Tract 13", "MTFCC10": "G5020", "FUNCSTAT10": "S", "ALAND10": 1120047, "AWATER10": 0, "INTPTLAT10": "+27.5272191", "INTPTLON10": "-099.5095026", "GISJOIN": "G4804790001300", "Shape_area": 1120040.80249, "Shape_len": 4417.2007935, "YEAR": 2010, "REGIONA": 3, "DIVISIONA": 7, "STATE": "Texas", "STATEA": 48, "COUNTY": "Webb County", "COUNTYA": 479, "COUSUBA": NaN, "PLACEA": NaN, "TRACTA": 1300, "BLKGRPA": NaN, "BLOCKA": NaN, "CONCITA": NaN, "AIANHHA": NaN, "RES_ONLYA": NaN, "TRUSTA": NaN, "AITSCEA": NaN, "TTRACTA": NaN, "TBLKGRPA": NaN, "ANRCA": NaN, "CBSAA": 29700, "METDIVA": 99999, "CSAA": 999, "NECTAA": NaN, "NECTADIVA": NaN, "CNECTAA": NaN, "UAA": NaN, "URBRURALA": NaN, "CDA": NaN, "SLDUA": NaN, "SLDLA": NaN, "ZCTA5A": NaN, "SUBMCDA": NaN, "SDELMA": NaN, "SDSECA": NaN, "SDUNIA": NaN, "NAME": "Census Tract 13", "SABINSA": NaN, "TOTPOP": 3731, "H7X001": 3731, "WHITE": 3297, "BLACK": 7, "AIAN": 10, "ASIAN": 3, "NHPI": 0, "H7X007": 369, "H7X008": 45, "H7Y001": 3731, "H7Y002": 84, "HISP": 3647, "C_X": -348289.0713465021, "C_Y": -1104566.3386, "id": 16602}, {"boundary_node": false, "area": 1250270.4150358129, "STATEFP10": "48", "COUNTYFP10": "479", "TRACTCE10": "001101", "GEOID10": "48479001101", "NAME10": "11.01", "NAMELSAD10": "Census Tract 11.01", "MTFCC10": "G5020", "FUNCSTAT10": "S", "ALAND10": 1250271, "AWATER10": 0, "INTPTLAT10": "+27.5271424", "INTPTLON10": "-099.4718840", "GISJOIN": "G4804790001101", "Shape_area": 1250270.41504, "Shape_len": 5207.65198895, "YEAR": 2010, "REGIONA": 3, "DIVISIONA": 7, "STATE": "Texas", "STATEA": 48, "COUNTY": "Webb County", "COUNTYA": 479, "COUSUBA": NaN, "PLACEA": NaN, "TRACTA": 1101, "BLKGRPA": NaN, "BLOCKA": NaN, "CONCITA": NaN, "AIANHHA": NaN, "RES_ONLYA": NaN, "TRUSTA": NaN, "AITSCEA": NaN, "TTRACTA": NaN, "TBLKGRPA": NaN, "ANRCA": NaN, "CBSAA": 29700, "METDIVA": 99999, "CSAA": 999, "NECTAA": NaN, "NECTADIVA": NaN, "CNECTAA": NaN, "UAA": NaN, "URBRURALA": NaN, "CDA": NaN, "SLDUA": NaN, "SLDLA": NaN, "ZCTA5A": NaN, "SUBMCDA": NaN, "SDELMA": NaN, "SDSECA": NaN, "SDUNIA": NaN, "NAME": "Census Tract 11.01", "SABINSA": NaN, "TOTPOP": 3883, "H7X001": 3883, "WHITE": 3285, "BLACK": 24, "AIAN": 7, "ASIAN": 107, "NHPI": 0, "H7X007": 383, "H7X008": 77, "H7Y001": 3883, "H7Y002": 269, "HISP": 3614, "C_X": -344528.16763238446, "C_Y": -1104768.4559999993, "id": 16603}, {"boundary_node": false, "area": 842116.6050441243, "STATEFP10": "48", "COUNTYFP10": "479", "TRACTCE10": "000800", "GEOID10": "48479000800", "NAME10": "8", "NAMELSAD10": "Census Tract 8", "MTFCC10": "G5020", "FUNCSTAT10": "S", "ALAND10": 842122, "AWATER10": 0, "INTPTLAT10": "+27.5129487", "INTPTLON10": "-099.4975931", "GISJOIN": "G4804790000800", "Shape_area": 842116.605044, "Shape_len": 3762.29614514, "YEAR": 2010, "REGIONA": 3, "DIVISIONA": 7, "STATE": "Texas", "STATEA": 48, "COUNTY": "Webb County", "COUNTYA": 479, "COUSUBA": NaN, "PLACEA": NaN, "TRACTA": 800, "BLKGRPA": NaN, "BLOCKA": NaN, "CONCITA": NaN, "AIANHHA": NaN, "RES_ONLYA": NaN, "TRUSTA": NaN, "AITSCEA": NaN, "TTRACTA": NaN, "TBLKGRPA": NaN, "ANRCA": NaN, "CBSAA": 29700, "METDIVA": 99999, "CSAA": 999, "NECTAA": NaN, "NECTADIVA": NaN, "CNECTAA": NaN, "UAA": NaN, "URBRURALA": NaN, "CDA": NaN, "SLDUA": NaN, "SLDLA": NaN, "ZCTA5A": NaN, "SUBMCDA": NaN, "SDELMA": NaN, "SDSECA": NaN, "SDUNIA": NaN, "NAME": "Census Tract 8", "SABINSA": NaN, "TOTPOP": 2681, "H7X001": 2681, "WHITE": 2388, "BLACK": 10, "AIAN": 5, "ASIAN": 1, "NHPI": 0, "H7X007": 236, "H7X008": 41, "H7Y001": 2681, "H7Y002": 68, "HISP": 2613, "C_X": -347171.72017870727, "C_Y": -1106205.2657500007, "id": 16605}, {"boundary_node": false, "area": 1149741.1465082543, "STATEFP10": "48", "COUNTYFP10": "479", "TRACTCE10": "000700", "GEOID10": "48479000700", "NAME10": "7", "NAMELSAD10": "Census Tract 7", "MTFCC10": "G5020", "FUNCSTAT10": "S", "ALAND10": 1149735, "AWATER10": 0, "INTPTLAT10": "+27.5166753", "INTPTLON10": "-099.5064106", "GISJOIN": "G4804790000700", "Shape_area": 1149741.14651, "Shape_len": 4564.37498097, "YEAR": 2010, "REGIONA": 3, "DIVISIONA": 7, "STATE": "Texas", "STATEA": 48, "COUNTY": "Webb County", "COUNTYA": 479, "COUSUBA": NaN, "PLACEA": NaN, "TRACTA": 700, "BLKGRPA": NaN, "BLOCKA": NaN, "CONCITA": NaN, "AIANHHA": NaN, "RES_ONLYA": NaN, "TRUSTA": NaN, "AITSCEA": NaN, "TTRACTA": NaN, "TBLKGRPA": NaN, "ANRCA": NaN, "CBSAA": 29700, "METDIVA": 99999, "CSAA": 999, "NECTAA": NaN, "NECTADIVA": NaN, "CNECTAA": NaN, "UAA": NaN, "URBRURALA": NaN, "CDA": NaN, "SLDUA": NaN, "SLDLA": NaN, "ZCTA5A": NaN, "SUBMCDA": NaN, "SDELMA": NaN, "SDSECA": NaN, "SDUNIA": NaN, "NAME": "Census Tract 7", "SABINSA": NaN, "TOTPOP": 2786, "H7X001": 2786, "WHITE": 2428, "BLACK": 12, "AIAN": 22, "ASIAN": 6, "NHPI": 0, "H7X007": 281, "H7X008": 37, "H7Y001": 2786, "H7Y002": 66, "HISP": 2720, "C_X": -348015.92063901783, "C_Y": -1105732.7310499998, "id": 16606}, {"boundary_node": true, "boundary_perim": 4711.647341085711, "area": 3461009.4977392596, "STATEFP10": "48", "COUNTYFP10": "479", "TRACTCE10": "001900", "GEOID10": "48479001900", "NAME10": "19", "NAMELSAD10": "Census Tract 19", "MTFCC10": "G5020", "FUNCSTAT10": "S", "ALAND10": 3317068, "AWATER10": 143946, "INTPTLAT10": "+27.5046287", "INTPTLON10": "-099.5164642", "GISJOIN": "G4804790001900", "Shape_area": 3461009.49774, "Shape_len": 8686.08181982, "YEAR": 2010, "REGIONA": 3, "DIVISIONA": 7, "STATE": "Texas", "STATEA": 48, "COUNTY": "Webb County", "COUNTYA": 479, "COUSUBA": NaN, "PLACEA": NaN, "TRACTA": 1900, "BLKGRPA": NaN, "BLOCKA": NaN, "CONCITA": NaN, "AIANHHA": NaN, "RES_ONLYA": NaN, "TRUSTA": NaN, "AITSCEA": NaN, "TTRACTA": NaN, "TBLKGRPA": NaN, "ANRCA": NaN, "CBSAA": 29700, "METDIVA": 99999, "CSAA": 999, "NECTAA": NaN, "NECTADIVA": NaN, "CNECTAA": NaN, "UAA": NaN, "URBRURALA": NaN, "CDA": NaN, "SLDUA": NaN, "SLDLA": NaN, "ZCTA5A": NaN, "SUBMCDA": NaN, "SDELMA": NaN, "SDSECA": NaN, "SDUNIA": NaN, "NAME": "Census Tract 19", "SABINSA": NaN, "TOTPOP": 3795, "H7X001": 3795, "WHITE": 3340, "BLACK": 21, "AIAN": 8, "ASIAN": 8, "NHPI": 0, "H7X007": 328, "H7X008": 90, "H7Y001": 3795, "H7Y002": 132, "HISP": 3663, "C_X": -348865.9398358014, "C_Y": -1106770.0651499992, "id": 16607}, {"boundary_node": true, "boundary_perim": 933.2815627487903, "area": 707346.5585148826, "STATEFP10": "48", "COUNTYFP10": "479", "TRACTCE10": "000300", "GEOID10": "48479000300", "NAME10": "3", "NAMELSAD10": "Census Tract 3", "MTFCC10": "G5020", "FUNCSTAT10": "S", "ALAND10": 694811, "AWATER10": 12534, "INTPTLAT10": "+27.5045474", "INTPTLON10": "-099.4993314", "GISJOIN": "G4804790000300", "Shape_area": 707346.558515, "Shape_len": 3750.6101618, "YEAR": 2010, "REGIONA": 3, "DIVISIONA": 7, "STATE": "Texas", "STATEA": 48, "COUNTY": "Webb County", "COUNTYA": 479, "COUSUBA": NaN, "PLACEA": NaN, "TRACTA": 300, "BLKGRPA": NaN, "BLOCKA": NaN, "CONCITA": NaN, "AIANHHA": NaN, "RES_ONLYA": NaN, "TRUSTA": NaN, "AITSCEA": NaN, "TTRACTA": NaN, "TBLKGRPA": NaN, "ANRCA": NaN, "CBSAA": 29700, "METDIVA": 99999, "CSAA": 999, "NECTAA": NaN, "NECTADIVA": NaN, "CNECTAA": NaN, "UAA": NaN, "URBRURALA": NaN, "CDA": NaN, "SLDUA": NaN, "SLDLA": NaN, "ZCTA5A": NaN, "SUBMCDA": NaN, "SDELMA": NaN, "SDSECA": NaN, "SDUNIA": NaN, "NAME": "Census Tract 3", "SABINSA": NaN, "TOTPOP": 2499, "H7X001": 2499, "WHITE": 2178, "BLACK": 8, "AIAN": 16, "ASIAN": 1, "NHPI": 0, "H7X007": 236, "H7X008": 60, "H7Y001": 2499, "H7Y002": 33, "HISP": 2466, "C_X": -347392.2015908648, "C_Y": -1107145.0429499992, "id": 16608}, {"boundary_node": true, "boundary_perim": 2053.927640083677, "area": 2450719.022783732, "STATEFP10": "48", "COUNTYFP10": "479", "TRACTCE10": "000200", "GEOID10": "48479000200", "NAME10": "2", "NAMELSAD10": "Census Tract 2", "MTFCC10": "G5020", "FUNCSTAT10": "S", "ALAND10": 2347038, "AWATER10": 103685, "INTPTLAT10": "+27.5007262", "INTPTLON10": "-099.4870957", "GISJOIN": "G4804790000200", "Shape_area": 2450719.02278, "Shape_len": 7558.76422313, "YEAR": 2010, "REGIONA": 3, "DIVISIONA": 7, "STATE": "Texas", "STATEA": 48, "COUNTY": "Webb County", "COUNTYA": 479, "COUSUBA": NaN, "PLACEA": NaN, "TRACTA": 200, "BLKGRPA": NaN, "BLOCKA": NaN, "CONCITA": NaN, "AIANHHA": NaN, "RES_ONLYA": NaN, "TRUSTA": NaN, "AITSCEA": NaN, "TTRACTA": NaN, "TBLKGRPA": NaN, "ANRCA": NaN, "CBSAA": 29700, "METDIVA": 99999, "CSAA": 999, "NECTAA": NaN, "NECTADIVA": NaN, "CNECTAA": NaN, "UAA": NaN, "URBRURALA": NaN, "CDA": NaN, "SLDUA": NaN, "SLDLA": NaN, "ZCTA5A": NaN, "SUBMCDA": NaN, "SDELMA": NaN, "SDSECA": NaN, "SDUNIA": NaN, "NAME": "Census Tract 2", "SABINSA": NaN, "TOTPOP": 3998, "H7X001": 3998, "WHITE": 3533, "BLACK": 16, "AIAN": 20, "ASIAN": 4, "NHPI": 0, "H7X007": 366, "H7X008": 59, "H7Y001": 3998, "H7Y002": 110, "HISP": 3888, "C_X": -346070.7425658037, "C_Y": -1107948.4190500004, "id": 16609}, {"boundary_node": false, "area": 1967163.3761232481, "STATEFP10": "48", "COUNTYFP10": "479", "TRACTCE10": "000101", "GEOID10": "48479000101", "NAME10": "1.01", "NAMELSAD10": "Census Tract 1.01", "MTFCC10": "G5020", "FUNCSTAT10": "S", "ALAND10": 1967164, "AWATER10": 0, "INTPTLAT10": "+27.4992040", "INTPTLON10": "-099.4734863", "GISJOIN": "G4804790000101", "Shape_area": 1967163.37612, "Shape_len": 7424.32050414, "YEAR": 2010, "REGIONA": 3, "DIVISIONA": 7, "STATE": "Texas", "STATEA": 48, "COUNTY": "Webb County", "COUNTYA": 479, "COUSUBA": NaN, "PLACEA": NaN, "TRACTA": 101, "BLKGRPA": NaN, "BLOCKA": NaN, "CONCITA": NaN, "AIANHHA": NaN, "RES_ONLYA": NaN, "TRUSTA": NaN, "AITSCEA": NaN, "TTRACTA": NaN, "TBLKGRPA": NaN, "ANRCA": NaN, "CBSAA": 29700, "METDIVA": 99999, "CSAA": 999, "NECTAA": NaN, "NECTADIVA": NaN, "CNECTAA": NaN, "UAA": NaN, "URBRURALA": NaN, "CDA": NaN, "SLDUA": NaN, "SLDLA": NaN, "ZCTA5A": NaN, "SUBMCDA": NaN, "SDELMA": NaN, "SDSECA": NaN, "SDUNIA": NaN, "NAME": "Census Tract 1.01", "SABINSA": NaN, "TOTPOP": 4454, "H7X001": 4454, "WHITE": 3946, "BLACK": 18, "AIAN": 11, "ASIAN": 5, "NHPI": 0, "H7X007": 379, "H7X008": 95, "H7Y001": 4454, "H7Y002": 118, "HISP": 4336, "C_X": -344637.43255429494, "C_Y": -1107909.350050001, "id": 16610}, {"boundary_node": false, "area": 1112862.1006185012, "STATEFP10": "48", "COUNTYFP10": "479", "TRACTCE10": "001502", "GEOID10": "48479001502", "NAME10": "15.02", "NAMELSAD10": "Census Tract 15.02", "MTFCC10": "G5020", "FUNCSTAT10": "S", "ALAND10": 1112863, "AWATER10": 0, "INTPTLAT10": "+27.5343725", "INTPTLON10": "-099.4873034", "GISJOIN": "G4804790001502", "Shape_area": 1112862.10062, "Shape_len": 4352.60103357, "YEAR": 2010, "REGIONA": 3, "DIVISIONA": 7, "STATE": "Texas", "STATEA": 48, "COUNTY": "Webb County", "COUNTYA": 479, "COUSUBA": NaN, "PLACEA": NaN, "TRACTA": 1502, "BLKGRPA": NaN, "BLOCKA": NaN, "CONCITA": NaN, "AIANHHA": NaN, "RES_ONLYA": NaN, "TRUSTA": NaN, "AITSCEA": NaN, "TTRACTA": NaN, "TBLKGRPA": NaN, "ANRCA": NaN, "CBSAA": 29700, "METDIVA": 99999, "CSAA": 999, "NECTAA": NaN, "NECTADIVA": NaN, "CNECTAA": NaN, "UAA": NaN, "URBRURALA": NaN, "CDA": NaN, "SLDUA": NaN, "SLDLA": NaN, "ZCTA5A": NaN, "SUBMCDA": NaN, "SDELMA": NaN, "SDSECA": NaN, "SDUNIA": NaN, "NAME": "Census Tract 15.02", "SABINSA": NaN, "TOTPOP": 4872, "H7X001": 4872, "WHITE": 4313, "BLACK": 18, "AIAN": 8, "ASIAN": 96, "NHPI": 0, "H7X007": 315, "H7X008": 122, "H7Y001": 4872, "H7Y002": 211, "HISP": 4661, "C_X": -346018.72486252815, "C_Y": -1103814.5287500005, "id": 16611}, {"boundary_node": false, "area": 1719050.4421389299, "STATEFP10": "48", "COUNTYFP10": "479", "TRACTCE10": "001001", "GEOID10": "48479001001", "NAME10": "10.01", "NAMELSAD10": "Census Tract 10.01", "MTFCC10": "G5020", "FUNCSTAT10": "S", "ALAND10": 1719053, "AWATER10": 0, "INTPTLAT10": "+27.5125553", "INTPTLON10": "-099.4699858", "GISJOIN": "G4804790001001", "Shape_area": 1719050.44214, "Shape_len": 6116.43949958, "YEAR": 2010, "REGIONA": 3, "DIVISIONA": 7, "STATE": "Texas", "STATEA": 48, "COUNTY": "Webb County", "COUNTYA": 479, "COUSUBA": NaN, "PLACEA": NaN, "TRACTA": 1001, "BLKGRPA": NaN, "BLOCKA": NaN, "CONCITA": NaN, "AIANHHA": NaN, "RES_ONLYA": NaN, "TRUSTA": NaN, "AITSCEA": NaN, "TTRACTA": NaN, "TBLKGRPA": NaN, "ANRCA": NaN, "CBSAA": 29700, "METDIVA": 99999, "CSAA": 999, "NECTAA": NaN, "NECTADIVA": NaN, "CNECTAA": NaN, "UAA": NaN, "URBRURALA": NaN, "CDA": NaN, "SLDUA": NaN, "SLDLA": NaN, "ZCTA5A": NaN, "SUBMCDA": NaN, "SDELMA": NaN, "SDSECA": NaN, "SDUNIA": NaN, "NAME": "Census Tract 10.01", "SABINSA": NaN, "TOTPOP": 4768, "H7X001": 4768, "WHITE": 4323, "BLACK": 17, "AIAN": 34, "ASIAN": 12, "NHPI": 1, "H7X007": 332, "H7X008": 49, "H7Y001": 4768, "H7Y002": 248, "HISP": 4520, "C_X": -344416.7108939942, "C_Y": -1106321.6077, "id": 16612}], "adjacency": [[{"shared_perim": 1414.1817716192363, "id": 16554}, {"shared_perim": 3957.584824543752, "id": 16555}, {"shared_perim": 415.3916829808439, "id": 16556}, {"shared_perim": 1835.2246831588886, "id": 16595}], [{"shared_perim": 3514.1115111776858, "id": 16563}, {"shared_perim": 1571.5561071589314, "id": 16569}, {"shared_perim": 4899.539241393871, "id": 16560}], [{"shared_perim": 527.3731984643305, "id": 16580}, {"shared_perim": 488.3440606263603, "id": 16603}, {"shared_perim": 4895.572238278672, "id": 16562}, {"shared_perim": 14.446513403986684, "id": 16572}, {"shared_perim": 3727.9211226983266, "id": 16564}, {"shared_perim": 4294.088546175341, "id": 16563}, {"shared_perim": 891.1131931735964, "id": 16560}, {"shared_perim": 10333.384566446004, "id": 16579}], [{"shared_perim": 1414.1817716192363, "id": 16551}, {"shared_perim": 7516.149741340932, "id": 16593}], [{"shared_perim": 3957.584824543752, "id": 16551}, {"shared_perim": 8882.459722541591, "id": 16593}, {"shared_perim": 3207.368060853322, "id": 16556}, {"shared_perim": 555.7938528609798, "id": 16595}], [{"shared_perim": 415.3916829808439, "id": 16551}, {"shared_perim": 3207.368060853322, "id": 16555}, {"shared_perim": 2274.848303588774, "id": 16595}], [{"shared_perim": 614.0924880451802, "id": 16584}, {"shared_perim": 912.9483908665234, "id": 16599}, {"shared_perim": 914.6214099492657, "id": 16558}, {"shared_perim": 611.8528879849894, "id": 16611}], [{"shared_perim": 914.6214099492657, "id": 16557}, {"shared_perim": 999.4342090539229, "id": 16588}, {"shared_perim": 811.8759644521475, "id": 16602}, {"shared_perim": 102.9305709059402, "id": 16611}, {"shared_perim": 873.524512195078, "id": 16601}], [{"shared_perim": 675.1482271755082, "id": 16607}, {"shared_perim": 1514.39527715346, "id": 16606}, {"shared_perim": 1538.010905454052, "id": 16587}, {"shared_perim": 674.1803717563602, "id": 16602}], [{"shared_perim": 4899.539241393871, "id": 16552}, {"shared_perim": 891.1131931735964, "id": 16553}, {"shared_perim": 4485.609236148661, "id": 16570}, {"shared_perim": 739.2012316433489, "id": 16568}, {"shared_perim": 19661.660396515595, "id": 16579}], [{"shared_perim": 1536.4806246214528, "id": 16578}, {"shared_perim": 2906.3654571007023, "id": 16591}, {"shared_perim": 1180.4954959067131, "id": 16583}, {"shared_perim": 608.7981931409302, "id": 16612}], [{"shared_perim": 4895.572238278672, "id": 16553}, {"shared_perim": 8384.624206608702, "id": 16591}, {"shared_perim": 394.4701178754278, "id": 16612}, {"shared_perim": 2299.8653246316103, "id": 16580}, {"shared_perim": 8018.795164956791, "id": 16579}], [{"shared_perim": 3514.1115111776858, "id": 16552}, {"shared_perim": 4294.088546175341, "id": 16553}, {"shared_perim": 854.1990780470409, "id": 16572}, {"shared_perim": 3857.261035392669, "id": 16564}, {"shared_perim": 222.55099248224957, "id": 16573}, {"shared_perim": 2190.540851742353, "id": 16598}], [{"shared_perim": 3727.9211226983266, "id": 16553}, {"shared_perim": 3857.261035392669, "id": 16563}, {"shared_perim": 3120.090873754011, "id": 16572}], [{"shared_perim": 797.6103945569126, "id": 16592}, {"shared_perim": 2450.9676597833172, "id": 16597}, {"shared_perim": 996.2343905583364, "id": 16566}, {"shared_perim": 1416.4195981210478, "id": 16578}], [{"shared_perim": 996.2343905583364, "id": 16565}, {"shared_perim": 103.43210152308669, "id": 16597}, {"shared_perim": 1083.570821960296, "id": 16567}, {"shared_perim": 1997.8680997320382, "id": 16578}], [{"shared_perim": 1083.570821960296, "id": 16566}, {"shared_perim": 613.0564693982166, "id": 16596}, {"shared_perim": 1185.858795150073, "id": 16594}, {"shared_perim": 707.3197814200369, "id": 16597}, {"shared_perim": 371.46808110227573, "id": 16578}], [{"shared_perim": 739.2012316433489, "id": 16560}, {"shared_perim": 5644.741806543698, "id": 16576}, {"shared_perim": 28334.91183831341, "id": 16579}], [{"shared_perim": 1571.5561071589314, "id": 16552}, {"shared_perim": 722.1645047399791, "id": 16598}, {"shared_perim": 1541.1449834557097, "id": 16571}, {"shared_perim": 659.1882326548097, "id": 16570}], [{"shared_perim": 4485.609236148661, "id": 16560}, {"shared_perim": 659.1882326548097, "id": 16569}, {"shared_perim": 888.715193157467, "id": 16585}, {"shared_perim": 2018.714903982901, "id": 16571}, {"shared_perim": 2414.779385866451, "id": 16576}], [{"shared_perim": 1541.1449834557097, "id": 16569}, {"shared_perim": 2018.714903982901, "id": 16570}, {"shared_perim": 2368.3903322697906, "id": 16598}, {"shared_perim": 1405.0869682007103, "id": 16585}], [{"shared_perim": 14.446513403986684, "id": 16553}, {"shared_perim": 854.1990780470409, "id": 16563}, {"shared_perim": 3120.090873754011, "id": 16564}, {"shared_perim": 1226.9611426287806, "id": 16603}, {"shared_perim": 1118.0472823219584, "id": 16611}, {"shared_perim": 794.555445196334, "id": 16600}, {"shared_perim": 1107.9338168760205, "id": 16573}], [{"shared_perim": 222.55099248224957, "id": 16563}, {"shared_perim": 1107.9338168760205, "id": 16572}, {"shared_perim": 872.2767037745497, "id": 16600}, {"shared_perim": 1140.775482356247, "id": 16574}, {"shared_perim": 1325.4173241934425, "id": 16598}], [{"shared_perim": 1140.775482356247, "id": 16573}, {"shared_perim": 1232.2218388496751, "id": 16600}, {"shared_perim": 1438.1952100548015, "id": 16598}, {"shared_perim": 958.1070074572689, "id": 16585}], [{"shared_perim": 1350.5033741583484, "id": 16602}, {"shared_perim": 1034.4638244143769, "id": 16601}, {"shared_perim": 1114.2876222563489, "id": 16586}, {"shared_perim": 471.0634752665572, "id": 16600}, {"shared_perim": 1418.9036800108022, "id": 16585}], [{"shared_perim": 5644.741806543698, "id": 16568}, {"shared_perim": 2414.779385866451, "id": 16570}, {"shared_perim": 1528.6914898996438, "id": 16585}, {"shared_perim": 3071.1945879192594, "id": 16577}], [{"shared_perim": 3071.1945879192594, "id": 16576}, {"shared_perim": 2002.2825465734754, "id": 16585}], [{"shared_perim": 1536.4806246214528, "id": 16561}, {"shared_perim": 1416.4195981210478, "id": 16565}, {"shared_perim": 1997.8680997320382, "id": 16566}, {"shared_perim": 371.46808110227573, "id": 16567}, {"shared_perim": 479.15599610351086, "id": 16594}, {"shared_perim": 268.08332647957485, "id": 16592}, {"shared_perim": 454.2900229409091, "id": 16609}, {"shared_perim": 3370.276720157795, "id": 16610}], [{"shared_perim": 10333.384566446004, "id": 16553}, {"shared_perim": 19661.660396515595, "id": 16560}, {"shared_perim": 8018.795164956791, "id": 16562}, {"shared_perim": 28334.91183831341, "id": 16568}], [{"shared_perim": 527.3731984643305, "id": 16553}, {"shared_perim": 2299.8653246316103, "id": 16562}, {"shared_perim": 732.3093618448402, "id": 16612}, {"shared_perim": 821.0111525496708, "id": 16581}, {"shared_perim": 650.4861072077642, "id": 16603}], [{"shared_perim": 821.0111525496708, "id": 16580}, {"shared_perim": 512.5629476433304, "id": 16612}, {"shared_perim": 821.6537923630616, "id": 16582}, {"shared_perim": 500.04104883210954, "id": 16603}], [{"shared_perim": 821.6537923630616, "id": 16581}, {"shared_perim": 1224.974005245959, "id": 16612}, {"shared_perim": 821.3964104935063, "id": 16599}, {"shared_perim": 1629.38651805421, "id": 16603}], [{"shared_perim": 1180.4954959067131, "id": 16561}, {"shared_perim": 203.05633240275512, "id": 16609}, {"shared_perim": 2109.4943809213987, "id": 16610}, {"shared_perim": 1834.7277944322545, "id": 16612}, {"shared_perim": 100.90396767067351, "id": 16599}], [{"shared_perim": 614.0924880451802, "id": 16557}, {"shared_perim": 608.6484409241311, "id": 16605}, {"shared_perim": 1852.3235323391964, "id": 16599}, {"shared_perim": 618.9841461468296, "id": 16588}], [{"shared_perim": 888.715193157467, "id": 16570}, {"shared_perim": 1405.0869682007103, "id": 16571}, {"shared_perim": 958.1070074572689, "id": 16574}, {"shared_perim": 1418.9036800108022, "id": 16575}, {"shared_perim": 1528.6914898996438, "id": 16576}, {"shared_perim": 2002.2825465734754, "id": 16577}, {"shared_perim": 927.7550880032637, "id": 16586}, {"shared_perim": 417.9058791382047, "id": 16600}, {"shared_perim": 1153.3035165262716, "id": 16598}], [{"shared_perim": 1114.2876222563489, "id": 16575}, {"shared_perim": 927.7550880032637, "id": 16585}, {"shared_perim": 736.0079248041968, "id": 16587}, {"shared_perim": 105.33515560874113, "id": 16602}], [{"shared_perim": 1538.010905454052, "id": 16559}, {"shared_perim": 736.0079248041968, "id": 16586}, {"shared_perim": 1504.9873969898294, "id": 16607}, {"shared_perim": 721.5170909779893, "id": 16602}], [{"shared_perim": 999.4342090539229, "id": 16558}, {"shared_perim": 618.9841461468296, "id": 16584}, {"shared_perim": 977.0205411963623, "id": 16605}, {"shared_perim": 714.7176114210089, "id": 16606}], [{"shared_perim": 2906.3654571007023, "id": 16561}, {"shared_perim": 8384.624206608702, "id": 16562}, {"shared_perim": 1526.9197284288828, "id": 16593}, {"shared_perim": 10646.188515767744, "id": 16592}], [{"shared_perim": 797.6103945569126, "id": 16565}, {"shared_perim": 268.08332647957485, "id": 16578}, {"shared_perim": 10646.188515767744, "id": 16591}, {"shared_perim": 15508.660924524169, "id": 16593}, {"shared_perim": 4274.95600483702, "id": 16597}], [{"shared_perim": 7516.149741340932, "id": 16554}, {"shared_perim": 8882.459722541591, "id": 16555}, {"shared_perim": 1526.9197284288828, "id": 16591}, {"shared_perim": 15508.660924524169, "id": 16592}, {"shared_perim": 1700.8667083100038, "id": 16595}], [{"shared_perim": 1185.858795150073, "id": 16567}, {"shared_perim": 479.15599610351086, "id": 16578}, {"shared_perim": 1737.2458963197844, "id": 16595}, {"shared_perim": 1268.6336920884808, "id": 16596}], [{"shared_perim": 1835.2246831588886, "id": 16551}, {"shared_perim": 555.7938528609798, "id": 16555}, {"shared_perim": 2274.848303588774, "id": 16556}, {"shared_perim": 1700.8667083100038, "id": 16593}, {"shared_perim": 1737.2458963197844, "id": 16594}, {"shared_perim": 1861.2595352753742, "id": 16596}, {"shared_perim": 2155.4275494510134, "id": 16597}], [{"shared_perim": 613.0564693982166, "id": 16567}, {"shared_perim": 1268.6336920884808, "id": 16594}, {"shared_perim": 1861.2595352753742, "id": 16595}, {"shared_perim": 55.27677728385221, "id": 16597}], [{"shared_perim": 2450.9676597833172, "id": 16565}, {"shared_perim": 103.43210152308669, "id": 16566}, {"shared_perim": 707.3197814200369, "id": 16567}, {"shared_perim": 4274.95600483702, "id": 16592}, {"shared_perim": 2155.4275494510134, "id": 16595}, {"shared_perim": 55.27677728385221, "id": 16596}], [{"shared_perim": 2190.540851742353, "id": 16563}, {"shared_perim": 722.1645047399791, "id": 16569}, {"shared_perim": 2368.3903322697906, "id": 16571}, {"shared_perim": 1325.4173241934425, "id": 16573}, {"shared_perim": 1438.1952100548015, "id": 16574}, {"shared_perim": 1153.3035165262716, "id": 16585}], [{"shared_perim": 912.9483908665234, "id": 16557}, {"shared_perim": 821.3964104935063, "id": 16582}, {"shared_perim": 100.90396767067351, "id": 16583}, {"shared_perim": 1852.3235323391964, "id": 16584}, {"shared_perim": 1239.7803305536509, "id": 16609}, {"shared_perim": 808.5970793939622, "id": 16612}, {"shared_perim": 304.2586581898656, "id": 16605}, {"shared_perim": 712.4331116014399, "id": 16603}, {"shared_perim": 615.4185318420846, "id": 16611}], [{"shared_perim": 794.555445196334, "id": 16572}, {"shared_perim": 872.2767037745497, "id": 16573}, {"shared_perim": 1232.2218388496751, "id": 16574}, {"shared_perim": 471.0634752665572, "id": 16575}, {"shared_perim": 417.9058791382047, "id": 16585}, {"shared_perim": 970.1585289317829, "id": 16611}, {"shared_perim": 953.8004373369271, "id": 16601}], [{"shared_perim": 873.524512195078, "id": 16558}, {"shared_perim": 1034.4638244143769, "id": 16575}, {"shared_perim": 953.8004373369271, "id": 16600}, {"shared_perim": 934.1932315860114, "id": 16611}], [{"shared_perim": 811.8759644521475, "id": 16558}, {"shared_perim": 674.1803717563602, "id": 16559}, {"shared_perim": 1350.5033741583484, "id": 16575}, {"shared_perim": 105.33515560874113, "id": 16586}, {"shared_perim": 721.5170909779893, "id": 16587}, {"shared_perim": 753.7888365468524, "id": 16606}], [{"shared_perim": 488.3440606263603, "id": 16553}, {"shared_perim": 1226.9611426287806, "id": 16572}, {"shared_perim": 650.4861072077642, "id": 16580}, {"shared_perim": 500.04104883210954, "id": 16581}, {"shared_perim": 1629.38651805421, "id": 16582}, {"shared_perim": 712.4331116014399, "id": 16599}], [{"shared_perim": 608.6484409241311, "id": 16584}, {"shared_perim": 977.0205411963623, "id": 16588}, {"shared_perim": 304.2586581898656, "id": 16599}, {"shared_perim": 472.4249133968734, "id": 16609}, {"shared_perim": 589.0957044138659, "id": 16608}, {"shared_perim": 810.84788701705, "id": 16606}], [{"shared_perim": 1514.39527715346, "id": 16559}, {"shared_perim": 714.7176114210089, "id": 16588}, {"shared_perim": 753.7888365468524, "id": 16602}, {"shared_perim": 810.84788701705, "id": 16605}, {"shared_perim": 6.9119141003199465, "id": 16608}, {"shared_perim": 763.7134547294704, "id": 16607}], [{"shared_perim": 675.1482271755082, "id": 16559}, {"shared_perim": 1504.9873969898294, "id": 16587}, {"shared_perim": 763.7134547294704, "id": 16606}, {"shared_perim": 1030.585399841262, "id": 16608}], [{"shared_perim": 589.0957044138659, "id": 16605}, {"shared_perim": 6.9119141003199465, "id": 16606}, {"shared_perim": 1030.585399841262, "id": 16607}, {"shared_perim": 1190.735580692709, "id": 16609}], [{"shared_perim": 454.2900229409091, "id": 16578}, {"shared_perim": 203.05633240275512, "id": 16583}, {"shared_perim": 1239.7803305536509, "id": 16599}, {"shared_perim": 472.4249133968734, "id": 16605}, {"shared_perim": 1190.735580692709, "id": 16608}, {"shared_perim": 1944.5494030608138, "id": 16610}], [{"shared_perim": 3370.276720157795, "id": 16578}, {"shared_perim": 2109.4943809213987, "id": 16583}, {"shared_perim": 1944.5494030608138, "id": 16609}], [{"shared_perim": 611.8528879849894, "id": 16557}, {"shared_perim": 102.9305709059402, "id": 16558}, {"shared_perim": 1118.0472823219584, "id": 16572}, {"shared_perim": 615.4185318420846, "id": 16599}, {"shared_perim": 970.1585289317829, "id": 16600}, {"shared_perim": 934.1932315860114, "id": 16601}], [{"shared_perim": 608.7981931409302, "id": 16561}, {"shared_perim": 394.4701178754278, "id": 16562}, {"shared_perim": 732.3093618448402, "id": 16580}, {"shared_perim": 512.5629476433304, "id": 16581}, {"shared_perim": 1224.974005245959, "id": 16582}, {"shared_perim": 1834.7277944322545, "id": 16583}, {"shared_perim": 808.5970793939622, "id": 16599}]]}