{"directed": false, "multigraph": false, "graph": [], "nodes": [{"boundary_node": false, "area": 7878669.963886152, "STATEFP10": "48", "COUNTYFP10": "303", "TRACTCE10": "980000", "GEOID10": "48303980000", "NAME10": "9800", "NAMELSAD10": "Census Tract 9800", "MTFCC10": "G5020", "FUNCSTAT10": "S", "ALAND10": 7755799, "AWATER10": 122867, "INTPTLAT10": "+33.6567937", "INTPTLON10": "-101.8235984", "GISJOIN": "G4803030980000", "Shape_area": 7878669.96389, "Shape_len": 12939.8174156, "YEAR": 2010, "REGIONA": 3, "DIVISIONA": 7, "STATE": "Texas", "STATEA": 48, "COUNTY": "Lubbock County", "COUNTYA": 303, "COUSUBA": NaN, "PLACEA": NaN, "TRACTA": 980000, "BLKGRPA": NaN, "BLOCKA": NaN, "CONCITA": NaN, "AIANHHA": NaN, "RES_ONLYA": NaN, "TRUSTA": NaN, "AITSCEA": NaN, "TTRACTA": NaN, "TBLKGRPA": NaN, "ANRCA": NaN, "CBSAA": 31180, "METDIVA": 99999, "CSAA": 352, "NECTAA": NaN, "NECTADIVA": NaN, "CNECTAA": NaN, "UAA": NaN, "URBRURALA": NaN, "CDA": NaN, "SLDUA": NaN, "SLDLA": NaN, "ZCTA5A": NaN, "SUBMCDA": NaN, "SDELMA": NaN, "SDSECA": NaN, "SDUNIA": NaN, "NAME": "Census Tract 9800", "SABINSA": NaN, "TOTPOP": 0, "H7X001": 0, "WHITE": 0, "BLACK": 0, "AIAN": 0, "ASIAN": 0, "NHPI": 0, "H7X007": 0, "H7X008": 0, "H7Y001": 0, "H7Y002": 0, "HISP": 0, "C_X": -536314.2473770595, "C_Y": -412850.31124999945, "id": 19768}, {"boundary_node": false, "area": 2590225.6201453335, "STATEFP10": "48", "COUNTYFP10": "303", "TRACTCE10": "010509", "GEOID10": "48303010509", "NAME10": "105.09", "NAMELSAD10": "Census Tract 105.09", "MTFCC10": "G5020", "FUNCSTAT10": "S", "ALAND10": 2589881, "AWATER10": 343, "INTPTLAT10": "+33.4995478", "INTPTLON10": "-101.9074218", "GISJOIN": "G4803030010509", "Shape_area": 2590225.62015, "Shape_len": 6485.03059333, "YEAR": 2010, "REGIONA": 3, "DIVISIONA": 7, "STATE": "Texas", "STATEA": 48, "COUNTY": "Lubbock County", "COUNTYA": 303, "COUSUBA": NaN, "PLACEA": NaN, "TRACTA": 10509, "BLKGRPA": NaN, "BLOCKA": NaN, "CONCITA": NaN, "AIANHHA": NaN, "RES_ONLYA": NaN, "TRUSTA": NaN, "AITSCEA": NaN, "TTRACTA": NaN, "TBLKGRPA": NaN, "ANRCA": NaN, "CBSAA": 31180, "METDIVA": 99999, "CSAA": 352, "NECTAA": NaN, "NECTADIVA": NaN, "CNECTAA": NaN, "UAA": NaN, "URBRURALA": NaN, "CDA": NaN, "SLDUA": NaN, "SLDLA": NaN, "ZCTA5A": NaN, "SUBMCDA": NaN, "SDELMA": NaN, "SDSECA": NaN, "SDUNIA": NaN, "NAME": "Census Tract 105.09", "SABINSA": NaN, "TOTPOP": 2398, "H7X001": 2398, "WHITE": 2190, "BLACK": 34, "AIAN": 15, "ASIAN": 111, "NHPI": 0, "H7X007": 13, "H7X008": 35, "H7Y001": 2398, "H7Y002": 2232, "HISP": 166, "C_X": -545384.3086778143, "C_Y": -430922.57909999986, "id": 19769}, {"boundary_node": false, "area": 2544319.381608202, "STATEFP10": "48", "COUNTYFP10": "303", "TRACTCE10": "010510", "GEOID10": "48303010510", "NAME10": "105.10", "NAMELSAD10": "Census Tract 105.10", "MTFCC10": "G5020", "FUNCSTAT10": "S", "ALAND10": 2538536, "AWATER10": 5788, "INTPTLAT10": "+33.4980543", "INTPTLON10": "-101.8953494", "GISJOIN": "G4803030010510", "Shape_area": 2544319.38161, "Shape_len": 6300.17970043, "YEAR": 2010, "REGIONA": 3, "DIVISIONA": 7, "STATE": "Texas", "STATEA": 48, "COUNTY": "Lubbock County", "COUNTYA": 303, "COUSUBA": NaN, "PLACEA": NaN, "TRACTA": 10510, "BLKGRPA": NaN, "BLOCKA": NaN, "CONCITA": NaN, "AIANHHA": NaN, "RES_ONLYA": NaN, "TRUSTA": NaN, "AITSCEA": NaN, "TTRACTA": NaN, "TBLKGRPA": NaN, "ANRCA": NaN, "CBSAA": 31180, "METDIVA": 99999, "CSAA": 352, "NECTAA": NaN, "NECTADIVA": NaN, "CNECTAA": NaN, "UAA": NaN, "URBRURALA": NaN, "CDA": NaN, "SLDUA": NaN, "SLDLA": NaN, "ZCTA5A": NaN, "SUBMCDA": NaN, "SDELMA": NaN, "SDSECA": NaN, "SDUNIA": NaN, "NAME": "Census Tract 105.10", "SABINSA": NaN, "TOTPOP": 2108, "H7X001": 2108, "WHITE": 1951, "BLACK": 35, "AIAN": 11, "ASIAN": 31, "NHPI": 3, "H7X007": 49, "H7X008": 28, "H7Y001": 2108, "H7Y002": 1853, "HISP": 255, "C_X": -543790.6954101719, "C_Y": -431038.1387000007, "id": 19770}, {"boundary_node": false, "area": 9033632.608036047, "STATEFP10": "48", "COUNTYFP10": "303", "TRACTCE10": "010407", "GEOID10": "48303010407", "NAME10": "104.07", "NAMELSAD10": "Census Tract 104.07", "MTFCC10": "G5020", "FUNCSTAT10": "S", "ALAND10": 9029632, "AWATER10": 4000, "INTPTLAT10": "+33.5147141", "INTPTLON10": "-101.9682483", "GISJOIN": "G4803030010407", "Shape_area": 9033632.60804, "Shape_len": 15015.5325581, "YEAR": 2010, "REGIONA": 3, "DIVISIONA": 7, "STATE": "Texas", "STATEA": 48, "COUNTY": "Lubbock County", "COUNTYA": 303, "COUSUBA": NaN, "PLACEA": NaN, "TRACTA": 10407, "BLKGRPA": NaN, "BLOCKA": NaN, "CONCITA": NaN, "AIANHHA": NaN, "RES_ONLYA": NaN, "TRUSTA": NaN, "AITSCEA": NaN, "TTRACTA": NaN, "TBLKGRPA": NaN, "ANRCA": NaN, "CBSAA": 31180, "METDIVA": 99999, "CSAA": 352, "NECTAA": NaN, "NECTADIVA": NaN, "CNECTAA": NaN, "UAA": NaN, "URBRURALA": NaN, "CDA": NaN, "SLDUA": NaN, "SLDLA": NaN, "ZCTA5A": NaN, "SUBMCDA": NaN, "SDELMA": NaN, "SDSECA": NaN, "SDUNIA": NaN, "NAME": "Census Tract 104.07", "SABINSA": NaN, "TOTPOP": 7179, "H7X001": 7179, "WHITE": 6183, "BLACK": 162, "AIAN": 29, "ASIAN": 421, "NHPI": 4, "H7X007": 251, "H7X008": 129, "H7Y001": 7179, "H7Y002": 6166, "HISP": 1013, "C_X": -550038.5784304027, "C_Y": -428368.7637999995, "id": 19771}, {"boundary_node": false, "area": 1497163.0744945975, "STATEFP10": "48", "COUNTYFP10": "303", "TRACTCE10": "001708", "GEOID10": "48303001708", "NAME10": "17.08", "NAMELSAD10": "Census Tract 17.08", "MTFCC10": "G5020", "FUNCSTAT10": "S", "ALAND10": 1452007, "AWATER10": 45156, "INTPTLAT10": "+33.5424891", "INTPTLON10": "-101.9285479", "GISJOIN": "G4803030001708", "Shape_area": 1497163.07449, "Shape_len": 5067.15940637, "YEAR": 2010, "REGIONA": 3, "DIVISIONA": 7, "STATE": "Texas", "STATEA": 48, "COUNTY": "Lubbock County", "COUNTYA": 303, "COUSUBA": NaN, "PLACEA": NaN, "TRACTA": 1708, "BLKGRPA": NaN, "BLOCKA": NaN, "CONCITA": NaN, "AIANHHA": NaN, "RES_ONLYA": NaN, "TRUSTA": NaN, "AITSCEA": NaN, "TTRACTA": NaN, "TBLKGRPA": NaN, "ANRCA": NaN, "CBSAA": 31180, "METDIVA": 99999, "CSAA": 352, "NECTAA": NaN, "NECTADIVA": NaN, "CNECTAA": NaN, "UAA": NaN, "URBRURALA": NaN, "CDA": NaN, "SLDUA": NaN, "SLDLA": NaN, "ZCTA5A": NaN, "SUBMCDA": NaN, "SDELMA": NaN, "SDSECA": NaN, "SDUNIA": NaN, "NAME": "Census Tract 17.08", "SABINSA": NaN, "TOTPOP": 2406, "H7X001": 2406, "WHITE": 1853, "BLACK": 151, "AIAN": 15, "ASIAN": 64, "NHPI": 1, "H7X007": 244, "H7X008": 78, "H7Y001": 2406, "H7Y002": 1589, "HISP": 817, "C_X": -546432.0047895921, "C_Y": -425928.55265000067, "id": 19772}, {"boundary_node": false, "area": 6425279.071386381, "STATEFP10": "48", "COUNTYFP10": "303", "TRACTCE10": "010511", "GEOID10": "48303010511", "NAME10": "105.11", "NAMELSAD10": "Census Tract 105.11", "MTFCC10": "G5020", "FUNCSTAT10": "S", "ALAND10": 6351449, "AWATER10": 73828, "INTPTLAT10": "+33.5005914", "INTPTLON10": "-101.8647131", "GISJOIN": "G4803030010511", "Shape_area": 6425279.07139, "Shape_len": 11164.3020805, "YEAR": 2010, "REGIONA": 3, "DIVISIONA": 7, "STATE": "Texas", "STATEA": 48, "COUNTY": "Lubbock County", "COUNTYA": 303, "COUSUBA": NaN, "PLACEA": NaN, "TRACTA": 10511, "BLKGRPA": NaN, "BLOCKA": NaN, "CONCITA": NaN, "AIANHHA": NaN, "RES_ONLYA": NaN, "TRUSTA": NaN, "AITSCEA": NaN, "TTRACTA": NaN, "TBLKGRPA": NaN, "ANRCA": NaN, "CBSAA": 31180, "METDIVA": 99999, "CSAA": 352, "NECTAA": NaN, "NECTADIVA": NaN, "CNECTAA": NaN, "UAA": NaN, "URBRURALA": NaN, "CDA": NaN, "SLDUA": NaN, "SLDLA": NaN, "ZCTA5A": NaN, "SUBMCDA": NaN, "SDELMA": NaN, "SDSECA": NaN, "SDUNIA": NaN, "NAME": "Census Tract 105.11", "SABINSA": NaN, "TOTPOP": 3869, "H7X001": 3869, "WHITE": 3196, "BLACK": 111, "AIAN": 38, "ASIAN": 106, "NHPI": 2, "H7X007": 337, "H7X008": 79, "H7Y001": 3869, "H7Y002": 2832, "HISP": 1037, "C_X": -541012.0065583156, "C_Y": -431195.02780000074, "id": 19773}, {"boundary_node": true, "boundary_perim": 22348.64086931767, "area": 164909145.77601445, "STATEFP10": "48", "COUNTYFP10": "303", "TRACTCE10": "010408", "GEOID10": "48303010408", "NAME10": "104.08", "NAMELSAD10": "Census Tract 104.08", "MTFCC10": "G5020", "FUNCSTAT10": "S", "ALAND10": 164510290, "AWATER10": 398873, "INTPTLAT10": "+33.4453435", "INTPTLON10": "-101.9974986", "GISJOIN": "G4803030010408", "Shape_area": 164909145.776, "Shape_len": 53505.4021674, "YEAR": 2010, "REGIONA": 3, "DIVISIONA": 7, "STATE": "Texas", "STATEA": 48, "COUNTY": "Lubbock County", "COUNTYA": 303, "COUSUBA": NaN, "PLACEA": NaN, "TRACTA": 10408, "BLKGRPA": NaN, "BLOCKA": NaN, "CONCITA": NaN, "AIANHHA": NaN, "RES_ONLYA": NaN, "TRUSTA": NaN, "AITSCEA": NaN, "TTRACTA": NaN, "TBLKGRPA": NaN, "ANRCA": NaN, "CBSAA": 31180, "METDIVA": 99999, "CSAA": 352, "NECTAA": NaN, "NECTADIVA": NaN, "CNECTAA": NaN, "UAA": NaN, "URBRURALA": NaN, "CDA": NaN, "SLDUA": NaN, "SLDLA": NaN, "ZCTA5A": NaN, "SUBMCDA": NaN, "SDELMA": NaN, "SDSECA": NaN, "SDUNIA": NaN, "NAME": "Census Tract 104.08", "SABINSA": NaN, "TOTPOP": 8495, "H7X001": 8495, "WHITE": 7767, "BLACK": 77, "AIAN": 77, "ASIAN": 122, "NHPI": 3, "H7X007": 320, "H7X008": 129, "H7Y001": 8495, "H7Y002": 7177, "HISP": 1318, "C_X": -553684.0885551623, "C_Y": -436184.5781500001, "id": 19774}, {"boundary_node": false, "area": 1671504.1069904212, "STATEFP10": "48", "COUNTYFP10": "303", "TRACTCE10": "001709", "GEOID10": "48303001709", "NAME10": "17.09", "NAMELSAD10": "Census Tract 17.09", "MTFCC10": "G5020", "FUNCSTAT10": "S", "ALAND10": 1671500, "AWATER10": 0, "INTPTLAT10": "+33.5542477", "INTPTLON10": "-101.9290946", "GISJOIN": "G4803030001709", "Shape_area": 1671504.10699, "Shape_len": 5608.49056617, "YEAR": 2010, "REGIONA": 3, "DIVISIONA": 7, "STATE": "Texas", "STATEA": 48, "COUNTY": "Lubbock County", "COUNTYA": 303, "COUSUBA": NaN, "PLACEA": NaN, "TRACTA": 1709, "BLKGRPA": NaN, "BLOCKA": NaN, "CONCITA": NaN, "AIANHHA": NaN, "RES_ONLYA": NaN, "TRUSTA": NaN, "AITSCEA": NaN, "TTRACTA": NaN, "TBLKGRPA": NaN, "ANRCA": NaN, "CBSAA": 31180, "METDIVA": 99999, "CSAA": 352, "NECTAA": NaN, "NECTADIVA": NaN, "CNECTAA": NaN, "UAA": NaN, "URBRURALA": NaN, "CDA": NaN, "SLDUA": NaN, "SLDLA": NaN, "ZCTA5A": NaN, "SUBMCDA": NaN, "SDELMA": NaN, "SDSECA": NaN, "SDUNIA": NaN, "NAME": "Census Tract 17.09", "SABINSA": NaN, "TOTPOP": 4209, "H7X001": 4209, "WHITE": 2872, "BLACK": 410, "AIAN": 31, "ASIAN": 57, "NHPI": 2, "H7X007": 641, "H7X008": 196, "H7Y001": 4209, "H7Y002": 2626, "HISP": 1583, "C_X": -546369.8638596819, "C_Y": -424352.66989999963, "id": 19775}, {"boundary_node": true, "boundary_perim": 5936.374170874755, "area": 69771529.36246887, "STATEFP10": "48", "COUNTYFP10": "303", "TRACTCE10": "010405", "GEOID10": "48303010405", "NAME10": "104.05", "NAMELSAD10": "Census Tract 104.05", "MTFCC10": "G5020", "FUNCSTAT10": "S", "ALAND10": 69174676, "AWATER10": 596853, "INTPTLAT10": "+33.6137961", "INTPTLON10": "-102.0049207", "GISJOIN": "G4803030010405", "Shape_area": 69771529.3625, "Shape_len": 48461.3210812, "YEAR": 2010, "REGIONA": 3, "DIVISIONA": 7, "STATE": "Texas", "STATEA": 48, "COUNTY": "Lubbock County", "COUNTYA": 303, "COUSUBA": NaN, "PLACEA": NaN, "TRACTA": 10405, "BLKGRPA": NaN, "BLOCKA": NaN, "CONCITA": NaN, "AIANHHA": NaN, "RES_ONLYA": NaN, "TRUSTA": NaN, "AITSCEA": NaN, "TTRACTA": NaN, "TBLKGRPA": NaN, "ANRCA": NaN, "CBSAA": 31180, "METDIVA": 99999, "CSAA": 352, "NECTAA": NaN, "NECTADIVA": NaN, "CNECTAA": NaN, "UAA": NaN, "URBRURALA": NaN, "CDA": NaN, "SLDUA": NaN, "SLDLA": NaN, "ZCTA5A": NaN, "SUBMCDA": NaN, "SDELMA": NaN, "SDSECA": NaN, "SDUNIA": NaN, "NAME": "Census Tract 104.05", "SABINSA": NaN, "TOTPOP": 4735, "H7X001": 4735, "WHITE": 3988, "BLACK": 87, "AIAN": 34, "ASIAN": 121, "NHPI": 2, "H7X007": 419, "H7X008": 84, "H7Y001": 4735, "H7Y002": 3628, "HISP": 1107, "C_X": -553503.8568223359, "C_Y": -417956.37804999924, "id": 19776}, {"boundary_node": true, "boundary_perim": 12765.753962560346, "area": 79113249.11638658, "STATEFP10": "48", "COUNTYFP10": "303", "TRACTCE10": "010406", "GEOID10": "48303010406", "NAME10": "104.06", "NAMELSAD10": "Census Tract 104.06", "MTFCC10": "G5020", "FUNCSTAT10": "S", "ALAND10": 78466932, "AWATER10": 646321, "INTPTLAT10": "+33.5377969", "INTPTLON10": "-102.0307051", "GISJOIN": "G4803030010406", "Shape_area": 79113249.1164, "Shape_len": 43627.2848343, "YEAR": 2010, "REGIONA": 3, "DIVISIONA": 7, "STATE": "Texas", "STATEA": 48, "COUNTY": "Lubbock County", "COUNTYA": 303, "COUSUBA": NaN, "PLACEA": NaN, "TRACTA": 10406, "BLKGRPA": NaN, "BLOCKA": NaN, "CONCITA": NaN, "AIANHHA": NaN, "RES_ONLYA": NaN, "TRUSTA": NaN, "AITSCEA": NaN, "TTRACTA": NaN, "TBLKGRPA": NaN, "ANRCA": NaN, "CBSAA": 31180, "METDIVA": 99999, "CSAA": 352, "NECTAA": NaN, "NECTADIVA": NaN, "CNECTAA": NaN, "UAA": NaN, "URBRURALA": NaN, "CDA": NaN, "SLDUA": NaN, "SLDLA": NaN, "ZCTA5A": NaN, "SUBMCDA": NaN, "SDELMA": NaN, "SDSECA": NaN, "SDUNIA": NaN, "NAME": "Census Tract 104.06", "SABINSA": NaN, "TOTPOP": 4555, "H7X001": 4555, "WHITE": 3898, "BLACK": 92, "AIAN": 28, "ASIAN": 136, "NHPI": 1, "H7X007": 253, "H7X008": 147, "H7Y001": 4555, "H7Y002": 3574, "HISP": 981, "C_X": -555671.0096474811, "C_Y": -426903.11349999986, "id": 19777}, {"boundary_node": false, "area": 1299096.3292316783, "STATEFP10": "48", "COUNTYFP10": "303", "TRACTCE10": "002002", "GEOID10": "48303002002", "NAME10": "20.02", "NAMELSAD10": "Census Tract 20.02", "MTFCC10": "G5020", "FUNCSTAT10": "S", "ALAND10": 1299098, "AWATER10": 0, "INTPTLAT10": "+33.5559922", "INTPTLON10": "-101.8747635", "GISJOIN": "G4803030002002", "Shape_area": 1299096.32923, "Shape_len": 4844.0907808, "YEAR": 2010, "REGIONA": 3, "DIVISIONA": 7, "STATE": "Texas", "STATEA": 48, "COUNTY": "Lubbock County", "COUNTYA": 303, "COUSUBA": NaN, "PLACEA": NaN, "TRACTA": 2002, "BLKGRPA": NaN, "BLOCKA": NaN, "CONCITA": NaN, "AIANHHA": NaN, "RES_ONLYA": NaN, "TRUSTA": NaN, "AITSCEA": NaN, "TTRACTA": NaN, "TBLKGRPA": NaN, "ANRCA": NaN, "CBSAA": 31180, "METDIVA": 99999, "CSAA": 352, "NECTAA": NaN, "NECTADIVA": NaN, "CNECTAA": NaN, "UAA": NaN, "URBRURALA": NaN, "CDA": NaN, "SLDUA": NaN, "SLDLA": NaN, "ZCTA5A": NaN, "SUBMCDA": NaN, "SDELMA": NaN, "SDSECA": NaN, "SDUNIA": NaN, "NAME": "Census Tract 20.02", "SABINSA": NaN, "TOTPOP": 3372, "H7X001": 3372, "WHITE": 2353, "BLACK": 438, "AIAN": 28, "ASIAN": 54, "NHPI": 3, "H7X007": 377, "H7X008": 119, "H7Y001": 3372, "H7Y002": 1960, "HISP": 1412, "C_X": -541401.5214966103, "C_Y": -424674.19390000054, "id": 19781}, {"boundary_node": true, "boundary_perim": 50359.13730608185, "area": 344288251.29498726, "STATEFP10": "48", "COUNTYFP10": "303", "TRACTCE10": "010301", "GEOID10": "48303010301", "NAME10": "103.01", "NAMELSAD10": "Census Tract 103.01", "MTFCC10": "G5020", "FUNCSTAT10": "S", "ALAND10": 342948215, "AWATER10": 1340043, "INTPTLAT10": "+33.7302581", "INTPTLON10": "-101.9968032", "GISJOIN": "G4803030010301", "Shape_area": 344288251.295, "Shape_len": 91682.5139873, "YEAR": 2010, "REGIONA": 3, "DIVISIONA": 7, "STATE": "Texas", "STATEA": 48, "COUNTY": "Lubbock County", "COUNTYA": 303, "COUSUBA": NaN, "PLACEA": NaN, "TRACTA": 10301, "BLKGRPA": NaN, "BLOCKA": NaN, "CONCITA": NaN, "AIANHHA": NaN, "RES_ONLYA": NaN, "TRUSTA": NaN, "AITSCEA": NaN, "TTRACTA": NaN, "TBLKGRPA": NaN, "ANRCA": NaN, "CBSAA": 31180, "METDIVA": 99999, "CSAA": 352, "NECTAA": NaN, "NECTADIVA": NaN, "CNECTAA": NaN, "UAA": NaN, "URBRURALA": NaN, "CDA": NaN, "SLDUA": NaN, "SLDLA": NaN, "ZCTA5A": NaN, "SUBMCDA": NaN, "SDELMA": NaN, "SDSECA": NaN, "SDUNIA": NaN, "NAME": "Census Tract 103.01", "SABINSA": NaN, "TOTPOP": 3499, "H7X001": 3499, "WHITE": 2983, "BLACK": 29, "AIAN": 23, "ASIAN": 5, "NHPI": 2, "H7X007": 375, "H7X008": 82, "H7Y001": 3499, "H7Y002": 2514, "HISP": 985, "C_X": -551267.5220501486, "C_Y": -405184.4837500006, "id": 19782}, {"boundary_node": false, "area": 2576872.992055479, "STATEFP10": "48", "COUNTYFP10": "303", "TRACTCE10": "010505", "GEOID10": "48303010505", "NAME10": "105.05", "NAMELSAD10": "Census Tract 105.05", "MTFCC10": "G5020", "FUNCSTAT10": "S", "ALAND10": 2536704, "AWATER10": 40170, "INTPTLAT10": "+33.5150214", "INTPTLON10": "-101.8782384", "GISJOIN": "G4803030010505", "Shape_area": 2576872.99206, "Shape_len": 6427.61424116, "YEAR": 2010, "REGIONA": 3, "DIVISIONA": 7, "STATE": "Texas", "STATEA": 48, "COUNTY": "Lubbock County", "COUNTYA": 303, "COUSUBA": NaN, "PLACEA": NaN, "TRACTA": 10505, "BLKGRPA": NaN, "BLOCKA": NaN, "CONCITA": NaN, "AIANHHA": NaN, "RES_ONLYA": NaN, "TRUSTA": NaN, "AITSCEA": NaN, "TTRACTA": NaN, "TBLKGRPA": NaN, "ANRCA": NaN, "CBSAA": 31180, "METDIVA": 99999, "CSAA": 352, "NECTAA": NaN, "NECTADIVA": NaN, "CNECTAA": NaN, "UAA": NaN, "URBRURALA": NaN, "CDA": NaN, "SLDUA": NaN, "SLDLA": NaN, "ZCTA5A": NaN, "SUBMCDA": NaN, "SDELMA": NaN, "SDSECA": NaN, "SDUNIA": NaN, "NAME": "Census Tract 105.05", "SABINSA": NaN, "TOTPOP": 4361, "H7X001": 4361, "WHITE": 3598, "BLACK": 313, "AIAN": 23, "ASIAN": 36, "NHPI": 0, "H7X007": 305, "H7X008": 86, "H7Y001": 4361, "H7Y002": 3253, "HISP": 1108, "C_X": -542091.5224083334, "C_Y": -429477.9552999999, "id": 19783}, {"boundary_node": false, "area": 2597680.281061856, "STATEFP10": "48", "COUNTYFP10": "303", "TRACTCE10": "010504", "GEOID10": "48303010504", "NAME10": "105.04", "NAMELSAD10": "Census Tract 105.04", "MTFCC10": "G5020", "FUNCSTAT10": "S", "ALAND10": 2533222, "AWATER10": 64456, "INTPTLAT10": "+33.5132545", "INTPTLON10": "-101.8959970", "GISJOIN": "G4803030010504", "Shape_area": 2597680.28106, "Shape_len": 6473.67227789, "YEAR": 2010, "REGIONA": 3, "DIVISIONA": 7, "STATE": "Texas", "STATEA": 48, "COUNTY": "Lubbock County", "COUNTYA": 303, "COUSUBA": NaN, "PLACEA": NaN, "TRACTA": 10504, "BLKGRPA": NaN, "BLOCKA": NaN, "CONCITA": NaN, "AIANHHA": NaN, "RES_ONLYA": NaN, "TRUSTA": NaN, "AITSCEA": NaN, "TTRACTA": NaN, "TBLKGRPA": NaN, "ANRCA": NaN, "CBSAA": 31180, "METDIVA": 99999, "CSAA": 352, "NECTAA": NaN, "NECTADIVA": NaN, "CNECTAA": NaN, "UAA": NaN, "URBRURALA": NaN, "CDA": NaN, "SLDUA": NaN, "SLDLA": NaN, "ZCTA5A": NaN, "SUBMCDA": NaN, "SDELMA": NaN, "SDSECA": NaN, "SDUNIA": NaN, "NAME": "Census Tract 105.04", "SABINSA": NaN, "TOTPOP": 3826, "H7X001": 3826, "WHITE": 3602, "BLACK": 44, "AIAN": 8, "ASIAN": 52, "NHPI": 0, "H7X007": 66, "H7X008": 54, "H7Y001": 3826, "H7Y002": 3438, "HISP": 388, "C_X": -543689.6054565685, "C_Y": -429401.8104500001, "id": 19784}, {"boundary_node": false, "area": 2665677.0126632014, "STATEFP10": "48", "COUNTYFP10": "303", "TRACTCE10": "010502", "GEOID10": "48303010502", "NAME10": "105.02", "NAMELSAD10": "Census Tract 105.02", "MTFCC10": "G5020", "FUNCSTAT10": "S", "ALAND10": 2530814, "AWATER10": 134866, "INTPTLAT10": "+33.5116952", "INTPTLON10": "-101.9122872", "GISJOIN": "G4803030010502", "Shape_area": 2665677.01266, "Shape_len": 6657.75155476, "YEAR": 2010, "REGIONA": 3, "DIVISIONA": 7, "STATE": "Texas", "STATEA": 48, "COUNTY": "Lubbock County", "COUNTYA": 303, "COUSUBA": NaN, "PLACEA": NaN, "TRACTA": 10502, "BLKGRPA": NaN, "BLOCKA": NaN, "CONCITA": NaN, "AIANHHA": NaN, "RES_ONLYA": NaN, "TRUSTA": NaN, "AITSCEA": NaN, "TTRACTA": NaN, "TBLKGRPA": NaN, "ANRCA": NaN, "CBSAA": 31180, "METDIVA": 99999, "CSAA": 352, "NECTAA": NaN, "NECTADIVA": NaN, "CNECTAA": NaN, "UAA": NaN, "URBRURALA": NaN, "CDA": NaN, "SLDUA": NaN, "SLDLA": NaN, "ZCTA5A": NaN, "SUBMCDA": NaN, "SDELMA": NaN, "SDSECA": NaN, "SDUNIA": NaN, "NAME": "Census Tract 105.02", "SABINSA": NaN, "TOTPOP": 3117, "H7X001": 3117, "WHITE": 2769, "BLACK": 28, "AIAN": 10, "ASIAN": 154, "NHPI": 0, "H7X007": 104, "H7X008": 52, "H7Y001": 3117, "H7Y002": 2840, "HISP": 277, "C_X": -545294.0280471764, "C_Y": -429383.69674999954, "id": 19785}, {"boundary_node": false, "area": 2590226.297147462, "STATEFP10": "48", "COUNTYFP10": "303", "TRACTCE10": "010403", "GEOID10": "48303010403", "NAME10": "104.03", "NAMELSAD10": "Census Tract 104.03", "MTFCC10": "G5020", "FUNCSTAT10": "S", "ALAND10": 2582005, "AWATER10": 8222, "INTPTLAT10": "+33.5133614", "INTPTLON10": "-101.9323447", "GISJOIN": "G4803030010403", "Shape_area": 2590226.29715, "Shape_len": 6438.77016931, "YEAR": 2010, "REGIONA": 3, "DIVISIONA": 7, "STATE": "Texas", "STATEA": 48, "COUNTY": "Lubbock County", "COUNTYA": 303, "COUSUBA": NaN, "PLACEA": NaN, "TRACTA": 10403, "BLKGRPA": NaN, "BLOCKA": NaN, "CONCITA": NaN, "AIANHHA": NaN, "RES_ONLYA": NaN, "TRUSTA": NaN, "AITSCEA": NaN, "TTRACTA": NaN, "TBLKGRPA": NaN, "ANRCA": NaN, "CBSAA": 31180, "METDIVA": 99999, "CSAA": 352, "NECTAA": NaN, "NECTADIVA": NaN, "CNECTAA": NaN, "UAA": NaN, "URBRURALA": NaN, "CDA": NaN, "SLDUA": NaN, "SLDLA": NaN, "ZCTA5A": NaN, "SUBMCDA": NaN, "SDELMA": NaN, "SDSECA": NaN, "SDUNIA": NaN, "NAME": "Census Tract 104.03", "SABINSA": NaN, "TOTPOP": 5585, "H7X001": 5585, "WHITE": 4904, "BLACK": 114, "AIAN": 36, "ASIAN": 186, "NHPI": 0, "H7X007": 247, "H7X008": 98, "H7Y001": 5585, "H7Y002": 4745, "HISP": 840, "C_X": -546884.9135419802, "C_Y": -429193.54975000105, "id": 19786}, {"boundary_node": false, "area": 15525439.831337592, "STATEFP10": "48", "COUNTYFP10": "303", "TRACTCE10": "010402", "GEOID10": "48303010402", "NAME10": "104.02", "NAMELSAD10": "Census Tract 104.02", "MTFCC10": "G5020", "FUNCSTAT10": "S", "ALAND10": 15344140, "AWATER10": 181299, "INTPTLAT10": "+33.5720137", "INTPTLON10": "-101.9998362", "GISJOIN": "G4803030010402", "Shape_area": 15525439.8313, "Shape_len": 16058.2576202, "YEAR": 2010, "REGIONA": 3, "DIVISIONA": 7, "STATE": "Texas", "STATEA": 48, "COUNTY": "Lubbock County", "COUNTYA": 303, "COUSUBA": NaN, "PLACEA": NaN, "TRACTA": 10402, "BLKGRPA": NaN, "BLOCKA": NaN, "CONCITA": NaN, "AIANHHA": NaN, "RES_ONLYA": NaN, "TRUSTA": NaN, "AITSCEA": NaN, "TTRACTA": NaN, "TBLKGRPA": NaN, "ANRCA": NaN, "CBSAA": 31180, "METDIVA": 99999, "CSAA": 352, "NECTAA": NaN, "NECTADIVA": NaN, "CNECTAA": NaN, "UAA": NaN, "URBRURALA": NaN, "CDA": NaN, "SLDUA": NaN, "SLDLA": NaN, "ZCTA5A": NaN, "SUBMCDA": NaN, "SDELMA": NaN, "SDSECA": NaN, "SDUNIA": NaN, "NAME": "Census Tract 104.02", "SABINSA": NaN, "TOTPOP": 2065, "H7X001": 2065, "WHITE": 1502, "BLACK": 161, "AIAN": 18, "ASIAN": 8, "NHPI": 0, "H7X007": 310, "H7X008": 66, "H7Y001": 2065, "H7Y002": 1257, "HISP": 808, "C_X": -552814.6330034842, "C_Y": -421531.3837000007, "id": 19787}, {"boundary_node": false, "area": 20078964.56355148, "STATEFP10": "48", "COUNTYFP10": "303", "TRACTCE10": "002500", "GEOID10": "48303002500", "NAME10": "25", "NAMELSAD10": "Census Tract 25", "MTFCC10": "G5020", "FUNCSTAT10": "S", "ALAND10": 19949696, "AWATER10": 129258, "INTPTLAT10": "+33.5409119", "INTPTLON10": "-101.8076100", "GISJOIN": "G4803030002500", "Shape_area": 20078964.5636, "Shape_len": 19747.4654094, "YEAR": 2010, "REGIONA": 3, "DIVISIONA": 7, "STATE": "Texas", "STATEA": 48, "COUNTY": "Lubbock County", "COUNTYA": 303, "COUSUBA": NaN, "PLACEA": NaN, "TRACTA": 2500, "BLKGRPA": NaN, "BLOCKA": NaN, "CONCITA": NaN, "AIANHHA": NaN, "RES_ONLYA": NaN, "TRUSTA": NaN, "AITSCEA": NaN, "TTRACTA": NaN, "TBLKGRPA": NaN, "ANRCA": NaN, "CBSAA": 31180, "METDIVA": 99999, "CSAA": 352, "NECTAA": NaN, "NECTADIVA": NaN, "CNECTAA": NaN, "UAA": NaN, "URBRURALA": NaN, "CDA": NaN, "SLDUA": NaN, "SLDLA": NaN, "ZCTA5A": NaN, "SUBMCDA": NaN, "SDELMA": NaN, "SDSECA": NaN, "SDUNIA": NaN, "NAME": "Census Tract 25", "SABINSA": NaN, "TOTPOP": 2547, "H7X001": 2547, "WHITE": 1622, "BLACK": 200, "AIAN": 26, "ASIAN": 7, "NHPI": 0, "H7X007": 620, "H7X008": 72, "H7Y001": 2547, "H7Y002": 787, "HISP": 1760, "C_X": -536357.4100787777, "C_Y": -426378.0408999997, "id": 19788}, {"boundary_node": false, "area": 4299601.971639765, "STATEFP10": "48", "COUNTYFP10": "303", "TRACTCE10": "002400", "GEOID10": "48303002400", "NAME10": "24", "NAMELSAD10": "Census Tract 24", "MTFCC10": "G5020", "FUNCSTAT10": "S", "ALAND10": 4284818, "AWATER10": 14787, "INTPTLAT10": "+33.5513287", "INTPTLON10": "-101.8453572", "GISJOIN": "G4803030002400", "Shape_area": 4299601.97164, "Shape_len": 8290.9829952, "YEAR": 2010, "REGIONA": 3, "DIVISIONA": 7, "STATE": "Texas", "STATEA": 48, "COUNTY": "Lubbock County", "COUNTYA": 303, "COUSUBA": NaN, "PLACEA": NaN, "TRACTA": 2400, "BLKGRPA": NaN, "BLOCKA": NaN, "CONCITA": NaN, "AIANHHA": NaN, "RES_ONLYA": NaN, "TRUSTA": NaN, "AITSCEA": NaN, "TTRACTA": NaN, "TBLKGRPA": NaN, "ANRCA": NaN, "CBSAA": 31180, "METDIVA": 99999, "CSAA": 352, "NECTAA": NaN, "NECTADIVA": NaN, "CNECTAA": NaN, "UAA": NaN, "URBRURALA": NaN, "CDA": NaN, "SLDUA": NaN, "SLDLA": NaN, "ZCTA5A": NaN, "SUBMCDA": NaN, "SDELMA": NaN, "SDSECA": NaN, "SDUNIA": NaN, "NAME": "Census Tract 24", "SABINSA": NaN, "TOTPOP": 6743, "H7X001": 6743, "WHITE": 3422, "BLACK": 824, "AIAN": 102, "ASIAN": 14, "NHPI": 19, "H7X007": 2114, "H7X008": 248, "H7Y001": 6743, "H7Y002": 1704, "HISP": 5039, "C_X": -538746.7929169467, "C_Y": -425442.2718000014, "id": 19789}, {"boundary_node": false, "area": 2252988.8744248045, "STATEFP10": "48", "COUNTYFP10": "303", "TRACTCE10": "002300", "GEOID10": "48303002300", "NAME10": "23", "NAMELSAD10": "Census Tract 23", "MTFCC10": "G5020", "FUNCSTAT10": "S", "ALAND10": 2172634, "AWATER10": 80355, "INTPTLAT10": "+33.5537515", "INTPTLON10": "-101.8639378", "GISJOIN": "G4803030002300", "Shape_area": 2252988.87442, "Shape_len": 6048.97880798, "YEAR": 2010, "REGIONA": 3, "DIVISIONA": 7, "STATE": "Texas", "STATEA": 48, "COUNTY": "Lubbock County", "COUNTYA": 303, "COUSUBA": NaN, "PLACEA": NaN, "TRACTA": 2300, "BLKGRPA": NaN, "BLOCKA": NaN, "CONCITA": NaN, "AIANHHA": NaN, "RES_ONLYA": NaN, "TRUSTA": NaN, "AITSCEA": NaN, "TTRACTA": NaN, "TBLKGRPA": NaN, "ANRCA": NaN, "CBSAA": 31180, "METDIVA": 99999, "CSAA": 352, "NECTAA": NaN, "NECTADIVA": NaN, "CNECTAA": NaN, "UAA": NaN, "URBRURALA": NaN, "CDA": NaN, "SLDUA": NaN, "SLDLA": NaN, "ZCTA5A": NaN, "SUBMCDA": NaN, "SDELMA": NaN, "SDSECA": NaN, "SDUNIA": NaN, "NAME": "Census Tract 23", "SABINSA": NaN, "TOTPOP": 4568, "H7X001": 4568, "WHITE": 2968, "BLACK": 522, "AIAN": 74, "ASIAN": 25, "NHPI": 8, "H7X007": 803, "H7X008": 168, "H7Y001": 4568, "H7Y002": 1739, "HISP": 2829, "C_X": -540311.4502602275, "C_Y": -424749.0831999994, "id": 19790}, {"boundary_node": false, "area": 2598863.1610785187, "STATEFP10": "48", "COUNTYFP10": "303", "TRACTCE10": "002202", "GEOID10": "48303002202", "NAME10": "22.02", "NAMELSAD10": "Census Tract 22.02", "MTFCC10": "G5020", "FUNCSTAT10": "S", "ALAND10": 2598861, "AWATER10": 0, "INTPTLAT10": "+33.5245535", "INTPTLON10": "-101.8572757", "GISJOIN": "G4803030002202", "Shape_area": 2598863.16108, "Shape_len": 6989.77405428, "YEAR": 2010, "REGIONA": 3, "DIVISIONA": 7, "STATE": "Texas", "STATEA": 48, "COUNTY": "Lubbock County", "COUNTYA": 303, "COUSUBA": NaN, "PLACEA": NaN, "TRACTA": 2202, "BLKGRPA": NaN, "BLOCKA": NaN, "CONCITA": NaN, "AIANHHA": NaN, "RES_ONLYA": NaN, "TRUSTA": NaN, "AITSCEA": NaN, "TTRACTA": NaN, "TBLKGRPA": NaN, "ANRCA": NaN, "CBSAA": 31180, "METDIVA": 99999, "CSAA": 352, "NECTAA": NaN, "NECTADIVA": NaN, "CNECTAA": NaN, "UAA": NaN, "URBRURALA": NaN, "CDA": NaN, "SLDUA": NaN, "SLDLA": NaN, "ZCTA5A": NaN, "SUBMCDA": NaN, "SDELMA": NaN, "SDSECA": NaN, "SDUNIA": NaN, "NAME": "Census Tract 22.02", "SABINSA": NaN, "TOTPOP": 5084, "H7X001": 5084, "WHITE": 3671, "BLACK": 474, "AIAN": 25, "ASIAN": 134, "NHPI": 1, "H7X007": 612, "H7X008": 167, "H7Y001": 5084, "H7Y002": 3121, "HISP": 1963, "C_X": -540000.0823563329, "C_Y": -428280.9718000005, "id": 19791}, {"boundary_node": false, "area": 1718760.2465049918, "STATEFP10": "48", "COUNTYFP10": "303", "TRACTCE10": "002102", "GEOID10": "48303002102", "NAME10": "21.02", "NAMELSAD10": "Census Tract 21.02", "MTFCC10": "G5020", "FUNCSTAT10": "S", "ALAND10": 1684008, "AWATER10": 34755, "INTPTLAT10": "+33.5242707", "INTPTLON10": "-101.8801472", "GISJOIN": "G4803030002102", "Shape_area": 1718760.2465, "Shape_len": 5348.28406815, "YEAR": 2010, "REGIONA": 3, "DIVISIONA": 7, "STATE": "Texas", "STATEA": 48, "COUNTY": "Lubbock County", "COUNTYA": 303, "COUSUBA": NaN, "PLACEA": NaN, "TRACTA": 2102, "BLKGRPA": NaN, "BLOCKA": NaN, "CONCITA": NaN, "AIANHHA": NaN, "RES_ONLYA": NaN, "TRUSTA": NaN, "AITSCEA": NaN, "TTRACTA": NaN, "TBLKGRPA": NaN, "ANRCA": NaN, "CBSAA": 31180, "METDIVA": 99999, "CSAA": 352, "NECTAA": NaN, "NECTADIVA": NaN, "CNECTAA": NaN, "UAA": NaN, "URBRURALA": NaN, "CDA": NaN, "SLDUA": NaN, "SLDLA": NaN, "ZCTA5A": NaN, "SUBMCDA": NaN, "SDELMA": NaN, "SDSECA": NaN, "SDUNIA": NaN, "NAME": "Census Tract 21.02", "SABINSA": NaN, "TOTPOP": 2716, "H7X001": 2716, "WHITE": 2290, "BLACK": 136, "AIAN": 5, "ASIAN": 41, "NHPI": 2, "H7X007": 176, "H7X008": 66, "H7Y001": 2716, "H7Y002": 2230, "HISP": 486, "C_X": -542014.7189945122, "C_Y": -428155.3522999999, "id": 19792}, {"boundary_node": false, "area": 3466954.905894136, "STATEFP10": "48", "COUNTYFP10": "303", "TRACTCE10": "002101", "GEOID10": "48303002101", "NAME10": "21.01", "NAMELSAD10": "Census Tract 21.01", "MTFCC10": "G5020", "FUNCSTAT10": "S", "ALAND10": 3405197, "AWATER10": 61760, "INTPTLAT10": "+33.5389088", "INTPTLON10": "-101.8776614", "GISJOIN": "G4803030002101", "Shape_area": 3466954.90589, "Shape_len": 7528.19394106, "YEAR": 2010, "REGIONA": 3, "DIVISIONA": 7, "STATE": "Texas", "STATEA": 48, "COUNTY": "Lubbock County", "COUNTYA": 303, "COUSUBA": NaN, "PLACEA": NaN, "TRACTA": 2101, "BLKGRPA": NaN, "BLOCKA": NaN, "CONCITA": NaN, "AIANHHA": NaN, "RES_ONLYA": NaN, "TRUSTA": NaN, "AITSCEA": NaN, "TTRACTA": NaN, "TBLKGRPA": NaN, "ANRCA": NaN, "CBSAA": 31180, "METDIVA": 99999, "CSAA": 352, "NECTAA": NaN, "NECTADIVA": NaN, "CNECTAA": NaN, "UAA": NaN, "URBRURALA": NaN, "CDA": NaN, "SLDUA": NaN, "SLDLA": NaN, "ZCTA5A": NaN, "SUBMCDA": NaN, "SDELMA": NaN, "SDSECA": NaN, "SDUNIA": NaN, "NAME": "Census Tract 21.01", "SABINSA": NaN, "TOTPOP": 5624, "H7X001": 5624, "WHITE": 4728, "BLACK": 259, "AIAN": 32, "ASIAN": 84, "NHPI": 2, "H7X007": 372, "H7X008": 147, "H7Y001": 5624, "H7Y002": 4159, "HISP": 1465, "C_X": -541912.0980596896, "C_Y": -426543.1639999988, "id": 19793}, {"boundary_node": false, "area": 2781173.6212794445, "STATEFP10": "48", "COUNTYFP10": "303", "TRACTCE10": "002204", "GEOID10": "48303002204", "NAME10": "22.04", "NAMELSAD10": "Census Tract 22.04", "MTFCC10": "G5020", "FUNCSTAT10": "S", "ALAND10": 2767699, "AWATER10": 13471, "INTPTLAT10": "+33.5360717", "INTPTLON10": "-101.8547448", "GISJOIN": "G4803030002204", "Shape_area": 2781173.62128, "Shape_len": 6947.31040979, "YEAR": 2010, "REGIONA": 3, "DIVISIONA": 7, "STATE": "Texas", "STATEA": 48, "COUNTY": "Lubbock County", "COUNTYA": 303, "COUSUBA": NaN, "PLACEA": NaN, "TRACTA": 2204, "BLKGRPA": NaN, "BLOCKA": NaN, "CONCITA": NaN, "AIANHHA": NaN, "RES_ONLYA": NaN, "TRUSTA": NaN, "AITSCEA": NaN, "TTRACTA": NaN, "TBLKGRPA": NaN, "ANRCA": NaN, "CBSAA": 31180, "METDIVA": 99999, "CSAA": 352, "NECTAA": NaN, "NECTADIVA": NaN, "CNECTAA": NaN, "UAA": NaN, "URBRURALA": NaN, "CDA": NaN, "SLDUA": NaN, "SLDLA": NaN, "ZCTA5A": NaN, "SUBMCDA": NaN, "SDELMA": NaN, "SDSECA": NaN, "SDUNIA": NaN, "NAME": "Census Tract 22.04", "SABINSA": NaN, "TOTPOP": 4963, "H7X001": 4963, "WHITE": 3219, "BLACK": 714, "AIAN": 40, "ASIAN": 24, "NHPI": 4, "H7X007": 817, "H7X008": 145, "H7Y001": 4963, "H7Y002": 2305, "HISP": 2658, "C_X": -539636.4343223996, "C_Y": -426675.15595000016, "id": 19794}, {"boundary_node": false, "area": 1716867.6701158453, "STATEFP10": "48", "COUNTYFP10": "303", "TRACTCE10": "002203", "GEOID10": "48303002203", "NAME10": "22.03", "NAMELSAD10": "Census Tract 22.03", "MTFCC10": "G5020", "FUNCSTAT10": "S", "ALAND10": 1672405, "AWATER10": 44461, "INTPTLAT10": "+33.5386372", "INTPTLON10": "-101.8649751", "GISJOIN": "G4803030002203", "Shape_area": 1716867.67012, "Shape_len": 5924.39555516, "YEAR": 2010, "REGIONA": 3, "DIVISIONA": 7, "STATE": "Texas", "STATEA": 48, "COUNTY": "Lubbock County", "COUNTYA": 303, "COUSUBA": NaN, "PLACEA": NaN, "TRACTA": 2203, "BLKGRPA": NaN, "BLOCKA": NaN, "CONCITA": NaN, "AIANHHA": NaN, "RES_ONLYA": NaN, "TRUSTA": NaN, "AITSCEA": NaN, "TTRACTA": NaN, "TBLKGRPA": NaN, "ANRCA": NaN, "CBSAA": 31180, "METDIVA": 99999, "CSAA": 352, "NECTAA": NaN, "NECTADIVA": NaN, "CNECTAA": NaN, "UAA": NaN, "URBRURALA": NaN, "CDA": NaN, "SLDUA": NaN, "SLDLA": NaN, "ZCTA5A": NaN, "SUBMCDA": NaN, "SDELMA": NaN, "SDSECA": NaN, "SDUNIA": NaN, "NAME": "Census Tract 22.03", "SABINSA": NaN, "TOTPOP": 2899, "H7X001": 2899, "WHITE": 2343, "BLACK": 228, "AIAN": 26, "ASIAN": 16, "NHPI": 6, "H7X007": 219, "H7X008": 61, "H7Y001": 2899, "H7Y002": 2027, "HISP": 872, "C_X": -540714.6799164142, "C_Y": -426593.7670500006, "id": 19796}, {"boundary_node": false, "area": 1795776.3673152344, "STATEFP10": "48", "COUNTYFP10": "303", "TRACTCE10": "001904", "GEOID10": "48303001904", "NAME10": "19.04", "NAMELSAD10": "Census Tract 19.04", "MTFCC10": "G5020", "FUNCSTAT10": "S", "ALAND10": 1682070, "AWATER10": 113709, "INTPTLAT10": "+33.5250852", "INTPTLON10": "-101.8974289", "GISJOIN": "G4803030001904", "Shape_area": 1795776.36732, "Shape_len": 5777.85191386, "YEAR": 2010, "REGIONA": 3, "DIVISIONA": 7, "STATE": "Texas", "STATEA": 48, "COUNTY": "Lubbock County", "COUNTYA": 303, "COUSUBA": NaN, "PLACEA": NaN, "TRACTA": 1904, "BLKGRPA": NaN, "BLOCKA": NaN, "CONCITA": NaN, "AIANHHA": NaN, "RES_ONLYA": NaN, "TRUSTA": NaN, "AITSCEA": NaN, "TTRACTA": NaN, "TBLKGRPA": NaN, "ANRCA": NaN, "CBSAA": 31180, "METDIVA": 99999, "CSAA": 352, "NECTAA": NaN, "NECTADIVA": NaN, "CNECTAA": NaN, "UAA": NaN, "URBRURALA": NaN, "CDA": NaN, "SLDUA": NaN, "SLDLA": NaN, "ZCTA5A": NaN, "SUBMCDA": NaN, "SDELMA": NaN, "SDSECA": NaN, "SDUNIA": NaN, "NAME": "Census Tract 19.04", "SABINSA": NaN, "TOTPOP": 1413, "H7X001": 1413, "WHITE": 1317, "BLACK": 17, "AIAN": 0, "ASIAN": 38, "NHPI": 3, "H7X007": 18, "H7X008": 20, "H7Y001": 1413, "H7Y002": 1284, "HISP": 129, "C_X": -543599.4031492561, "C_Y": -427944.02555000037, "id": 19797}, {"boundary_node": false, "area": 3533266.056877882, "STATEFP10": "48", "COUNTYFP10": "303", "TRACTCE10": "001903", "GEOID10": "48303001903", "NAME10": "19.03", "NAMELSAD10": "Census Tract 19.03", "MTFCC10": "G5020", "FUNCSTAT10": "S", "ALAND10": 3466287, "AWATER10": 66980, "INTPTLAT10": "+33.5392691", "INTPTLON10": "-101.8974911", "GISJOIN": "G4803030001903", "Shape_area": 3533266.05688, "Shape_len": 7605.36656, "YEAR": 2010, "REGIONA": 3, "DIVISIONA": 7, "STATE": "Texas", "STATEA": 48, "COUNTY": "Lubbock County", "COUNTYA": 303, "COUSUBA": NaN, "PLACEA": NaN, "TRACTA": 1903, "BLKGRPA": NaN, "BLOCKA": NaN, "CONCITA": NaN, "AIANHHA": NaN, "RES_ONLYA": NaN, "TRUSTA": NaN, "AITSCEA": NaN, "TTRACTA": NaN, "TBLKGRPA": NaN, "ANRCA": NaN, "CBSAA": 31180, "METDIVA": 99999, "CSAA": 352, "NECTAA": NaN, "NECTADIVA": NaN, "CNECTAA": NaN, "UAA": NaN, "URBRURALA": NaN, "CDA": NaN, "SLDUA": NaN, "SLDLA": NaN, "ZCTA5A": NaN, "SUBMCDA": NaN, "SDELMA": NaN, "SDSECA": NaN, "SDUNIA": NaN, "NAME": "Census Tract 19.03", "SABINSA": NaN, "TOTPOP": 5508, "H7X001": 5508, "WHITE": 4960, "BLACK": 148, "AIAN": 23, "ASIAN": 52, "NHPI": 0, "H7X007": 246, "H7X008": 79, "H7Y001": 5508, "H7Y002": 4671, "HISP": 837, "C_X": -543511.6359476565, "C_Y": -426469.2129500008, "id": 19798}, {"boundary_node": false, "area": 2583638.896792618, "STATEFP10": "48", "COUNTYFP10": "303", "TRACTCE10": "001901", "GEOID10": "48303001901", "NAME10": "19.01", "NAMELSAD10": "Census Tract 19.01", "MTFCC10": "G5020", "FUNCSTAT10": "S", "ALAND10": 2583640, "AWATER10": 0, "INTPTLAT10": "+33.5560047", "INTPTLON10": "-101.8964578", "GISJOIN": "G4803030001901", "Shape_area": 2583638.89679, "Shape_len": 6439.90704751, "YEAR": 2010, "REGIONA": 3, "DIVISIONA": 7, "STATE": "Texas", "STATEA": 48, "COUNTY": "Lubbock County", "COUNTYA": 303, "COUSUBA": NaN, "PLACEA": NaN, "TRACTA": 1901, "BLKGRPA": NaN, "BLOCKA": NaN, "CONCITA": NaN, "AIANHHA": NaN, "RES_ONLYA": NaN, "TRUSTA": NaN, "AITSCEA": NaN, "TTRACTA": NaN, "TBLKGRPA": NaN, "ANRCA": NaN, "CBSAA": 31180, "METDIVA": 99999, "CSAA": 352, "NECTAA": NaN, "NECTADIVA": NaN, "CNECTAA": NaN, "UAA": NaN, "URBRURALA": NaN, "CDA": NaN, "SLDUA": NaN, "SLDLA": NaN, "ZCTA5A": NaN, "SUBMCDA": NaN, "SDELMA": NaN, "SDSECA": NaN, "SDUNIA": NaN, "NAME": "Census Tract 19.01", "SABINSA": NaN, "TOTPOP": 4742, "H7X001": 4742, "WHITE": 3851, "BLACK": 340, "AIAN": 36, "ASIAN": 36, "NHPI": 4, "H7X007": 394, "H7X008": 81, "H7Y001": 4742, "H7Y002": 3425, "HISP": 1317, "C_X": -543397.5756280138, "C_Y": -424550.7876499997, "id": 19799}, {"boundary_node": false, "area": 2290893.9519155943, "STATEFP10": "48", "COUNTYFP10": "303", "TRACTCE10": "001804", "GEOID10": "48303001804", "NAME10": "18.04", "NAMELSAD10": "Census Tract 18.04", "MTFCC10": "G5020", "FUNCSTAT10": "S", "ALAND10": 2276853, "AWATER10": 14046, "INTPTLAT10": "+33.5267239", "INTPTLON10": "-101.9156206", "GISJOIN": "G4803030001804", "Shape_area": 2290893.95192, "Shape_len": 6131.63633365, "YEAR": 2010, "REGIONA": 3, "DIVISIONA": 7, "STATE": "Texas", "STATEA": 48, "COUNTY": "Lubbock County", "COUNTYA": 303, "COUSUBA": NaN, "PLACEA": NaN, "TRACTA": 1804, "BLKGRPA": NaN, "BLOCKA": NaN, "CONCITA": NaN, "AIANHHA": NaN, "RES_ONLYA": NaN, "TRUSTA": NaN, "AITSCEA": NaN, "TTRACTA": NaN, "TBLKGRPA": NaN, "ANRCA": NaN, "CBSAA": 31180, "METDIVA": 99999, "CSAA": 352, "NECTAA": NaN, "NECTADIVA": NaN, "CNECTAA": NaN, "UAA": NaN, "URBRURALA": NaN, "CDA": NaN, "SLDUA": NaN, "SLDLA": NaN, "ZCTA5A": NaN, "SUBMCDA": NaN, "SDELMA": NaN, "SDSECA": NaN, "SDUNIA": NaN, "NAME": "Census Tract 18.04", "SABINSA": NaN, "TOTPOP": 4022, "H7X001": 4022, "WHITE": 3601, "BLACK": 117, "AIAN": 22, "ASIAN": 66, "NHPI": 0, "H7X007": 158, "H7X008": 58, "H7Y001": 4022, "H7Y002": 3294, "HISP": 728, "C_X": -545226.8065998226, "C_Y": -427650.17599999905, "id": 19800}, {"boundary_node": false, "area": 2736920.1533511095, "STATEFP10": "48", "COUNTYFP10": "303", "TRACTCE10": "001803", "GEOID10": "48303001803", "NAME10": "18.03", "NAMELSAD10": "Census Tract 18.03", "MTFCC10": "G5020", "FUNCSTAT10": "S", "ALAND10": 2686254, "AWATER10": 50668, "INTPTLAT10": "+33.5410141", "INTPTLON10": "-101.9126646", "GISJOIN": "G4803030001803", "Shape_area": 2736920.15335, "Shape_len": 6636.10531978, "YEAR": 2010, "REGIONA": 3, "DIVISIONA": 7, "STATE": "Texas", "STATEA": 48, "COUNTY": "Lubbock County", "COUNTYA": 303, "COUSUBA": NaN, "PLACEA": NaN, "TRACTA": 1803, "BLKGRPA": NaN, "BLOCKA": NaN, "CONCITA": NaN, "AIANHHA": NaN, "RES_ONLYA": NaN, "TRUSTA": NaN, "AITSCEA": NaN, "TTRACTA": NaN, "TBLKGRPA": NaN, "ANRCA": NaN, "CBSAA": 31180, "METDIVA": 99999, "CSAA": 352, "NECTAA": NaN, "NECTADIVA": NaN, "CNECTAA": NaN, "UAA": NaN, "URBRURALA": NaN, "CDA": NaN, "SLDUA": NaN, "SLDLA": NaN, "ZCTA5A": NaN, "SUBMCDA": NaN, "SDELMA": NaN, "SDSECA": NaN, "SDUNIA": NaN, "NAME": "Census Tract 18.03", "SABINSA": NaN, "TOTPOP": 5378, "H7X001": 5378, "WHITE": 4219, "BLACK": 284, "AIAN": 62, "ASIAN": 146, "NHPI": 10, "H7X007": 509, "H7X008": 148, "H7Y001": 5378, "H7Y002": 3838, "HISP": 1540, "C_X": -545101.1846110703, "C_Y": -426275.47155000095, "id": 19801}, {"boundary_node": false, "area": 2591597.5920997146, "STATEFP10": "48", "COUNTYFP10": "303", "TRACTCE10": "001801", "GEOID10": "48303001801", "NAME10": "18.01", "NAMELSAD10": "Census Tract 18.01", "MTFCC10": "G5020", "FUNCSTAT10": "S", "ALAND10": 2591593, "AWATER10": 0, "INTPTLAT10": "+33.5560112", "INTPTLON10": "-101.9137690", "GISJOIN": "G4803030001801", "Shape_area": 2591597.5921, "Shape_len": 6437.80318981, "YEAR": 2010, "REGIONA": 3, "DIVISIONA": 7, "STATE": "Texas", "STATEA": 48, "COUNTY": "Lubbock County", "COUNTYA": 303, "COUSUBA": NaN, "PLACEA": NaN, "TRACTA": 1801, "BLKGRPA": NaN, "BLOCKA": NaN, "CONCITA": NaN, "AIANHHA": NaN, "RES_ONLYA": NaN, "TRUSTA": NaN, "AITSCEA": NaN, "TTRACTA": NaN, "TBLKGRPA": NaN, "ANRCA": NaN, "CBSAA": 31180, "METDIVA": 99999, "CSAA": 352, "NECTAA": NaN, "NECTADIVA": NaN, "CNECTAA": NaN, "UAA": NaN, "URBRURALA": NaN, "CDA": NaN, "SLDUA": NaN, "SLDLA": NaN, "ZCTA5A": NaN, "SUBMCDA": NaN, "SDELMA": NaN, "SDSECA": NaN, "SDUNIA": NaN, "NAME": "Census Tract 18.01", "SABINSA": NaN, "TOTPOP": 5446, "H7X001": 5446, "WHITE": 4138, "BLACK": 309, "AIAN": 51, "ASIAN": 59, "NHPI": 5, "H7X007": 746, "H7X008": 138, "H7Y001": 5446, "H7Y002": 3264, "HISP": 2182, "C_X": -544989.8677374875, "C_Y": -424452.4097499987, "id": 19802}, {"boundary_node": false, "area": 3179514.1896866267, "STATEFP10": "48", "COUNTYFP10": "303", "TRACTCE10": "001705", "GEOID10": "48303001705", "NAME10": "17.05", "NAMELSAD10": "Census Tract 17.05", "MTFCC10": "G5020", "FUNCSTAT10": "S", "ALAND10": 3148144, "AWATER10": 31370, "INTPTLAT10": "+33.5300569", "INTPTLON10": "-101.9295086", "GISJOIN": "G4803030001705", "Shape_area": 3179514.18969, "Shape_len": 7158.98679337, "YEAR": 2010, "REGIONA": 3, "DIVISIONA": 7, "STATE": "Texas", "STATEA": 48, "COUNTY": "Lubbock County", "COUNTYA": 303, "COUSUBA": NaN, "PLACEA": NaN, "TRACTA": 1705, "BLKGRPA": NaN, "BLOCKA": NaN, "CONCITA": NaN, "AIANHHA": NaN, "RES_ONLYA": NaN, "TRUSTA": NaN, "AITSCEA": NaN, "TTRACTA": NaN, "TBLKGRPA": NaN, "ANRCA": NaN, "CBSAA": 31180, "METDIVA": 99999, "CSAA": 352, "NECTAA": NaN, "NECTADIVA": NaN, "CNECTAA": NaN, "UAA": NaN, "URBRURALA": NaN, "CDA": NaN, "SLDUA": NaN, "SLDLA": NaN, "ZCTA5A": NaN, "SUBMCDA": NaN, "SDELMA": NaN, "SDSECA": NaN, "SDUNIA": NaN, "NAME": "Census Tract 17.05", "SABINSA": NaN, "TOTPOP": 6146, "H7X001": 6146, "WHITE": 5523, "BLACK": 126, "AIAN": 39, "ASIAN": 165, "NHPI": 5, "H7X007": 199, "H7X008": 89, "H7Y001": 6146, "H7Y002": 5361, "HISP": 785, "C_X": -546769.9291206051, "C_Y": -427352.59699999983, "id": 19803}, {"boundary_node": false, "area": 4265585.30774276, "STATEFP10": "48", "COUNTYFP10": "303", "TRACTCE10": "001702", "GEOID10": "48303001702", "NAME10": "17.02", "NAMELSAD10": "Census Tract 17.02", "MTFCC10": "G5020", "FUNCSTAT10": "S", "ALAND10": 4259202, "AWATER10": 6383, "INTPTLAT10": "+33.5681179", "INTPTLON10": "-101.9326379", "GISJOIN": "G4803030001702", "Shape_area": 4265585.30774, "Shape_len": 8301.85677096, "YEAR": 2010, "REGIONA": 3, "DIVISIONA": 7, "STATE": "Texas", "STATEA": 48, "COUNTY": "Lubbock County", "COUNTYA": 303, "COUSUBA": NaN, "PLACEA": NaN, "TRACTA": 1702, "BLKGRPA": NaN, "BLOCKA": NaN, "CONCITA": NaN, "AIANHHA": NaN, "RES_ONLYA": NaN, "TRUSTA": NaN, "AITSCEA": NaN, "TTRACTA": NaN, "TBLKGRPA": NaN, "ANRCA": NaN, "CBSAA": 31180, "METDIVA": 99999, "CSAA": 352, "NECTAA": NaN, "NECTADIVA": NaN, "CNECTAA": NaN, "UAA": NaN, "URBRURALA": NaN, "CDA": NaN, "SLDUA": NaN, "SLDLA": NaN, "ZCTA5A": NaN, "SUBMCDA": NaN, "SDELMA": NaN, "SDSECA": NaN, "SDUNIA": NaN, "NAME": "Census Tract 17.02", "SABINSA": NaN, "TOTPOP": 6056, "H7X001": 6056, "WHITE": 4787, "BLACK": 464, "AIAN": 30, "ASIAN": 70, "NHPI": 13, "H7X007": 522, "H7X008": 170, "H7Y001": 6056, "H7Y002": 4561, "HISP": 1495, "C_X": -546708.6929836639, "C_Y": -423233.9543499992, "id": 19804}, {"boundary_node": false, "area": 2527310.4681053204, "STATEFP10": "48", "COUNTYFP10": "303", "TRACTCE10": "001602", "GEOID10": "48303001602", "NAME10": "16.02", "NAMELSAD10": "Census Tract 16.02", "MTFCC10": "G5020", "FUNCSTAT10": "S", "ALAND10": 2425360, "AWATER10": 101950, "INTPTLAT10": "+33.5700712", "INTPTLON10": "-101.8953458", "GISJOIN": "G4803030001602", "Shape_area": 2527310.46811, "Shape_len": 6216.16055256, "YEAR": 2010, "REGIONA": 3, "DIVISIONA": 7, "STATE": "Texas", "STATEA": 48, "COUNTY": "Lubbock County", "COUNTYA": 303, "COUSUBA": NaN, "PLACEA": NaN, "TRACTA": 1602, "BLKGRPA": NaN, "BLOCKA": NaN, "CONCITA": NaN, "AIANHHA": NaN, "RES_ONLYA": NaN, "TRUSTA": NaN, "AITSCEA": NaN, "TTRACTA": NaN, "TBLKGRPA": NaN, "ANRCA": NaN, "CBSAA": 31180, "METDIVA": 99999, "CSAA": 352, "NECTAA": NaN, "NECTADIVA": NaN, "CNECTAA": NaN, "UAA": NaN, "URBRURALA": NaN, "CDA": NaN, "SLDUA": NaN, "SLDLA": NaN, "ZCTA5A": NaN, "SUBMCDA": NaN, "SDELMA": NaN, "SDSECA": NaN, "SDUNIA": NaN, "NAME": "Census Tract 16.02", "SABINSA": NaN, "TOTPOP": 3126, "H7X001": 3126, "WHITE": 2583, "BLACK": 157, "AIAN": 30, "ASIAN": 33, "NHPI": 2, "H7X007": 276, "H7X008": 45, "H7Y001": 3126, "H7Y002": 2166, "HISP": 960, "C_X": -543295.2391166224, "C_Y": -422931.9653000006, "id": 19805}, {"boundary_node": false, "area": 2659643.584371653, "STATEFP10": "48", "COUNTYFP10": "303", "TRACTCE10": "001601", "GEOID10": "48303001601", "NAME10": "16.01", "NAMELSAD10": "Census Tract 16.01", "MTFCC10": "G5020", "FUNCSTAT10": "S", "ALAND10": 2617709, "AWATER10": 41933, "INTPTLAT10": "+33.5709376", "INTPTLON10": "-101.9129597", "GISJOIN": "G4803030001601", "Shape_area": 2659643.58437, "Shape_len": 7103.74792737, "YEAR": 2010, "REGIONA": 3, "DIVISIONA": 7, "STATE": "Texas", "STATEA": 48, "COUNTY": "Lubbock County", "COUNTYA": 303, "COUSUBA": NaN, "PLACEA": NaN, "TRACTA": 1601, "BLKGRPA": NaN, "BLOCKA": NaN, "CONCITA": NaN, "AIANHHA": NaN, "RES_ONLYA": NaN, "TRUSTA": NaN, "AITSCEA": NaN, "TTRACTA": NaN, "TBLKGRPA": NaN, "ANRCA": NaN, "CBSAA": 31180, "METDIVA": 99999, "CSAA": 352, "NECTAA": NaN, "NECTADIVA": NaN, "CNECTAA": NaN, "UAA": NaN, "URBRURALA": NaN, "CDA": NaN, "SLDUA": NaN, "SLDLA": NaN, "ZCTA5A": NaN, "SUBMCDA": NaN, "SDELMA": NaN, "SDSECA": NaN, "SDUNIA": NaN, "NAME": "Census Tract 16.01", "SABINSA": NaN, "TOTPOP": 3000, "H7X001": 3000, "WHITE": 2424, "BLACK": 244, "AIAN": 34, "ASIAN": 68, "NHPI": 1, "H7X007": 165, "H7X008": 64, "H7Y001": 3000, "H7Y002": 2249, "HISP": 751, "C_X": -544890.985011959, "C_Y": -422850.640999999, "id": 19811}, {"boundary_node": false, "area": 2252994.8505033725, "STATEFP10": "48", "COUNTYFP10": "303", "TRACTCE10": "001400", "GEOID10": "48303001400", "NAME10": "14", "NAMELSAD10": "Census Tract 14", "MTFCC10": "G5020", "FUNCSTAT10": "S", "ALAND10": 2252995, "AWATER10": 0, "INTPTLAT10": "+33.5705346", "INTPTLON10": "-101.8628942", "GISJOIN": "G4803030001400", "Shape_area": 2252994.8505, "Shape_len": 6053.97047666, "YEAR": 2010, "REGIONA": 3, "DIVISIONA": 7, "STATE": "Texas", "STATEA": 48, "COUNTY": "Lubbock County", "COUNTYA": 303, "COUSUBA": NaN, "PLACEA": NaN, "TRACTA": 1400, "BLKGRPA": NaN, "BLOCKA": NaN, "CONCITA": NaN, "AIANHHA": NaN, "RES_ONLYA": NaN, "TRUSTA": NaN, "AITSCEA": NaN, "TTRACTA": NaN, "TBLKGRPA": NaN, "ANRCA": NaN, "CBSAA": 31180, "METDIVA": 99999, "CSAA": 352, "NECTAA": NaN, "NECTADIVA": NaN, "CNECTAA": NaN, "UAA": NaN, "URBRURALA": NaN, "CDA": NaN, "SLDUA": NaN, "SLDLA": NaN, "ZCTA5A": NaN, "SUBMCDA": NaN, "SDELMA": NaN, "SDSECA": NaN, "SDUNIA": NaN, "NAME": "Census Tract 14", "SABINSA": NaN, "TOTPOP": 4852, "H7X001": 4852, "WHITE": 3701, "BLACK": 371, "AIAN": 51, "ASIAN": 40, "NHPI": 8, "H7X007": 537, "H7X008": 144, "H7Y001": 4852, "H7Y002": 2639, "HISP": 2213, "C_X": -540208.9068375875, "C_Y": -423123.03140000044, "id": 19812}, {"boundary_node": false, "area": 2867195.5597772743, "STATEFP10": "48", "COUNTYFP10": "303", "TRACTCE10": "001300", "GEOID10": "48303001300", "NAME10": "13", "NAMELSAD10": "Census Tract 13", "MTFCC10": "G5020", "FUNCSTAT10": "S", "ALAND10": 2867194, "AWATER10": 0, "INTPTLAT10": "+33.5705279", "INTPTLON10": "-101.8457793", "GISJOIN": "G4803030001300", "Shape_area": 2867195.55978, "Shape_len": 6773.52673952, "YEAR": 2010, "REGIONA": 3, "DIVISIONA": 7, "STATE": "Texas", "STATEA": 48, "COUNTY": "Lubbock County", "COUNTYA": 303, "COUSUBA": NaN, "PLACEA": NaN, "TRACTA": 1300, "BLKGRPA": NaN, "BLOCKA": NaN, "CONCITA": NaN, "AIANHHA": NaN, "RES_ONLYA": NaN, "TRUSTA": NaN, "AITSCEA": NaN, "TTRACTA": NaN, "TBLKGRPA": NaN, "ANRCA": NaN, "CBSAA": 31180, "METDIVA": 99999, "CSAA": 352, "NECTAA": NaN, "NECTADIVA": NaN, "CNECTAA": NaN, "UAA": NaN, "URBRURALA": NaN, "CDA": NaN, "SLDUA": NaN, "SLDLA": NaN, "ZCTA5A": NaN, "SUBMCDA": NaN, "SDELMA": NaN, "SDSECA": NaN, "SDUNIA": NaN, "NAME": "Census Tract 13", "SABINSA": NaN, "TOTPOP": 3254, "H7X001": 3254, "WHITE": 2012, "BLACK": 261, "AIAN": 46, "ASIAN": 2, "NHPI": 0, "H7X007": 808, "H7X008": 125, "H7Y001": 3254, "H7Y002": 713, "HISP": 2541, "C_X": -538637.8361218094, "C_Y": -423249.7117999991, "id": 19813}, {"boundary_node": false, "area": 11191420.44272421, "STATEFP10": "48", "COUNTYFP10": "303", "TRACTCE10": "001200", "GEOID10": "48303001200", "NAME10": "12", "NAMELSAD10": "Census Tract 12", "MTFCC10": "G5020", "FUNCSTAT10": "S", "ALAND10": 10759261, "AWATER10": 432160, "INTPTLAT10": "+33.5660669", "INTPTLON10": "-101.8097916", "GISJOIN": "G4803030001200", "Shape_area": 11191420.4427, "Shape_len": 15918.9992362, "YEAR": 2010, "REGIONA": 3, "DIVISIONA": 7, "STATE": "Texas", "STATEA": 48, "COUNTY": "Lubbock County", "COUNTYA": 303, "COUSUBA": NaN, "PLACEA": NaN, "TRACTA": 1200, "BLKGRPA": NaN, "BLOCKA": NaN, "CONCITA": NaN, "AIANHHA": NaN, "RES_ONLYA": NaN, "TRUSTA": NaN, "AITSCEA": NaN, "TTRACTA": NaN, "TBLKGRPA": NaN, "ANRCA": NaN, "CBSAA": 31180, "METDIVA": 99999, "CSAA": 352, "NECTAA": NaN, "NECTADIVA": NaN, "CNECTAA": NaN, "UAA": NaN, "URBRURALA": NaN, "CDA": NaN, "SLDUA": NaN, "SLDLA": NaN, "ZCTA5A": NaN, "SUBMCDA": NaN, "SDELMA": NaN, "SDSECA": NaN, "SDUNIA": NaN, "NAME": "Census Tract 12", "SABINSA": NaN, "TOTPOP": 2769, "H7X001": 2769, "WHITE": 599, "BLACK": 1845, "AIAN": 18, "ASIAN": 3, "NHPI": 3, "H7X007": 204, "H7X008": 97, "H7Y001": 2769, "H7Y002": 2031, "HISP": 738, "C_X": -534502.1335412639, "C_Y": -424832.34169999894, "id": 19814}, {"boundary_node": false, "area": 9278190.531019457, "STATEFP10": "48", "COUNTYFP10": "303", "TRACTCE10": "001000", "GEOID10": "48303001000", "NAME10": "10", "NAMELSAD10": "Census Tract 10", "MTFCC10": "G5020", "FUNCSTAT10": "S", "ALAND10": 9244361, "AWATER10": 33823, "INTPTLAT10": "+33.5882460", "INTPTLON10": "-101.8084207", "GISJOIN": "G4803030001000", "Shape_area": 9278190.53102, "Shape_len": 15183.7488036, "YEAR": 2010, "REGIONA": 3, "DIVISIONA": 7, "STATE": "Texas", "STATEA": 48, "COUNTY": "Lubbock County", "COUNTYA": 303, "COUSUBA": NaN, "PLACEA": NaN, "TRACTA": 1000, "BLKGRPA": NaN, "BLOCKA": NaN, "CONCITA": NaN, "AIANHHA": NaN, "RES_ONLYA": NaN, "TRUSTA": NaN, "AITSCEA": NaN, "TTRACTA": NaN, "TBLKGRPA": NaN, "ANRCA": NaN, "CBSAA": 31180, "METDIVA": 99999, "CSAA": 352, "NECTAA": NaN, "NECTADIVA": NaN, "CNECTAA": NaN, "UAA": NaN, "URBRURALA": NaN, "CDA": NaN, "SLDUA": NaN, "SLDLA": NaN, "ZCTA5A": NaN, "SUBMCDA": NaN, "SDELMA": NaN, "SDSECA": NaN, "SDUNIA": NaN, "NAME": "Census Tract 10", "SABINSA": NaN, "TOTPOP": 3311, "H7X001": 3311, "WHITE": 1180, "BLACK": 1501, "AIAN": 20, "ASIAN": 2, "NHPI": 0, "H7X007": 534, "H7X008": 74, "H7Y001": 3311, "H7Y002": 1767, "HISP": 1544, "C_X": -535392.938736116, "C_Y": -421150.2515999981, "id": 19815}, {"boundary_node": false, "area": 10698757.582086947, "STATEFP10": "48", "COUNTYFP10": "303", "TRACTCE10": "000900", "GEOID10": "48303000900", "NAME10": "9", "NAMELSAD10": "Census Tract 9", "MTFCC10": "G5020", "FUNCSTAT10": "S", "ALAND10": 10620917, "AWATER10": 77846, "INTPTLAT10": "+33.6041524", "INTPTLON10": "-101.8199757", "GISJOIN": "G4803030000900", "Shape_area": 10698757.5821, "Shape_len": 15611.9052505, "YEAR": 2010, "REGIONA": 3, "DIVISIONA": 7, "STATE": "Texas", "STATEA": 48, "COUNTY": "Lubbock County", "COUNTYA": 303, "COUSUBA": NaN, "PLACEA": NaN, "TRACTA": 900, "BLKGRPA": NaN, "BLOCKA": NaN, "CONCITA": NaN, "AIANHHA": NaN, "RES_ONLYA": NaN, "TRUSTA": NaN, "AITSCEA": NaN, "TTRACTA": NaN, "TBLKGRPA": NaN, "ANRCA": NaN, "CBSAA": 31180, "METDIVA": 99999, "CSAA": 352, "NECTAA": NaN, "NECTADIVA": NaN, "CNECTAA": NaN, "UAA": NaN, "URBRURALA": NaN, "CDA": NaN, "SLDUA": NaN, "SLDLA": NaN, "ZCTA5A": NaN, "SUBMCDA": NaN, "SDELMA": NaN, "SDSECA": NaN, "SDUNIA": NaN, "NAME": "Census Tract 9", "SABINSA": NaN, "TOTPOP": 5096, "H7X001": 5096, "WHITE": 1244, "BLACK": 3125, "AIAN": 26, "ASIAN": 4, "NHPI": 0, "H7X007": 577, "H7X008": 120, "H7Y001": 5096, "H7Y002": 3420, "HISP": 1676, "C_X": -536296.8381696406, "C_Y": -419201.1709500002, "id": 19816}, {"boundary_node": false, "area": 4648463.743744981, "STATEFP10": "48", "COUNTYFP10": "303", "TRACTCE10": "000700", "GEOID10": "48303000700", "NAME10": "7", "NAMELSAD10": "Census Tract 7", "MTFCC10": "G5020", "FUNCSTAT10": "S", "ALAND10": 4622877, "AWATER10": 25591, "INTPTLAT10": "+33.5906077", "INTPTLON10": "-101.8465279", "GISJOIN": "G4803030000700", "Shape_area": 4648463.74374, "Shape_len": 10248.8529482, "YEAR": 2010, "REGIONA": 3, "DIVISIONA": 7, "STATE": "Texas", "STATEA": 48, "COUNTY": "Lubbock County", "COUNTYA": 303, "COUSUBA": NaN, "PLACEA": NaN, "TRACTA": 700, "BLKGRPA": NaN, "BLOCKA": NaN, "CONCITA": NaN, "AIANHHA": NaN, "RES_ONLYA": NaN, "TRUSTA": NaN, "AITSCEA": NaN, "TTRACTA": NaN, "TBLKGRPA": NaN, "ANRCA": NaN, "CBSAA": 31180, "METDIVA": 99999, "CSAA": 352, "NECTAA": NaN, "NECTADIVA": NaN, "CNECTAA": NaN, "UAA": NaN, "URBRURALA": NaN, "CDA": NaN, "SLDUA": NaN, "SLDLA": NaN, "ZCTA5A": NaN, "SUBMCDA": NaN, "SDELMA": NaN, "SDSECA": NaN, "SDUNIA": NaN, "NAME": "Census Tract 7", "SABINSA": NaN, "TOTPOP": 2140, "H7X001": 2140, "WHITE": 1509, "BLACK": 342, "AIAN": 16, "ASIAN": 0, "NHPI": 2, "H7X007": 231, "H7X008": 40, "H7Y001": 2140, "H7Y002": 952, "HISP": 1188, "C_X": -538668.4118174068, "C_Y": -420449.88359999843, "id": 19817}, {"boundary_node": false, "area": 551044.52091613, "STATEFP10": "48", "COUNTYFP10": "303", "TRACTCE10": "000605", "GEOID10": "48303000605", "NAME10": "6.05", "NAMELSAD10": "Census Tract 6.05", "MTFCC10": "G5020", "FUNCSTAT10": "S", "ALAND10": 551046, "AWATER10": 0, "INTPTLAT10": "+33.5884255", "INTPTLON10": "-101.8585983", "GISJOIN": "G4803030000605", "Shape_area": 551044.520916, "Shape_len": 3013.71204453, "YEAR": 2010, "REGIONA": 3, "DIVISIONA": 7, "STATE": "Texas", "STATEA": 48, "COUNTY": "Lubbock County", "COUNTYA": 303, "COUSUBA": NaN, "PLACEA": NaN, "TRACTA": 605, "BLKGRPA": NaN, "BLOCKA": NaN, "CONCITA": NaN, "AIANHHA": NaN, "RES_ONLYA": NaN, "TRUSTA": NaN, "AITSCEA": NaN, "TTRACTA": NaN, "TBLKGRPA": NaN, "ANRCA": NaN, "CBSAA": 31180, "METDIVA": 99999, "CSAA": 352, "NECTAA": NaN, "NECTADIVA": NaN, "CNECTAA": NaN, "UAA": NaN, "URBRURALA": NaN, "CDA": NaN, "SLDUA": NaN, "SLDLA": NaN, "ZCTA5A": NaN, "SUBMCDA": NaN, "SDELMA": NaN, "SDSECA": NaN, "SDUNIA": NaN, "NAME": "Census Tract 6.05", "SABINSA": NaN, "TOTPOP": 903, "H7X001": 903, "WHITE": 789, "BLACK": 53, "AIAN": 13, "ASIAN": 15, "NHPI": 0, "H7X007": 23, "H7X008": 10, "H7Y001": 903, "H7Y002": 777, "HISP": 126, "C_X": -539688.0605796077, "C_Y": -421121.8207499982, "id": 19818}, {"boundary_node": false, "area": 706735.1989741615, "STATEFP10": "48", "COUNTYFP10": "303", "TRACTCE10": "000603", "GEOID10": "48303000603", "NAME10": "6.03", "NAMELSAD10": "Census Tract 6.03", "MTFCC10": "G5020", "FUNCSTAT10": "S", "ALAND10": 706734, "AWATER10": 0, "INTPTLAT10": "+33.5884150", "INTPTLON10": "-101.8663041", "GISJOIN": "G4803030000603", "Shape_area": 706735.198974, "Shape_len": 3358.88188198, "YEAR": 2010, "REGIONA": 3, "DIVISIONA": 7, "STATE": "Texas", "STATEA": 48, "COUNTY": "Lubbock County", "COUNTYA": 303, "COUSUBA": NaN, "PLACEA": NaN, "TRACTA": 603, "BLKGRPA": NaN, "BLOCKA": NaN, "CONCITA": NaN, "AIANHHA": NaN, "RES_ONLYA": NaN, "TRUSTA": NaN, "AITSCEA": NaN, "TTRACTA": NaN, "TBLKGRPA": NaN, "ANRCA": NaN, "CBSAA": 31180, "METDIVA": 99999, "CSAA": 352, "NECTAA": NaN, "NECTADIVA": NaN, "CNECTAA": NaN, "UAA": NaN, "URBRURALA": NaN, "CDA": NaN, "SLDUA": NaN, "SLDLA": NaN, "ZCTA5A": NaN, "SUBMCDA": NaN, "SDELMA": NaN, "SDSECA": NaN, "SDUNIA": NaN, "NAME": "Census Tract 6.03", "SABINSA": NaN, "TOTPOP": 3125, "H7X001": 3125, "WHITE": 2559, "BLACK": 212, "AIAN": 19, "ASIAN": 159, "NHPI": 2, "H7X007": 117, "H7X008": 57, "H7Y001": 3125, "H7Y002": 2698, "HISP": 427, "C_X": -540400.6948497642, "C_Y": -421130.91474999837, "id": 19833}, {"boundary_node": false, "area": 7653838.160224288, "STATEFP10": "48", "COUNTYFP10": "303", "TRACTCE10": "000500", "GEOID10": "48303000500", "NAME10": "5", "NAMELSAD10": "Census Tract 5", "MTFCC10": "G5020", "FUNCSTAT10": "S", "ALAND10": 7557704, "AWATER10": 96134, "INTPTLAT10": "+33.5889060", "INTPTLON10": "-101.8923893", "GISJOIN": "G4803030000500", "Shape_area": 7653838.16022, "Shape_len": 12868.8112167, "YEAR": 2010, "REGIONA": 3, "DIVISIONA": 7, "STATE": "Texas", "STATEA": 48, "COUNTY": "Lubbock County", "COUNTYA": 303, "COUSUBA": NaN, "PLACEA": NaN, "TRACTA": 500, "BLKGRPA": NaN, "BLOCKA": NaN, "CONCITA": NaN, "AIANHHA": NaN, "RES_ONLYA": NaN, "TRUSTA": NaN, "AITSCEA": NaN, "TTRACTA": NaN, "TBLKGRPA": NaN, "ANRCA": NaN, "CBSAA": 31180, "METDIVA": 99999, "CSAA": 352, "NECTAA": NaN, "NECTADIVA": NaN, "CNECTAA": NaN, "UAA": NaN, "URBRURALA": NaN, "CDA": NaN, "SLDUA": NaN, "SLDLA": NaN, "ZCTA5A": NaN, "SUBMCDA": NaN, "SDELMA": NaN, "SDSECA": NaN, "SDUNIA": NaN, "NAME": "Census Tract 5", "SABINSA": NaN, "TOTPOP": 7260, "H7X001": 7260, "WHITE": 6282, "BLACK": 465, "AIAN": 54, "ASIAN": 173, "NHPI": 14, "H7X007": 130, "H7X008": 142, "H7Y001": 7260, "H7Y002": 6141, "HISP": 1119, "C_X": -543123.763657162, "C_Y": -420560.3296500003, "id": 19834}, {"boundary_node": false, "area": 1306574.160850168, "STATEFP10": "48", "COUNTYFP10": "303", "TRACTCE10": "002001", "GEOID10": "48303002001", "NAME10": "20.01", "NAMELSAD10": "Census Tract 20.01", "MTFCC10": "G5020", "FUNCSTAT10": "S", "ALAND10": 1306572, "AWATER10": 0, "INTPTLAT10": "+33.5559975", "INTPTLON10": "-101.8834599", "GISJOIN": "G4803030002001", "Shape_area": 1306574.16085, "Shape_len": 4853.88312086, "YEAR": 2010, "REGIONA": 3, "DIVISIONA": 7, "STATE": "Texas", "STATEA": 48, "COUNTY": "Lubbock County", "COUNTYA": 303, "COUSUBA": NaN, "PLACEA": NaN, "TRACTA": 2001, "BLKGRPA": NaN, "BLOCKA": NaN, "CONCITA": NaN, "AIANHHA": NaN, "RES_ONLYA": NaN, "TRUSTA": NaN, "AITSCEA": NaN, "TTRACTA": NaN, "TBLKGRPA": NaN, "ANRCA": NaN, "CBSAA": 31180, "METDIVA": 99999, "CSAA": 352, "NECTAA": NaN, "NECTADIVA": NaN, "CNECTAA": NaN, "UAA": NaN, "URBRURALA": NaN, "CDA": NaN, "SLDUA": NaN, "SLDLA": NaN, "ZCTA5A": NaN, "SUBMCDA": NaN, "SDELMA": NaN, "SDSECA": NaN, "SDUNIA": NaN, "NAME": "Census Tract 20.01", "SABINSA": NaN, "TOTPOP": 2063, "H7X001": 2063, "WHITE": 1715, "BLACK": 113, "AIAN": 13, "ASIAN": 22, "NHPI": 7, "H7X007": 145, "H7X008": 48, "H7Y001": 2063, "H7Y002": 1529, "HISP": 534, "C_X": -542201.744954659, "C_Y": -424624.5748000002, "id": 19835}, {"boundary_node": false, "area": 10454296.168418469, "STATEFP10": "48", "COUNTYFP10": "303", "TRACTCE10": "000405", "GEOID10": "48303000405", "NAME10": "4.05", "NAMELSAD10": "Census Tract 4.05", "MTFCC10": "G5020", "FUNCSTAT10": "S", "ALAND10": 10440316, "AWATER10": 13978, "INTPTLAT10": "+33.6021603", "INTPTLON10": "-101.9207239", "GISJOIN": "G4803030000405", "Shape_area": 10454296.1684, "Shape_len": 12973.4968143, "YEAR": 2010, "REGIONA": 3, "DIVISIONA": 7, "STATE": "Texas", "STATEA": 48, "COUNTY": "Lubbock County", "COUNTYA": 303, "COUSUBA": NaN, "PLACEA": NaN, "TRACTA": 405, "BLKGRPA": NaN, "BLOCKA": NaN, "CONCITA": NaN, "AIANHHA": NaN, "RES_ONLYA": NaN, "TRUSTA": NaN, "AITSCEA": NaN, "TTRACTA": NaN, "TBLKGRPA": NaN, "ANRCA": NaN, "CBSAA": 31180, "METDIVA": 99999, "CSAA": 352, "NECTAA": NaN, "NECTADIVA": NaN, "CNECTAA": NaN, "UAA": NaN, "URBRURALA": NaN, "CDA": NaN, "SLDUA": NaN, "SLDLA": NaN, "ZCTA5A": NaN, "SUBMCDA": NaN, "SDELMA": NaN, "SDSECA": NaN, "SDUNIA": NaN, "NAME": "Census Tract 4.05", "SABINSA": NaN, "TOTPOP": 10654, "H7X001": 10654, "WHITE": 7997, "BLACK": 862, "AIAN": 67, "ASIAN": 404, "NHPI": 0, "H7X007": 1041, "H7X008": 283, "H7Y001": 10654, "H7Y002": 7503, "HISP": 3151, "C_X": -545432.6271938086, "C_Y": -418754.70930000104, "id": 19836}, {"boundary_node": false, "area": 5322165.697424853, "STATEFP10": "48", "COUNTYFP10": "303", "TRACTCE10": "000404", "GEOID10": "48303000404", "NAME10": "4.04", "NAMELSAD10": "Census Tract 4.04", "MTFCC10": "G5020", "FUNCSTAT10": "S", "ALAND10": 5285179, "AWATER10": 36988, "INTPTLAT10": "+33.5860166", "INTPTLON10": "-101.9551634", "GISJOIN": "G4803030000404", "Shape_area": 5322165.69742, "Shape_len": 10730.1834716, "YEAR": 2010, "REGIONA": 3, "DIVISIONA": 7, "STATE": "Texas", "STATEA": 48, "COUNTY": "Lubbock County", "COUNTYA": 303, "COUSUBA": NaN, "PLACEA": NaN, "TRACTA": 404, "BLKGRPA": NaN, "BLOCKA": NaN, "CONCITA": NaN, "AIANHHA": NaN, "RES_ONLYA": NaN, "TRUSTA": NaN, "AITSCEA": NaN, "TTRACTA": NaN, "TBLKGRPA": NaN, "ANRCA": NaN, "CBSAA": 31180, "METDIVA": 99999, "CSAA": 352, "NECTAA": NaN, "NECTADIVA": NaN, "CNECTAA": NaN, "UAA": NaN, "URBRURALA": NaN, "CDA": NaN, "SLDUA": NaN, "SLDLA": NaN, "ZCTA5A": NaN, "SUBMCDA": NaN, "SDELMA": NaN, "SDSECA": NaN, "SDUNIA": NaN, "NAME": "Census Tract 4.04", "SABINSA": NaN, "TOTPOP": 7437, "H7X001": 7437, "WHITE": 5696, "BLACK": 387, "AIAN": 44, "ASIAN": 387, "NHPI": 6, "H7X007": 712, "H7X008": 205, "H7Y001": 7437, "H7Y002": 5510, "HISP": 1927, "C_X": -548745.0859088486, "C_Y": -420962.55790000036, "id": 19837}, {"boundary_node": false, "area": 2590241.4416835355, "STATEFP10": "48", "COUNTYFP10": "303", "TRACTCE10": "000403", "GEOID10": "48303000403", "NAME10": "4.03", "NAMELSAD10": "Census Tract 4.03", "MTFCC10": "G5020", "FUNCSTAT10": "S", "ALAND10": 2539010, "AWATER10": 51231, "INTPTLAT10": "+33.5855293", "INTPTLON10": "-101.9122209", "GISJOIN": "G4803030000403", "Shape_area": 2590241.44168, "Shape_len": 6436.63959445, "YEAR": 2010, "REGIONA": 3, "DIVISIONA": 7, "STATE": "Texas", "STATEA": 48, "COUNTY": "Lubbock County", "COUNTYA": 303, "COUSUBA": NaN, "PLACEA": NaN, "TRACTA": 403, "BLKGRPA": NaN, "BLOCKA": NaN, "CONCITA": NaN, "AIANHHA": NaN, "RES_ONLYA": NaN, "TRUSTA": NaN, "AITSCEA": NaN, "TTRACTA": NaN, "TBLKGRPA": NaN, "ANRCA": NaN, "CBSAA": 31180, "METDIVA": 99999, "CSAA": 352, "NECTAA": NaN, "NECTADIVA": NaN, "CNECTAA": NaN, "UAA": NaN, "URBRURALA": NaN, "CDA": NaN, "SLDUA": NaN, "SLDLA": NaN, "ZCTA5A": NaN, "SUBMCDA": NaN, "SDELMA": NaN, "SDSECA": NaN, "SDUNIA": NaN, "NAME": "Census Tract 4.03", "SABINSA": NaN, "TOTPOP": 3543, "H7X001": 3543, "WHITE": 3105, "BLACK": 64, "AIAN": 30, "ASIAN": 94, "NHPI": 4, "H7X007": 179, "H7X008": 67, "H7Y001": 3543, "H7Y002": 2895, "HISP": 648, "C_X": -544790.5630780498, "C_Y": -421224.93350000144, "id": 19838}, {"boundary_node": false, "area": 2444130.255664313, "STATEFP10": "48", "COUNTYFP10": "303", "TRACTCE10": "000402", "GEOID10": "48303000402", "NAME10": "4.02", "NAMELSAD10": "Census Tract 4.02", "MTFCC10": "G5020", "FUNCSTAT10": "S", "ALAND10": 2444133, "AWATER10": 0, "INTPTLAT10": "+33.5839742", "INTPTLON10": "-101.9311741", "GISJOIN": "G4803030000402", "Shape_area": 2444130.25566, "Shape_len": 6401.5070641, "YEAR": 2010, "REGIONA": 3, "DIVISIONA": 7, "STATE": "Texas", "STATEA": 48, "COUNTY": "Lubbock County", "COUNTYA": 303, "COUSUBA": NaN, "PLACEA": NaN, "TRACTA": 402, "BLKGRPA": NaN, "BLOCKA": NaN, "CONCITA": NaN, "AIANHHA": NaN, "RES_ONLYA": NaN, "TRUSTA": NaN, "AITSCEA": NaN, "TTRACTA": NaN, "TBLKGRPA": NaN, "ANRCA": NaN, "CBSAA": 31180, "METDIVA": 99999, "CSAA": 352, "NECTAA": NaN, "NECTADIVA": NaN, "CNECTAA": NaN, "UAA": NaN, "URBRURALA": NaN, "CDA": NaN, "SLDUA": NaN, "SLDLA": NaN, "ZCTA5A": NaN, "SUBMCDA": NaN, "SDELMA": NaN, "SDSECA": NaN, "SDUNIA": NaN, "NAME": "Census Tract 4.02", "SABINSA": NaN, "TOTPOP": 4464, "H7X001": 4464, "WHITE": 3490, "BLACK": 331, "AIAN": 17, "ASIAN": 127, "NHPI": 0, "H7X007": 386, "H7X008": 113, "H7Y001": 4464, "H7Y002": 3296, "HISP": 1168, "C_X": -546429.1705231348, "C_Y": -421143.68859999964, "id": 19839}, {"boundary_node": false, "area": 4440624.544534104, "STATEFP10": "48", "COUNTYFP10": "303", "TRACTCE10": "000302", "GEOID10": "48303000302", "NAME10": "3.02", "NAMELSAD10": "Census Tract 3.02", "MTFCC10": "G5020", "FUNCSTAT10": "S", "ALAND10": 4430648, "AWATER10": 9984, "INTPTLAT10": "+33.6094916", "INTPTLON10": "-101.8885692", "GISJOIN": "G4803030000302", "Shape_area": 4440624.54453, "Shape_len": 10679.312408, "YEAR": 2010, "REGIONA": 3, "DIVISIONA": 7, "STATE": "Texas", "STATEA": 48, "COUNTY": "Lubbock County", "COUNTYA": 303, "COUSUBA": NaN, "PLACEA": NaN, "TRACTA": 302, "BLKGRPA": NaN, "BLOCKA": NaN, "CONCITA": NaN, "AIANHHA": NaN, "RES_ONLYA": NaN, "TRUSTA": NaN, "AITSCEA": NaN, "TTRACTA": NaN, "TBLKGRPA": NaN, "ANRCA": NaN, "CBSAA": 31180, "METDIVA": 99999, "CSAA": 352, "NECTAA": NaN, "NECTADIVA": NaN, "CNECTAA": NaN, "UAA": NaN, "URBRURALA": NaN, "CDA": NaN, "SLDUA": NaN, "SLDLA": NaN, "ZCTA5A": NaN, "SUBMCDA": NaN, "SDELMA": NaN, "SDSECA": NaN, "SDUNIA": NaN, "NAME": "Census Tract 3.02", "SABINSA": NaN, "TOTPOP": 7258, "H7X001": 7258, "WHITE": 4473, "BLACK": 462, "AIAN": 105, "ASIAN": 210, "NHPI": 1, "H7X007": 1725, "H7X008": 282, "H7Y001": 7258, "H7Y002": 2086, "HISP": 5172, "C_X": -542615.2468663095, "C_Y": -418641.9395499993, "id": 19840}, {"boundary_node": false, "area": 989814.7055653346, "STATEFP10": "48", "COUNTYFP10": "303", "TRACTCE10": "000301", "GEOID10": "48303000301", "NAME10": "3.01", "NAMELSAD10": "Census Tract 3.01", "MTFCC10": "G5020", "FUNCSTAT10": "S", "ALAND10": 977304, "AWATER10": 12512, "INTPTLAT10": "+33.5954653", "INTPTLON10": "-101.8780164", "GISJOIN": "G4803030000301", "Shape_area": 989814.705565, "Shape_len": 4615.23146542, "YEAR": 2010, "REGIONA": 3, "DIVISIONA": 7, "STATE": "Texas", "STATEA": 48, "COUNTY": "Lubbock County", "COUNTYA": 303, "COUSUBA": NaN, "PLACEA": NaN, "TRACTA": 301, "BLKGRPA": NaN, "BLOCKA": NaN, "CONCITA": NaN, "AIANHHA": NaN, "RES_ONLYA": NaN, "TRUSTA": NaN, "AITSCEA": NaN, "TTRACTA": NaN, "TBLKGRPA": NaN, "ANRCA": NaN, "CBSAA": 31180, "METDIVA": 99999, "CSAA": 352, "NECTAA": NaN, "NECTADIVA": NaN, "CNECTAA": NaN, "UAA": NaN, "URBRURALA": NaN, "CDA": NaN, "SLDUA": NaN, "SLDLA": NaN, "ZCTA5A": NaN, "SUBMCDA": NaN, "SDELMA": NaN, "SDSECA": NaN, "SDUNIA": NaN, "NAME": "Census Tract 3.01", "SABINSA": NaN, "TOTPOP": 3884, "H7X001": 3884, "WHITE": 2366, "BLACK": 207, "AIAN": 19, "ASIAN": 702, "NHPI": 4, "H7X007": 469, "H7X008": 117, "H7Y001": 3884, "H7Y002": 2104, "HISP": 1780, "C_X": -541533.1163914279, "C_Y": -420300.2882999998, "id": 19841}, {"boundary_node": false, "area": 1414833.893000879, "STATEFP10": "48", "COUNTYFP10": "303", "TRACTCE10": "000202", "GEOID10": "48303000202", "NAME10": "2.02", "NAMELSAD10": "Census Tract 2.02", "MTFCC10": "G5020", "FUNCSTAT10": "S", "ALAND10": 1414833, "AWATER10": 0, "INTPTLAT10": "+33.5971923", "INTPTLON10": "-101.8639410", "GISJOIN": "G4803030000202", "Shape_area": 1414833.893, "Shape_len": 5145.32926364, "YEAR": 2010, "REGIONA": 3, "DIVISIONA": 7, "STATE": "Texas", "STATEA": 48, "COUNTY": "Lubbock County", "COUNTYA": 303, "COUSUBA": NaN, "PLACEA": NaN, "TRACTA": 202, "BLKGRPA": NaN, "BLOCKA": NaN, "CONCITA": NaN, "AIANHHA": NaN, "RES_ONLYA": NaN, "TRUSTA": NaN, "AITSCEA": NaN, "TTRACTA": NaN, "TBLKGRPA": NaN, "ANRCA": NaN, "CBSAA": 31180, "METDIVA": 99999, "CSAA": 352, "NECTAA": NaN, "NECTADIVA": NaN, "CNECTAA": NaN, "UAA": NaN, "URBRURALA": NaN, "CDA": NaN, "SLDUA": NaN, "SLDLA": NaN, "ZCTA5A": NaN, "SUBMCDA": NaN, "SDELMA": NaN, "SDSECA": NaN, "SDUNIA": NaN, "NAME": "Census Tract 2.02", "SABINSA": NaN, "TOTPOP": 1993, "H7X001": 1993, "WHITE": 1365, "BLACK": 107, "AIAN": 28, "ASIAN": 0, "NHPI": 1, "H7X007": 423, "H7X008": 69, "H7Y001": 1993, "H7Y002": 338, "HISP": 1655, "C_X": -540141.8517486762, "C_Y": -419995.6827499992, "id": 19842}, {"boundary_node": false, "area": 9258231.345378887, "STATEFP10": "48", "COUNTYFP10": "303", "TRACTCE10": "000100", "GEOID10": "48303000100", "NAME10": "1", "NAMELSAD10": "Census Tract 1", "MTFCC10": "G5020", "FUNCSTAT10": "S", "ALAND10": 9231305, "AWATER10": 26923, "INTPTLAT10": "+33.6302919", "INTPTLON10": "-101.8333016", "GISJOIN": "G4803030000100", "Shape_area": 9258231.34538, "Shape_len": 14980.6273963, "YEAR": 2010, "REGIONA": 3, "DIVISIONA": 7, "STATE": "Texas", "STATEA": 48, "COUNTY": "Lubbock County", "COUNTYA": 303, "COUSUBA": NaN, "PLACEA": NaN, "TRACTA": 100, "BLKGRPA": NaN, "BLOCKA": NaN, "CONCITA": NaN, "AIANHHA": NaN, "RES_ONLYA": NaN, "TRUSTA": NaN, "AITSCEA": NaN, "TTRACTA": NaN, "TBLKGRPA": NaN, "ANRCA": NaN, "CBSAA": 31180, "METDIVA": 99999, "CSAA": 352, "NECTAA": NaN, "NECTADIVA": NaN, "CNECTAA": NaN, "UAA": NaN, "URBRURALA": NaN, "CDA": NaN, "SLDUA": NaN, "SLDLA": NaN, "ZCTA5A": NaN, "SUBMCDA": NaN, "SDELMA": NaN, "SDSECA": NaN, "SDUNIA": NaN, "NAME": "Census Tract 1", "SABINSA": NaN, "TOTPOP": 2628, "H7X001": 2628, "WHITE": 1849, "BLACK": 123, "AIAN": 26, "ASIAN": 9, "NHPI": 0, "H7X007": 531, "H7X008": 90, "H7Y001": 2628, "H7Y002": 939, "HISP": 1689, "C_X": -537405.7372038946, "C_Y": -416438.7765000006, "id": 19856}, {"boundary_node": true, "boundary_perim": 34651.28999682548, "area": 203681268.8829892, "STATEFP10": "48", "COUNTYFP10": "303", "TRACTCE10": "010508", "GEOID10": "48303010508", "NAME10": "105.08", "NAMELSAD10": "Census Tract 105.08", "MTFCC10": "G5020", "FUNCSTAT10": "S", "ALAND10": 202409659, "AWATER10": 1271636, "INTPTLAT10": "+33.4546629", "INTPTLON10": "-101.8307403", "GISJOIN": "G4803030010508", "Shape_area": 203681268.883, "Shape_len": 77390.3092148, "YEAR": 2010, "REGIONA": 3, "DIVISIONA": 7, "STATE": "Texas", "STATEA": 48, "COUNTY": "Lubbock County", "COUNTYA": 303, "COUSUBA": NaN, "PLACEA": NaN, "TRACTA": 10508, "BLKGRPA": NaN, "BLOCKA": NaN, "CONCITA": NaN, "AIANHHA": NaN, "RES_ONLYA": NaN, "TRUSTA": NaN, "AITSCEA": NaN, "TTRACTA": NaN, "TBLKGRPA": NaN, "ANRCA": NaN, "CBSAA": 31180, "METDIVA": 99999, "CSAA": 352, "NECTAA": NaN, "NECTADIVA": NaN, "CNECTAA": NaN, "UAA": NaN, "URBRURALA": NaN, "CDA": NaN, "SLDUA": NaN, "SLDLA": NaN, "ZCTA5A": NaN, "SUBMCDA": NaN, "SDELMA": NaN, "SDSECA": NaN, "SDUNIA": NaN, "NAME": "Census Tract 105.08", "SABINSA": NaN, "TOTPOP": 7927, "H7X001": 7927, "WHITE": 6287, "BLACK": 492, "AIAN": 54, "ASIAN": 20, "NHPI": 0, "H7X007": 884, "H7X008": 190, "H7Y001": 7927, "H7Y002": 5499, "HISP": 2428, "C_X": -539806.8121218968, "C_Y": -434668.7322999999, "id": 19857}, {"boundary_node": false, "area": 3891706.6993876114, "STATEFP10": "48", "COUNTYFP10": "303", "TRACTCE10": "010506", "GEOID10": "48303010506", "NAME10": "105.06", "NAMELSAD10": "Census Tract 105.06", "MTFCC10": "G5020", "FUNCSTAT10": "S", "ALAND10": 3891709, "AWATER10": 0, "INTPTLAT10": "+33.5125977", "INTPTLON10": "-101.8573127", "GISJOIN": "G4803030010506", "Shape_area": 3891706.69939, "Shape_len": 8055.44590672, "YEAR": 2010, "REGIONA": 3, "DIVISIONA": 7, "STATE": "Texas", "STATEA": 48, "COUNTY": "Lubbock County", "COUNTYA": 303, "COUSUBA": NaN, "PLACEA": NaN, "TRACTA": 10506, "BLKGRPA": NaN, "BLOCKA": NaN, "CONCITA": NaN, "AIANHHA": NaN, "RES_ONLYA": NaN, "TRUSTA": NaN, "AITSCEA": NaN, "TTRACTA": NaN, "TBLKGRPA": NaN, "ANRCA": NaN, "CBSAA": 31180, "METDIVA": 99999, "CSAA": 352, "NECTAA": NaN, "NECTADIVA": NaN, "CNECTAA": NaN, "UAA": NaN, "URBRURALA": NaN, "CDA": NaN, "SLDUA": NaN, "SLDLA": NaN, "ZCTA5A": NaN, "SUBMCDA": NaN, "SDELMA": NaN, "SDSECA": NaN, "SDUNIA": NaN, "NAME": "Census Tract 105.06", "SABINSA": NaN, "TOTPOP": 3798, "H7X001": 3798, "WHITE": 3034, "BLACK": 131, "AIAN": 21, "ASIAN": 76, "NHPI": 1, "H7X007": 431, "H7X008": 104, "H7Y001": 3798, "H7Y002": 2698, "HISP": 1100, "C_X": -540092.0421684523, "C_Y": -429619.43039999995, "id": 19858}, {"boundary_node": false, "area": 8887260.037176182, "STATEFP10": "48", "COUNTYFP10": "303", "TRACTCE10": "010404", "GEOID10": "48303010404", "NAME10": "104.04", "NAMELSAD10": "Census Tract 104.04", "MTFCC10": "G5020", "FUNCSTAT10": "S", "ALAND10": 8742931, "AWATER10": 144324, "INTPTLAT10": "+33.5088350", "INTPTLON10": "-102.0052185", "GISJOIN": "G4803030010404", "Shape_area": 8887260.03718, "Shape_len": 13008.6887282, "YEAR": 2010, "REGIONA": 3, "DIVISIONA": 7, "STATE": "Texas", "STATEA": 48, "COUNTY": "Lubbock County", "COUNTYA": 303, "COUSUBA": NaN, "PLACEA": NaN, "TRACTA": 10404, "BLKGRPA": NaN, "BLOCKA": NaN, "CONCITA": NaN, "AIANHHA": NaN, "RES_ONLYA": NaN, "TRUSTA": NaN, "AITSCEA": NaN, "TTRACTA": NaN, "TBLKGRPA": NaN, "ANRCA": NaN, "CBSAA": 31180, "METDIVA": 99999, "CSAA": 352, "NECTAA": NaN, "NECTADIVA": NaN, "CNECTAA": NaN, "UAA": NaN, "URBRURALA": NaN, "CDA": NaN, "SLDUA": NaN, "SLDLA": NaN, "ZCTA5A": NaN, "SUBMCDA": NaN, "SDELMA": NaN, "SDSECA": NaN, "SDUNIA": NaN, "NAME": "Census Tract 104.04", "SABINSA": NaN, "TOTPOP": 3095, "H7X001": 3095, "WHITE": 2709, "BLACK": 63, "AIAN": 14, "ASIAN": 14, "NHPI": 1, "H7X007": 203, "H7X008": 91, "H7Y001": 3095, "H7Y002": 2241, "HISP": 854, "C_X": -554122.4799587158, "C_Y": -429614.6180500003, "id": 19859}, {"boundary_node": true, "boundary_perim": 49734.05492893007, "area": 372268914.32742465, "STATEFP10": "48", "COUNTYFP10": "303", "TRACTCE10": "010200", "GEOID10": "48303010200", "NAME10": "102", "NAMELSAD10": "Census Tract 102", "MTFCC10": "G5020", "FUNCSTAT10": "S", "ALAND10": 369925302, "AWATER10": 2343600, "INTPTLAT10": "+33.7013109", "INTPTLON10": "-101.8106165", "GISJOIN": "G4803030010200", "Shape_area": 372268914.327, "Shape_len": 116212.145237, "YEAR": 2010, "REGIONA": 3, "DIVISIONA": 7, "STATE": "Texas", "STATEA": 48, "COUNTY": "Lubbock County", "COUNTYA": 303, "COUSUBA": NaN, "PLACEA": NaN, "TRACTA": 10200, "BLKGRPA": NaN, "BLOCKA": NaN, "CONCITA": NaN, "AIANHHA": NaN, "RES_ONLYA": NaN, "TRUSTA": NaN, "AITSCEA": NaN, "TTRACTA": NaN, "TBLKGRPA": NaN, "ANRCA": NaN, "CBSAA": 31180, "METDIVA": 99999, "CSAA": 352, "NECTAA": NaN, "NECTADIVA": NaN, "CNECTAA": NaN, "UAA": NaN, "URBRURALA": NaN, "CDA": NaN, "SLDUA": NaN, "SLDLA": NaN, "ZCTA5A": NaN, "SUBMCDA": NaN, "SDELMA": NaN, "SDSECA": NaN, "SDUNIA": NaN, "NAME": "Census Tract 102", "SABINSA": NaN, "TOTPOP": 7318, "H7X001": 7318, "WHITE": 5960, "BLACK": 242, "AIAN": 62, "ASIAN": 29, "NHPI": 4, "H7X007": 843, "H7X008": 178, "H7Y001": 7318, "H7Y002": 4638, "HISP": 2680, "C_X": -531461.8858689563, "C_Y": -411598.7623999998, "id": 19860}, {"boundary_node": false, "area": 1296195.6385428568, "STATEFP10": "48", "COUNTYFP10": "303", "TRACTCE10": "001502", "GEOID10": "48303001502", "NAME10": "15.02", "NAMELSAD10": "Census Tract 15.02", "MTFCC10": "G5020", "FUNCSTAT10": "S", "ALAND10": 1296196, "AWATER10": 0, "INTPTLAT10": "+33.5668990", "INTPTLON10": "-101.8790992", "GISJOIN": "G4803030001502", "Shape_area": 1296195.63854, "Shape_len": 4829.54518239, "YEAR": 2010, "REGIONA": 3, "DIVISIONA": 7, "STATE": "Texas", "STATEA": 48, "COUNTY": "Lubbock County", "COUNTYA": 303, "COUSUBA": NaN, "PLACEA": NaN, "TRACTA": 1502, "BLKGRPA": NaN, "BLOCKA": NaN, "CONCITA": NaN, "AIANHHA": NaN, "RES_ONLYA": NaN, "TRUSTA": NaN, "AITSCEA": NaN, "TTRACTA": NaN, "TBLKGRPA": NaN, "ANRCA": NaN, "CBSAA": 31180, "METDIVA": 99999, "CSAA": 352, "NECTAA": NaN, "NECTADIVA": NaN, "CNECTAA": NaN, "UAA": NaN, "URBRURALA": NaN, "CDA": NaN, "SLDUA": NaN, "SLDLA": NaN, "ZCTA5A": NaN, "SUBMCDA": NaN, "SDELMA": NaN, "SDSECA": NaN, "SDUNIA": NaN, "NAME": "Census Tract 15.02", "SABINSA": NaN, "TOTPOP": 2194, "H7X001": 2194, "WHITE": 1957, "BLACK": 61, "AIAN": 11, "ASIAN": 25, "NHPI": 2, "H7X007": 77, "H7X008": 61, "H7Y001": 2194, "H7Y002": 1844, "HISP": 350, "C_X": -541723.3015438028, "C_Y": -423422.4825000011, "id": 19861}, {"boundary_node": false, "area": 6476065.494221036, "STATEFP10": "48", "COUNTYFP10": "303", "TRACTCE10": "001707", "GEOID10": "48303001707", "NAME10": "17.07", "NAMELSAD10": "Census Tract 17.07", "MTFCC10": "G5020", "FUNCSTAT10": "S", "ALAND10": 6437537, "AWATER10": 38526, "INTPTLAT10": "+33.5272870", "INTPTLON10": "-101.9535796", "GISJOIN": "G4803030001707", "Shape_area": 6476065.49422, "Shape_len": 10924.1517122, "YEAR": 2010, "REGIONA": 3, "DIVISIONA": 7, "STATE": "Texas", "STATEA": 48, "COUNTY": "Lubbock County", "COUNTYA": 303, "COUSUBA": NaN, "PLACEA": NaN, "TRACTA": 1707, "BLKGRPA": NaN, "BLOCKA": NaN, "CONCITA": NaN, "AIANHHA": NaN, "RES_ONLYA": NaN, "TRUSTA": NaN, "AITSCEA": NaN, "TTRACTA": NaN, "TBLKGRPA": NaN, "ANRCA": NaN, "CBSAA": 31180, "METDIVA": 99999, "CSAA": 352, "NECTAA": NaN, "NECTADIVA": NaN, "CNECTAA": NaN, "UAA": NaN, "URBRURALA": NaN, "CDA": NaN, "SLDUA": NaN, "SLDLA": NaN, "ZCTA5A": NaN, "SUBMCDA": NaN, "SDELMA": NaN, "SDSECA": NaN, "SDUNIA": NaN, "NAME": "Census Tract 17.07", "SABINSA": NaN, "TOTPOP": 3906, "H7X001": 3906, "WHITE": 3471, "BLACK": 89, "AIAN": 14, "ASIAN": 77, "NHPI": 4, "H7X007": 178, "H7X008": 73, "H7Y001": 3906, "H7Y002": 3373, "HISP": 533, "C_X": -549155.6276309477, "C_Y": -427062.7274499998, "id": 19862}, {"boundary_node": false, "area": 9356424.863461796, "STATEFP10": "48", "COUNTYFP10": "303", "TRACTCE10": "001706", "GEOID10": "48303001706", "NAME10": "17.06", "NAMELSAD10": "Census Tract 17.06", "MTFCC10": "G5020", "FUNCSTAT10": "S", "ALAND10": 9310353, "AWATER10": 46074, "INTPTLAT10": "+33.5603993", "INTPTLON10": "-101.9521039", "GISJOIN": "G4803030001706", "Shape_area": 9356424.86346, "Shape_len": 16998.8575389, "YEAR": 2010, "REGIONA": 3, "DIVISIONA": 7, "STATE": "Texas", "STATEA": 48, "COUNTY": "Lubbock County", "COUNTYA": 303, "COUSUBA": NaN, "PLACEA": NaN, "TRACTA": 1706, "BLKGRPA": NaN, "BLOCKA": NaN, "CONCITA": NaN, "AIANHHA": NaN, "RES_ONLYA": NaN, "TRUSTA": NaN, "AITSCEA": NaN, "TTRACTA": NaN, "TBLKGRPA": NaN, "ANRCA": NaN, "CBSAA": 31180, "METDIVA": 99999, "CSAA": 352, "NECTAA": NaN, "NECTADIVA": NaN, "CNECTAA": NaN, "UAA": NaN, "URBRURALA": NaN, "CDA": NaN, "SLDUA": NaN, "SLDLA": NaN, "ZCTA5A": NaN, "SUBMCDA": NaN, "SDELMA": NaN, "SDSECA": NaN, "SDUNIA": NaN, "NAME": "Census Tract 17.06", "SABINSA": NaN, "TOTPOP": 5251, "H7X001": 5251, "WHITE": 3973, "BLACK": 260, "AIAN": 44, "ASIAN": 80, "NHPI": 10, "H7X007": 696, "H7X008": 188, "H7Y001": 5251, "H7Y002": 3287, "HISP": 1964, "C_X": -548219.0342004937, "C_Y": -424086.21454999957, "id": 19863}, {"boundary_node": false, "area": 21888337.258906834, "STATEFP10": "48", "COUNTYFP10": "303", "TRACTCE10": "000201", "GEOID10": "48303000201", "NAME10": "2.01", "NAMELSAD10": "Census Tract 2.01", "MTFCC10": "G5020", "FUNCSTAT10": "S", "ALAND10": 21613507, "AWATER10": 274831, "INTPTLAT10": "+33.6258399", "INTPTLON10": "-101.8794799", "GISJOIN": "G4803030000201", "Shape_area": 21888337.2589, "Shape_len": 20720.5383757, "YEAR": 2010, "REGIONA": 3, "DIVISIONA": 7, "STATE": "Texas", "STATEA": 48, "COUNTY": "Lubbock County", "COUNTYA": 303, "COUSUBA": NaN, "PLACEA": NaN, "TRACTA": 201, "BLKGRPA": NaN, "BLOCKA": NaN, "CONCITA": NaN, "AIANHHA": NaN, "RES_ONLYA": NaN, "TRUSTA": NaN, "AITSCEA": NaN, "TTRACTA": NaN, "TBLKGRPA": NaN, "ANRCA": NaN, "CBSAA": 31180, "METDIVA": 99999, "CSAA": 352, "NECTAA": NaN, "NECTADIVA": NaN, "CNECTAA": NaN, "UAA": NaN, "URBRURALA": NaN, "CDA": NaN, "SLDUA": NaN, "SLDLA": NaN, "ZCTA5A": NaN, "SUBMCDA": NaN, "SDELMA": NaN, "SDSECA": NaN, "SDUNIA": NaN, "NAME": "Census Tract 2.01", "SABINSA": NaN, "TOTPOP": 1856, "H7X001": 1856, "WHITE": 1379, "BLACK": 200, "AIAN": 17, "ASIAN": 1, "NHPI": 1, "H7X007": 208, "H7X008": 50, "H7Y001": 1856, "H7Y002": 996, "HISP": 860, "C_X": -541439.9320710138, "C_Y": -417117.1157499992, "id": 19874}, {"boundary_node": false, "area": 1302792.1749364675, "STATEFP10": "48", "COUNTYFP10": "303", "TRACTCE10": "001501", "GEOID10": "48303001501", "NAME10": "15.01", "NAMELSAD10": "Census Tract 15.01", "MTFCC10": "G5020", "FUNCSTAT10": "S", "ALAND10": 1302790, "AWATER10": 0, "INTPTLAT10": "+33.5741817", "INTPTLON10": "-101.8790933", "GISJOIN": "G4803030001501", "Shape_area": 1302792.17494, "Shape_len": 4812.5708855, "YEAR": 2010, "REGIONA": 3, "DIVISIONA": 7, "STATE": "Texas", "STATEA": 48, "COUNTY": "Lubbock County", "COUNTYA": 303, "COUSUBA": NaN, "PLACEA": NaN, "TRACTA": 1501, "BLKGRPA": NaN, "BLOCKA": NaN, "CONCITA": NaN, "AIANHHA": NaN, "RES_ONLYA": NaN, "TRUSTA": NaN, "AITSCEA": NaN, "TTRACTA": NaN, "TBLKGRPA": NaN, "ANRCA": NaN, "CBSAA": 31180, "METDIVA": 99999, "CSAA": 352, "NECTAA": NaN, "NECTADIVA": NaN, "CNECTAA": NaN, "UAA": NaN, "URBRURALA": NaN, "CDA": NaN, "SLDUA": NaN, "SLDLA": NaN, "ZCTA5A": NaN, "SUBMCDA": NaN, "SDELMA": NaN, "SDSECA": NaN, "SDUNIA": NaN, "NAME": "Census Tract 15.01", "SABINSA": NaN, "TOTPOP": 2138, "H7X001": 2138, "WHITE": 1971, "BLACK": 36, "AIAN": 12, "ASIAN": 43, "NHPI": 0, "H7X007": 37, "H7X008": 39, "H7Y001": 2138, "H7Y002": 1932, "HISP": 206, "C_X": -541673.7311993192, "C_Y": -422607.20949999976, "id": 19875}, {"boundary_node": false, "area": 1060425.4487350055, "STATEFP10": "48", "COUNTYFP10": "303", "TRACTCE10": "000607", "GEOID10": "48303000607", "NAME10": "6.07", "NAMELSAD10": "Census Tract 6.07", "MTFCC10": "G5020", "FUNCSTAT10": "S", "ALAND10": 1060424, "AWATER10": 0, "INTPTLAT10": "+33.5811195", "INTPTLON10": "-101.8629158", "GISJOIN": "G4803030000607", "Shape_area": 1060425.44874, "Shape_len": 4326.86886062, "YEAR": 2010, "REGIONA": 3, "DIVISIONA": 7, "STATE": "Texas", "STATEA": 48, "COUNTY": "Lubbock County", "COUNTYA": 303, "COUSUBA": NaN, "PLACEA": NaN, "TRACTA": 607, "BLKGRPA": NaN, "BLOCKA": NaN, "CONCITA": NaN, "AIANHHA": NaN, "RES_ONLYA": NaN, "TRUSTA": NaN, "AITSCEA": NaN, "TTRACTA": NaN, "TBLKGRPA": NaN, "ANRCA": NaN, "CBSAA": 31180, "METDIVA": 99999, "CSAA": 352, "NECTAA": NaN, "NECTADIVA": NaN, "CNECTAA": NaN, "UAA": NaN, "URBRURALA": NaN, "CDA": NaN, "SLDUA": NaN, "SLDLA": NaN, "ZCTA5A": NaN, "SUBMCDA": NaN, "SDELMA": NaN, "SDSECA": NaN, "SDUNIA": NaN, "NAME": "Census Tract 6.07", "SABINSA": NaN, "TOTPOP": 2160, "H7X001": 2160, "WHITE": 1493, "BLACK": 191, "AIAN": 13, "ASIAN": 246, "NHPI": 2, "H7X007": 158, "H7X008": 57, "H7Y001": 2160, "H7Y002": 1482, "HISP": 678, "C_X": -540138.5084874954, "C_Y": -421949.99874999956, "id": 19878}], "adjacency": [[{"shared_perim": 1538.2891221815885, "id": 19856}, {"shared_perim": 11401.528293408772, "id": 19860}], [{"shared_perim": 1623.2062780180581, "id": 19774}, {"shared_perim": 1603.1726775298123, "id": 19857}, {"shared_perim": 1554.332463871583, "id": 19770}, {"shared_perim": 1704.3191739065967, "id": 19785}], [{"shared_perim": 1554.332463871583, "id": 19769}, {"shared_perim": 1600.003906176665, "id": 19857}, {"shared_perim": 1612.9508421903656, "id": 19773}, {"shared_perim": 1532.8924881885837, "id": 19784}], [{"shared_perim": 4808.072129070801, "id": 19774}, {"shared_perim": 1788.685274861134, "id": 19859}, {"shared_perim": 1624.3690903307274, "id": 19786}, {"shared_perim": 4560.605693688162, "id": 19862}, {"shared_perim": 2233.800370133903, "id": 19777}], [{"shared_perim": 586.9315713379169, "id": 19803}, {"shared_perim": 1509.2215270030065, "id": 19801}, {"shared_perim": 1384.6062958685993, "id": 19775}, {"shared_perim": 1586.400012158727, "id": 19863}], [{"shared_perim": 1612.9508421903656, "id": 19770}, {"shared_perim": 5583.275327447202, "id": 19857}, {"shared_perim": 2372.008275407282, "id": 19858}, {"shared_perim": 1596.0676354055668, "id": 19783}], [{"shared_perim": 1623.2062780180581, "id": 19769}, {"shared_perim": 4808.072129070801, "id": 19771}, {"shared_perim": 11340.028408163109, "id": 19857}, {"shared_perim": 5895.595528715886, "id": 19859}, {"shared_perim": 1594.6794283764148, "id": 19786}, {"shared_perim": 5895.179525724893, "id": 19777}], [{"shared_perim": 1384.6062958685993, "id": 19772}, {"shared_perim": 1621.4417053147506, "id": 19802}, {"shared_perim": 555.986077628759, "id": 19863}, {"shared_perim": 1972.7179527438418, "id": 19804}, {"shared_perim": 73.73853461166424, "id": 19811}], [{"shared_perim": 5076.301260733361, "id": 19777}, {"shared_perim": 6405.1411831522855, "id": 19787}, {"shared_perim": 3202.2675261171935, "id": 19837}, {"shared_perim": 6456.180374170782, "id": 19836}, {"shared_perim": 1629.036429877626, "id": 19874}, {"shared_perim": 19756.02013626932, "id": 19782}], [{"shared_perim": 2233.800370133903, "id": 19771}, {"shared_perim": 5895.179525724893, "id": 19774}, {"shared_perim": 5076.301260733361, "id": 19776}, {"shared_perim": 5324.407924598571, "id": 19859}, {"shared_perim": 1824.256594206698, "id": 19862}, {"shared_perim": 4094.357746178419, "id": 19863}, {"shared_perim": 6413.227450154771, "id": 19787}], [{"shared_perim": 798.9412160271287, "id": 19793}, {"shared_perim": 1627.9552431074271, "id": 19790}, {"shared_perim": 1624.579764027816, "id": 19835}, {"shared_perim": 792.6145576327715, "id": 19861}], [{"shared_perim": 19756.02013626932, "id": 19776}, {"shared_perim": 1616.4947182021936, "id": 19874}, {"shared_perim": 19950.861826792272, "id": 19860}], [{"shared_perim": 1596.0676354055668, "id": 19773}, {"shared_perim": 1612.1987913475202, "id": 19858}, {"shared_perim": 1620.4996296178329, "id": 19784}, {"shared_perim": 1598.8481847930652, "id": 19792}], [{"shared_perim": 1532.8924881885837, "id": 19770}, {"shared_perim": 1620.4996296178329, "id": 19783}, {"shared_perim": 1727.2218767847996, "id": 19785}, {"shared_perim": 1593.0582833030235, "id": 19797}], [{"shared_perim": 1704.3191739065967, "id": 19769}, {"shared_perim": 1727.2218767847996, "id": 19784}, {"shared_perim": 1620.6023449158963, "id": 19786}, {"shared_perim": 1605.6081591571324, "id": 19800}], [{"shared_perim": 1624.3690903307274, "id": 19771}, {"shared_perim": 1594.6794283764148, "id": 19774}, {"shared_perim": 1620.6023449158963, "id": 19785}, {"shared_perim": 1599.1193056830334, "id": 19803}], [{"shared_perim": 6405.1411831522855, "id": 19776}, {"shared_perim": 6413.227450154771, "id": 19777}, {"shared_perim": 1622.05070948555, "id": 19863}, {"shared_perim": 1617.838277409436, "id": 19837}], [{"shared_perim": 8221.161734139087, "id": 19857}, {"shared_perim": 1040.8317579252032, "id": 19791}, {"shared_perim": 936.2254023923837, "id": 19794}, {"shared_perim": 3250.2677451347804, "id": 19789}, {"shared_perim": 5658.963231173519, "id": 19814}, {"shared_perim": 640.015538664436, "id": 19813}], [{"shared_perim": 3250.2677451347804, "id": 19788}, {"shared_perim": 1623.6091160044402, "id": 19794}, {"shared_perim": 1626.236341544264, "id": 19790}, {"shared_perim": 1790.869792517034, "id": 19813}], [{"shared_perim": 1627.9552431074271, "id": 19781}, {"shared_perim": 1626.236341544264, "id": 19789}, {"shared_perim": 597.6146500502459, "id": 19794}, {"shared_perim": 798.9406956726524, "id": 19796}, {"shared_perim": 1398.2318776071766, "id": 19812}], [{"shared_perim": 1040.8317579252032, "id": 19788}, {"shared_perim": 2444.477122871668, "id": 19858}, {"shared_perim": 1074.887285885653, "id": 19792}, {"shared_perim": 1630.3303211704147, "id": 19794}, {"shared_perim": 799.2475664303367, "id": 19796}], [{"shared_perim": 1598.8481847930652, "id": 19783}, {"shared_perim": 1074.887285885653, "id": 19791}, {"shared_perim": 1075.3465965841162, "id": 19797}, {"shared_perim": 1599.2020008913826, "id": 19793}], [{"shared_perim": 798.9412160271287, "id": 19781}, {"shared_perim": 1599.2020008913826, "id": 19792}, {"shared_perim": 2166.6763728832007, "id": 19796}, {"shared_perim": 2162.771176086489, "id": 19798}, {"shared_perim": 800.6031751703013, "id": 19835}], [{"shared_perim": 936.2254023923837, "id": 19788}, {"shared_perim": 1623.6091160044402, "id": 19789}, {"shared_perim": 597.6146500502459, "id": 19790}, {"shared_perim": 1630.3303211704147, "id": 19791}, {"shared_perim": 2159.530920172438, "id": 19796}], [{"shared_perim": 798.9406956726524, "id": 19790}, {"shared_perim": 799.2475664303367, "id": 19791}, {"shared_perim": 2166.6763728832007, "id": 19793}, {"shared_perim": 2159.530920172438, "id": 19794}], [{"shared_perim": 1593.0582833030235, "id": 19784}, {"shared_perim": 1075.3465965841162, "id": 19792}, {"shared_perim": 1303.2970640103697, "id": 19800}, {"shared_perim": 1806.14996996508, "id": 19798}], [{"shared_perim": 2162.771176086489, "id": 19793}, {"shared_perim": 1806.14996996508, "id": 19797}, {"shared_perim": 2039.97961401393, "id": 19801}, {"shared_perim": 1596.4657999322028, "id": 19799}], [{"shared_perim": 1596.4657999322028, "id": 19798}, {"shared_perim": 1625.389044347947, "id": 19835}, {"shared_perim": 1622.03543585492, "id": 19802}, {"shared_perim": 1596.0167673790888, "id": 19805}], [{"shared_perim": 1605.6081591571324, "id": 19785}, {"shared_perim": 1303.2970640103697, "id": 19797}, {"shared_perim": 1733.1962007341704, "id": 19803}, {"shared_perim": 1489.534909748849, "id": 19801}], [{"shared_perim": 1509.2215270030065, "id": 19772}, {"shared_perim": 2039.97961401393, "id": 19798}, {"shared_perim": 1489.534909748849, "id": 19800}, {"shared_perim": 1597.3692690117407, "id": 19802}], [{"shared_perim": 1621.4417053147506, "id": 19775}, {"shared_perim": 1622.03543585492, "id": 19799}, {"shared_perim": 1597.3692690117407, "id": 19801}, {"shared_perim": 1596.9567796237816, "id": 19811}], [{"shared_perim": 586.9315713379169, "id": 19772}, {"shared_perim": 1599.1193056830334, "id": 19786}, {"shared_perim": 1733.1962007341704, "id": 19800}, {"shared_perim": 2139.187720086115, "id": 19862}, {"shared_perim": 1100.5519955289974, "id": 19863}], [{"shared_perim": 1972.7179527438418, "id": 19775}, {"shared_perim": 2811.562620821007, "id": 19863}, {"shared_perim": 1550.6894783272567, "id": 19811}, {"shared_perim": 1966.886719063367, "id": 19839}], [{"shared_perim": 1596.0167673790888, "id": 19799}, {"shared_perim": 810.7782100799676, "id": 19861}, {"shared_perim": 1845.4332191653602, "id": 19811}, {"shared_perim": 815.8548972833587, "id": 19875}, {"shared_perim": 1148.0774586502346, "id": 19834}], [{"shared_perim": 73.73853461166424, "id": 19775}, {"shared_perim": 1596.9567796237816, "id": 19802}, {"shared_perim": 1550.6894783272567, "id": 19804}, {"shared_perim": 1845.4332191653602, "id": 19805}, {"shared_perim": 1598.2105543506736, "id": 19838}, {"shared_perim": 438.71936128789326, "id": 19834}], [{"shared_perim": 1398.2318776071766, "id": 19790}, {"shared_perim": 822.9313263402403, "id": 19861}, {"shared_perim": 1618.820525021398, "id": 19813}, {"shared_perim": 800.588823695944, "id": 19875}, {"shared_perim": 1413.3979239984767, "id": 19878}], [{"shared_perim": 640.015538664436, "id": 19788}, {"shared_perim": 1790.869792517034, "id": 19789}, {"shared_perim": 1618.820525021398, "id": 19812}, {"shared_perim": 979.0705634277668, "id": 19814}, {"shared_perim": 1744.7503198858067, "id": 19817}], [{"shared_perim": 5658.963231173519, "id": 19788}, {"shared_perim": 979.0705634277668, "id": 19813}, {"shared_perim": 1407.6176687211082, "id": 19857}, {"shared_perim": 4617.888448080403, "id": 19815}, {"shared_perim": 3255.4593247753332, "id": 19860}], [{"shared_perim": 4617.888448080403, "id": 19814}, {"shared_perim": 1529.6770977235337, "id": 19817}, {"shared_perim": 5450.907927431294, "id": 19816}, {"shared_perim": 3585.2753303518516, "id": 19860}], [{"shared_perim": 5450.907927431294, "id": 19815}, {"shared_perim": 2698.7164200396046, "id": 19817}, {"shared_perim": 563.8329636841889, "id": 19874}, {"shared_perim": 3381.765230052345, "id": 19856}, {"shared_perim": 3516.68270927636, "id": 19860}], [{"shared_perim": 1744.7503198858067, "id": 19813}, {"shared_perim": 1529.6770977235337, "id": 19815}, {"shared_perim": 2698.7164200396046, "id": 19816}, {"shared_perim": 748.8359927271364, "id": 19878}, {"shared_perim": 884.5537154823971, "id": 19818}, {"shared_perim": 521.9883668599509, "id": 19842}, {"shared_perim": 2120.331035468849, "id": 19874}], [{"shared_perim": 884.5537154823971, "id": 19817}, {"shared_perim": 622.0495057058333, "id": 19878}, {"shared_perim": 885.2120016144817, "id": 19833}, {"shared_perim": 621.8968217273375, "id": 19842}], [{"shared_perim": 885.2120016144817, "id": 19818}, {"shared_perim": 799.2302337780634, "id": 19878}, {"shared_perim": 878.9875636285641, "id": 19834}, {"shared_perim": 795.4520829541268, "id": 19842}], [{"shared_perim": 1148.0774586502346, "id": 19805}, {"shared_perim": 438.71936128789326, "id": 19811}, {"shared_perim": 878.9875636285641, "id": 19833}, {"shared_perim": 1596.2172134882856, "id": 19875}, {"shared_perim": 743.3552044151155, "id": 19878}, {"shared_perim": 1620.617663419229, "id": 19838}, {"shared_perim": 2196.2217813881985, "id": 19841}, {"shared_perim": 1673.2223146057509, "id": 19836}, {"shared_perim": 2573.3926557947175, "id": 19840}], [{"shared_perim": 1624.579764027816, "id": 19781}, {"shared_perim": 800.6031751703013, "id": 19793}, {"shared_perim": 1625.389044347947, "id": 19799}, {"shared_perim": 803.3111373097588, "id": 19861}], [{"shared_perim": 6456.180374170782, "id": 19776}, {"shared_perim": 1673.2223146057509, "id": 19834}, {"shared_perim": 1597.6399537346226, "id": 19838}, {"shared_perim": 665.104127214881, "id": 19839}, {"shared_perim": 932.8862002564127, "id": 19837}, {"shared_perim": 1648.4638443544252, "id": 19840}], [{"shared_perim": 3202.2675261171935, "id": 19776}, {"shared_perim": 1617.838277409436, "id": 19787}, {"shared_perim": 932.8862002564127, "id": 19836}, {"shared_perim": 2827.8466729084794, "id": 19863}, {"shared_perim": 2149.3447948807734, "id": 19839}], [{"shared_perim": 1598.2105543506736, "id": 19811}, {"shared_perim": 1620.617663419229, "id": 19834}, {"shared_perim": 1597.6399537346226, "id": 19836}, {"shared_perim": 1620.1714229409358, "id": 19839}], [{"shared_perim": 1966.886719063367, "id": 19804}, {"shared_perim": 665.104127214881, "id": 19836}, {"shared_perim": 2149.3447948807734, "id": 19837}, {"shared_perim": 1620.1714229409358, "id": 19838}], [{"shared_perim": 2573.3926557947175, "id": 19834}, {"shared_perim": 1648.4638443544252, "id": 19836}, {"shared_perim": 1807.1762327250608, "id": 19841}, {"shared_perim": 865.4688790267729, "id": 19842}, {"shared_perim": 3784.8107961229452, "id": 19874}], [{"shared_perim": 2196.2217813881985, "id": 19834}, {"shared_perim": 1807.1762327250608, "id": 19840}, {"shared_perim": 611.8334513027055, "id": 19842}], [{"shared_perim": 521.9883668599509, "id": 19817}, {"shared_perim": 621.8968217273375, "id": 19818}, {"shared_perim": 795.4520829541268, "id": 19833}, {"shared_perim": 865.4688790267729, "id": 19840}, {"shared_perim": 611.8334513027055, "id": 19841}, {"shared_perim": 1728.6896617715117, "id": 19874}], [{"shared_perim": 1538.2891221815885, "id": 19768}, {"shared_perim": 3381.765230052345, "id": 19816}, {"shared_perim": 2963.3153850771027, "id": 19874}, {"shared_perim": 7097.257658945979, "id": 19860}], [{"shared_perim": 1603.1726775298123, "id": 19769}, {"shared_perim": 1600.003906176665, "id": 19770}, {"shared_perim": 5583.275327447202, "id": 19773}, {"shared_perim": 11340.028408163109, "id": 19774}, {"shared_perim": 8221.161734139087, "id": 19788}, {"shared_perim": 1407.6176687211082, "id": 19814}, {"shared_perim": 1626.76171709485, "id": 19858}, {"shared_perim": 11356.997778746794, "id": 19860}], [{"shared_perim": 2372.008275407282, "id": 19773}, {"shared_perim": 1612.1987913475202, "id": 19783}, {"shared_perim": 2444.477122871668, "id": 19791}, {"shared_perim": 1626.76171709485, "id": 19857}], [{"shared_perim": 1788.685274861134, "id": 19771}, {"shared_perim": 5895.595528715886, "id": 19774}, {"shared_perim": 5324.407924598571, "id": 19777}], [{"shared_perim": 11401.528293408772, "id": 19768}, {"shared_perim": 19950.861826792272, "id": 19782}, {"shared_perim": 3255.4593247753332, "id": 19814}, {"shared_perim": 3585.2753303518516, "id": 19815}, {"shared_perim": 3516.68270927636, "id": 19816}, {"shared_perim": 7097.257658945979, "id": 19856}, {"shared_perim": 11356.997778746794, "id": 19857}, {"shared_perim": 6314.027385450683, "id": 19874}], [{"shared_perim": 792.6145576327715, "id": 19781}, {"shared_perim": 810.7782100799676, "id": 19805}, {"shared_perim": 822.9313263402403, "id": 19812}, {"shared_perim": 803.3111373097588, "id": 19835}, {"shared_perim": 1599.9099510313395, "id": 19875}], [{"shared_perim": 4560.605693688162, "id": 19771}, {"shared_perim": 1824.256594206698, "id": 19777}, {"shared_perim": 2139.187720086115, "id": 19803}, {"shared_perim": 2400.10170420888, "id": 19863}], [{"shared_perim": 1586.400012158727, "id": 19772}, {"shared_perim": 555.986077628759, "id": 19775}, {"shared_perim": 4094.357746178419, "id": 19777}, {"shared_perim": 1622.05070948555, "id": 19787}, {"shared_perim": 1100.5519955289974, "id": 19803}, {"shared_perim": 2811.562620821007, "id": 19804}, {"shared_perim": 2827.8466729084794, "id": 19837}, {"shared_perim": 2400.10170420888, "id": 19862}], [{"shared_perim": 1629.036429877626, "id": 19776}, {"shared_perim": 1616.4947182021936, "id": 19782}, {"shared_perim": 563.8329636841889, "id": 19816}, {"shared_perim": 2120.331035468849, "id": 19817}, {"shared_perim": 3784.8107961229452, "id": 19840}, {"shared_perim": 1728.6896617715117, "id": 19842}, {"shared_perim": 2963.3153850771027, "id": 19856}, {"shared_perim": 6314.027385450683, "id": 19860}], [{"shared_perim": 815.8548972833587, "id": 19805}, {"shared_perim": 800.588823695944, "id": 19812}, {"shared_perim": 1596.2172134882856, "id": 19834}, {"shared_perim": 1599.9099510313395, "id": 19861}], [{"shared_perim": 1413.3979239984767, "id": 19812}, {"shared_perim": 748.8359927271364, "id": 19817}, {"shared_perim": 622.0495057058333, "id": 19818}, {"shared_perim": 799.2302337780634, "id": 19833}, {"shared_perim": 743.3552044151155, "id": 19834}]]}