{"directed": false, "multigraph": false, "graph": [], "nodes": [{"boundary_node": false, "area": 1223173.5602604537, "STATEFP10": "53", "COUNTYFP10": "063", "TRACTCE10": "002100", "GEOID10": "53063002100", "NAME10": "21", "NAMELSAD10": "Census Tract 21", "MTFCC10": "G5020", "FUNCSTAT10": "S", "ALAND10": 1223168, "AWATER10": 0, "INTPTLAT10": "+47.6785992", "INTPTLON10": "-117.4420409", "GISJOIN": "G5300630002100", "Shape_area": 1223173.56026, "Shape_len": 5501.34211278, "YEAR": 2010, "REGIONA": 4, "DIVISIONA": 9, "STATE": "Washington", "STATEA": 53, "COUNTY": "Spokane County", "COUNTYA": 63, "COUSUBA": NaN, "PLACEA": NaN, "TRACTA": 2100, "BLKGRPA": NaN, "BLOCKA": NaN, "CONCITA": NaN, "AIANHHA": NaN, "RES_ONLYA": NaN, "TRUSTA": NaN, "AITSCEA": NaN, "TTRACTA": NaN, "TBLKGRPA": NaN, "ANRCA": NaN, "CBSAA": 44060, "METDIVA": 99999, "CSAA": 999, "NECTAA": NaN, "NECTADIVA": NaN, "CNECTAA": NaN, "UAA": NaN, "URBRURALA": NaN, "CDA": NaN, "SLDUA": NaN, "SLDLA": NaN, "ZCTA5A": NaN, "SUBMCDA": NaN, "SDELMA": NaN, "SDSECA": NaN, "SDUNIA": NaN, "NAME": "Census Tract 21", "SABINSA": NaN, "TOTPOP": 2474, "H7X001": 2474, "WHITE": 2162, "BLACK": 46, "AIAN": 64, "ASIAN": 35, "NHPI": 13, "H7X007": 36, "H7X008": 118, "H7Y001": 2474, "H7Y002": 2327, "HISP": 147, "C_X": -1607659.8010361372, "C_Y": 1317975.3587500006, "id": 38432}, {"boundary_node": false, "area": 3270366.3370654867, "STATEFP10": "53", "COUNTYFP10": "063", "TRACTCE10": "002500", "GEOID10": "53063002500", "NAME10": "25", "NAMELSAD10": "Census Tract 25", "MTFCC10": "G5020", "FUNCSTAT10": "S", "ALAND10": 3145971, "AWATER10": 124396, "INTPTLAT10": "+47.6725685", "INTPTLON10": "-117.4004452", "GISJOIN": "G5300630002500", "Shape_area": 3270366.33707, "Shape_len": 8174.18756441, "YEAR": 2010, "REGIONA": 4, "DIVISIONA": 9, "STATE": "Washington", "STATEA": 53, "COUNTY": "Spokane County", "COUNTYA": 63, "COUSUBA": NaN, "PLACEA": NaN, "TRACTA": 2500, "BLKGRPA": NaN, "BLOCKA": NaN, "CONCITA": NaN, "AIANHHA": NaN, "RES_ONLYA": NaN, "TRUSTA": NaN, "AITSCEA": NaN, "TTRACTA": NaN, "TBLKGRPA": NaN, "ANRCA": NaN, "CBSAA": 44060, "METDIVA": 99999, "CSAA": 999, "NECTAA": NaN, "NECTADIVA": NaN, "CNECTAA": NaN, "UAA": NaN, "URBRURALA": NaN, "CDA": NaN, "SLDUA": NaN, "SLDLA": NaN, "ZCTA5A": NaN, "SUBMCDA": NaN, "SDELMA": NaN, "SDSECA": NaN, "SDUNIA": NaN, "NAME": "Census Tract 25", "SABINSA": NaN, "TOTPOP": 8679, "H7X001": 8679, "WHITE": 7250, "BLACK": 241, "AIAN": 161, "ASIAN": 366, "NHPI": 52, "H7X007": 150, "H7X008": 459, "H7Y001": 8679, "H7Y002": 8141, "HISP": 538, "C_X": -1604836.5474994378, "C_Y": 1316516.2905000017, "id": 38438}, {"boundary_node": false, "area": 2485213.916754021, "STATEFP10": "53", "COUNTYFP10": "063", "TRACTCE10": "004601", "GEOID10": "53063004601", "NAME10": "46.01", "NAMELSAD10": "Census Tract 46.01", "MTFCC10": "G5020", "FUNCSTAT10": "S", "ALAND10": 2469389, "AWATER10": 15828, "INTPTLAT10": "+47.6377312", "INTPTLON10": "-117.3709394", "GISJOIN": "G5300630004601", "Shape_area": 2485213.91675, "Shape_len": 8189.6881924, "YEAR": 2010, "REGIONA": 4, "DIVISIONA": 9, "STATE": "Washington", "STATEA": 53, "COUNTY": "Spokane County", "COUNTYA": 63, "COUSUBA": NaN, "PLACEA": NaN, "TRACTA": 4601, "BLKGRPA": NaN, "BLOCKA": NaN, "CONCITA": NaN, "AIANHHA": NaN, "RES_ONLYA": NaN, "TRUSTA": NaN, "AITSCEA": NaN, "TTRACTA": NaN, "TBLKGRPA": NaN, "ANRCA": NaN, "CBSAA": 44060, "METDIVA": 99999, "CSAA": 999, "NECTAA": NaN, "NECTADIVA": NaN, "CNECTAA": NaN, "UAA": NaN, "URBRURALA": NaN, "CDA": NaN, "SLDUA": NaN, "SLDLA": NaN, "ZCTA5A": NaN, "SUBMCDA": NaN, "SDELMA": NaN, "SDSECA": NaN, "SDUNIA": NaN, "NAME": "Census Tract 46.01", "SABINSA": NaN, "TOTPOP": 3471, "H7X001": 3471, "WHITE": 3099, "BLACK": 84, "AIAN": 29, "ASIAN": 85, "NHPI": 5, "H7X007": 30, "H7X008": 139, "H7Y001": 3471, "H7Y002": 3354, "HISP": 117, "C_X": -1603428.763377328, "C_Y": 1312485.8969499997, "id": 38439}, {"boundary_node": false, "area": 3227935.648188367, "STATEFP10": "53", "COUNTYFP10": "063", "TRACTCE10": "004700", "GEOID10": "53063004700", "NAME10": "47", "NAMELSAD10": "Census Tract 47", "MTFCC10": "G5020", "FUNCSTAT10": "S", "ALAND10": 3227939, "AWATER10": 0, "INTPTLAT10": "+47.6224621", "INTPTLON10": "-117.3689136", "GISJOIN": "G5300630004700", "Shape_area": 3227935.64819, "Shape_len": 8943.55390834, "YEAR": 2010, "REGIONA": 4, "DIVISIONA": 9, "STATE": "Washington", "STATEA": 53, "COUNTY": "Spokane County", "COUNTYA": 63, "COUSUBA": NaN, "PLACEA": NaN, "TRACTA": 4700, "BLKGRPA": NaN, "BLOCKA": NaN, "CONCITA": NaN, "AIANHHA": NaN, "RES_ONLYA": NaN, "TRUSTA": NaN, "AITSCEA": NaN, "TTRACTA": NaN, "TBLKGRPA": NaN, "ANRCA": NaN, "CBSAA": 44060, "METDIVA": 99999, "CSAA": 999, "NECTAA": NaN, "NECTADIVA": NaN, "CNECTAA": NaN, "UAA": NaN, "URBRURALA": NaN, "CDA": NaN, "SLDUA": NaN, "SLDLA": NaN, "ZCTA5A": NaN, "SUBMCDA": NaN, "SDELMA": NaN, "SDSECA": NaN, "SDUNIA": NaN, "NAME": "Census Tract 47", "SABINSA": NaN, "TOTPOP": 6572, "H7X001": 6572, "WHITE": 5728, "BLACK": 159, "AIAN": 87, "ASIAN": 194, "NHPI": 35, "H7X007": 84, "H7X008": 285, "H7Y001": 6572, "H7Y002": 6259, "HISP": 313, "C_X": -1603454.799164957, "C_Y": 1310736.2923500005, "id": 38440}, {"boundary_node": false, "area": 1643432.8989263347, "STATEFP10": "53", "COUNTYFP10": "063", "TRACTCE10": "004602", "GEOID10": "53063004602", "NAME10": "46.02", "NAMELSAD10": "Census Tract 46.02", "MTFCC10": "G5020", "FUNCSTAT10": "S", "ALAND10": 1643432, "AWATER10": 0, "INTPTLAT10": "+47.6342736", "INTPTLON10": "-117.3550354", "GISJOIN": "G5300630004602", "Shape_area": 1643432.89893, "Shape_len": 5138.21153991, "YEAR": 2010, "REGIONA": 4, "DIVISIONA": 9, "STATE": "Washington", "STATEA": 53, "COUNTY": "Spokane County", "COUNTYA": 63, "COUSUBA": NaN, "PLACEA": NaN, "TRACTA": 4602, "BLKGRPA": NaN, "BLOCKA": NaN, "CONCITA": NaN, "AIANHHA": NaN, "RES_ONLYA": NaN, "TRUSTA": NaN, "AITSCEA": NaN, "TTRACTA": NaN, "TBLKGRPA": NaN, "ANRCA": NaN, "CBSAA": 44060, "METDIVA": 99999, "CSAA": 999, "NECTAA": NaN, "NECTADIVA": NaN, "CNECTAA": NaN, "UAA": NaN, "URBRURALA": NaN, "CDA": NaN, "SLDUA": NaN, "SLDLA": NaN, "ZCTA5A": NaN, "SUBMCDA": NaN, "SDELMA": NaN, "SDSECA": NaN, "SDUNIA": NaN, "NAME": "Census Tract 46.02", "SABINSA": NaN, "TOTPOP": 3132, "H7X001": 3132, "WHITE": 2791, "BLACK": 73, "AIAN": 20, "ASIAN": 77, "NHPI": 4, "H7X007": 45, "H7X008": 122, "H7Y001": 3132, "H7Y002": 2963, "HISP": 169, "C_X": -1602369.1985644829, "C_Y": 1311803.2986000013, "id": 38441}, {"boundary_node": false, "area": 4291693.944311663, "STATEFP10": "53", "COUNTYFP10": "063", "TRACTCE10": "000900", "GEOID10": "53063000900", "NAME10": "9", "NAMELSAD10": "Census Tract 9", "MTFCC10": "G5020", "FUNCSTAT10": "S", "ALAND10": 4291692, "AWATER10": 0, "INTPTLAT10": "+47.7077852", "INTPTLON10": "-117.4717467", "GISJOIN": "G5300630000900", "Shape_area": 4291693.94431, "Shape_len": 8878.38797941, "YEAR": 2010, "REGIONA": 4, "DIVISIONA": 9, "STATE": "Washington", "STATEA": 53, "COUNTY": "Spokane County", "COUNTYA": 63, "COUSUBA": NaN, "PLACEA": NaN, "TRACTA": 900, "BLKGRPA": NaN, "BLOCKA": NaN, "CONCITA": NaN, "AIANHHA": NaN, "RES_ONLYA": NaN, "TRUSTA": NaN, "AITSCEA": NaN, "TTRACTA": NaN, "TBLKGRPA": NaN, "ANRCA": NaN, "CBSAA": 44060, "METDIVA": 99999, "CSAA": 999, "NECTAA": NaN, "NECTADIVA": NaN, "CNECTAA": NaN, "UAA": NaN, "URBRURALA": NaN, "CDA": NaN, "SLDUA": NaN, "SLDLA": NaN, "ZCTA5A": NaN, "SUBMCDA": NaN, "SDELMA": NaN, "SDSECA": NaN, "SDUNIA": NaN, "NAME": "Census Tract 9", "SABINSA": NaN, "TOTPOP": 6066, "H7X001": 6066, "WHITE": 5489, "BLACK": 67, "AIAN": 107, "ASIAN": 80, "NHPI": 17, "H7X007": 77, "H7X008": 229, "H7Y001": 6066, "H7Y002": 5808, "HISP": 258, "C_X": -1609255.5293370248, "C_Y": 1321735.1346500008, "id": 38444}, {"boundary_node": false, "area": 1881302.1884760123, "STATEFP10": "53", "COUNTYFP10": "063", "TRACTCE10": "000200", "GEOID10": "53063000200", "NAME10": "2", "NAMELSAD10": "Census Tract 2", "MTFCC10": "G5020", "FUNCSTAT10": "S", "ALAND10": 1881297, "AWATER10": 0, "INTPTLAT10": "+47.7077070", "INTPTLON10": "-117.3709500", "GISJOIN": "G5300630000200", "Shape_area": 1881302.18848, "Shape_len": 5733.81509933, "YEAR": 2010, "REGIONA": 4, "DIVISIONA": 9, "STATE": "Washington", "STATEA": 53, "COUNTY": "Spokane County", "COUNTYA": 63, "COUSUBA": NaN, "PLACEA": NaN, "TRACTA": 200, "BLKGRPA": NaN, "BLOCKA": NaN, "CONCITA": NaN, "AIANHHA": NaN, "RES_ONLYA": NaN, "TRUSTA": NaN, "AITSCEA": NaN, "TTRACTA": NaN, "TBLKGRPA": NaN, "ANRCA": NaN, "CBSAA": 44060, "METDIVA": 99999, "CSAA": 999, "NECTAA": NaN, "NECTADIVA": NaN, "CNECTAA": NaN, "UAA": NaN, "URBRURALA": NaN, "CDA": NaN, "SLDUA": NaN, "SLDLA": NaN, "ZCTA5A": NaN, "SUBMCDA": NaN, "SDELMA": NaN, "SDSECA": NaN, "SDUNIA": NaN, "NAME": "Census Tract 2", "SABINSA": NaN, "TOTPOP": 4654, "H7X001": 4654, "WHITE": 3926, "BLACK": 112, "AIAN": 162, "ASIAN": 65, "NHPI": 43, "H7X007": 76, "H7X008": 270, "H7Y001": 4654, "H7Y002": 4348, "HISP": 306, "C_X": -1601738.2112478288, "C_Y": 1319982.9911000011, "id": 38452}, {"boundary_node": false, "area": 1745189.840339812, "STATEFP10": "53", "COUNTYFP10": "063", "TRACTCE10": "000500", "GEOID10": "53063000500", "NAME10": "5", "NAMELSAD10": "Census Tract 5", "MTFCC10": "G5020", "FUNCSTAT10": "S", "ALAND10": 1745183, "AWATER10": 0, "INTPTLAT10": "+47.7078706", "INTPTLON10": "-117.4184973", "GISJOIN": "G5300630000500", "Shape_area": 1745189.84034, "Shape_len": 5382.98877668, "YEAR": 2010, "REGIONA": 4, "DIVISIONA": 9, "STATE": "Washington", "STATEA": 53, "COUNTY": "Spokane County", "COUNTYA": 63, "COUSUBA": NaN, "PLACEA": NaN, "TRACTA": 500, "BLKGRPA": NaN, "BLOCKA": NaN, "CONCITA": NaN, "AIANHHA": NaN, "RES_ONLYA": NaN, "TRUSTA": NaN, "AITSCEA": NaN, "TTRACTA": NaN, "TBLKGRPA": NaN, "ANRCA": NaN, "CBSAA": 44060, "METDIVA": 99999, "CSAA": 999, "NECTAA": NaN, "NECTADIVA": NaN, "CNECTAA": NaN, "UAA": NaN, "URBRURALA": NaN, "CDA": NaN, "SLDUA": NaN, "SLDLA": NaN, "ZCTA5A": NaN, "SUBMCDA": NaN, "SDELMA": NaN, "SDSECA": NaN, "SDUNIA": NaN, "NAME": "Census Tract 5", "SABINSA": NaN, "TOTPOP": 3403, "H7X001": 3403, "WHITE": 3098, "BLACK": 48, "AIAN": 50, "ASIAN": 75, "NHPI": 6, "H7X007": 36, "H7X008": 90, "H7Y001": 3403, "H7Y002": 3255, "HISP": 148, "C_X": -1605228.1087478306, "C_Y": 1320830.3098000004, "id": 38453}, {"boundary_node": false, "area": 1241817.370535342, "STATEFP10": "53", "COUNTYFP10": "063", "TRACTCE10": "003200", "GEOID10": "53063003200", "NAME10": "32", "NAMELSAD10": "Census Tract 32", "MTFCC10": "G5020", "FUNCSTAT10": "S", "ALAND10": 1241821, "AWATER10": 0, "INTPTLAT10": "+47.6492995", "INTPTLON10": "-117.4146338", "GISJOIN": "G5300630003200", "Shape_area": 1241817.37054, "Shape_len": 5280.43703252, "YEAR": 2010, "REGIONA": 4, "DIVISIONA": 9, "STATE": "Washington", "STATEA": 53, "COUNTY": "Spokane County", "COUNTYA": 63, "COUSUBA": NaN, "PLACEA": NaN, "TRACTA": 3200, "BLKGRPA": NaN, "BLOCKA": NaN, "CONCITA": NaN, "AIANHHA": NaN, "RES_ONLYA": NaN, "TRUSTA": NaN, "AITSCEA": NaN, "TTRACTA": NaN, "TBLKGRPA": NaN, "ANRCA": NaN, "CBSAA": 44060, "METDIVA": 99999, "CSAA": 999, "NECTAA": NaN, "NECTADIVA": NaN, "CNECTAA": NaN, "UAA": NaN, "URBRURALA": NaN, "CDA": NaN, "SLDUA": NaN, "SLDLA": NaN, "ZCTA5A": NaN, "SUBMCDA": NaN, "SDELMA": NaN, "SDSECA": NaN, "SDUNIA": NaN, "NAME": "Census Tract 32", "SABINSA": NaN, "TOTPOP": 2566, "H7X001": 2566, "WHITE": 2265, "BLACK": 55, "AIAN": 48, "ASIAN": 77, "NHPI": 4, "H7X007": 31, "H7X008": 86, "H7Y001": 2566, "H7Y002": 2490, "HISP": 76, "C_X": -1606399.6032589735, "C_Y": 1314438.2241000002, "id": 40929}, {"boundary_node": false, "area": 4776362.863225249, "STATEFP10": "53", "COUNTYFP10": "063", "TRACTCE10": "003600", "GEOID10": "53063003600", "NAME10": "36", "NAMELSAD10": "Census Tract 36", "MTFCC10": "G5020", "FUNCSTAT10": "S", "ALAND10": 4404846, "AWATER10": 371517, "INTPTLAT10": "+47.6738581", "INTPTLON10": "-117.4684527", "GISJOIN": "G5300630003600", "Shape_area": 4776362.86323, "Shape_len": 15747.3139512, "YEAR": 2010, "REGIONA": 4, "DIVISIONA": 9, "STATE": "Washington", "STATEA": 53, "COUNTY": "Spokane County", "COUNTYA": 63, "COUSUBA": NaN, "PLACEA": NaN, "TRACTA": 3600, "BLKGRPA": NaN, "BLOCKA": NaN, "CONCITA": NaN, "AIANHHA": NaN, "RES_ONLYA": NaN, "TRUSTA": NaN, "AITSCEA": NaN, "TTRACTA": NaN, "TBLKGRPA": NaN, "ANRCA": NaN, "CBSAA": 44060, "METDIVA": 99999, "CSAA": 999, "NECTAA": NaN, "NECTADIVA": NaN, "CNECTAA": NaN, "UAA": NaN, "URBRURALA": NaN, "CDA": NaN, "SLDUA": NaN, "SLDLA": NaN, "ZCTA5A": NaN, "SUBMCDA": NaN, "SDELMA": NaN, "SDSECA": NaN, "SDUNIA": NaN, "NAME": "Census Tract 36", "SABINSA": NaN, "TOTPOP": 3906, "H7X001": 3906, "WHITE": 3386, "BLACK": 93, "AIAN": 94, "ASIAN": 112, "NHPI": 7, "H7X007": 41, "H7X008": 173, "H7Y001": 3906, "H7Y002": 3737, "HISP": 169, "C_X": -1609726.0156085931, "C_Y": 1316953.7431000005, "id": 40930}, {"boundary_node": false, "area": 9030211.486734057, "STATEFP10": "53", "COUNTYFP10": "063", "TRACTCE10": "003900", "GEOID10": "53063003900", "NAME10": "39", "NAMELSAD10": "Census Tract 39", "MTFCC10": "G5020", "FUNCSTAT10": "S", "ALAND10": 9005387, "AWATER10": 24822, "INTPTLAT10": "+47.6180263", "INTPTLON10": "-117.4222261", "GISJOIN": "G5300630003900", "Shape_area": 9030211.48673, "Shape_len": 19694.1841482, "YEAR": 2010, "REGIONA": 4, "DIVISIONA": 9, "STATE": "Washington", "STATEA": 53, "COUNTY": "Spokane County", "COUNTYA": 63, "COUSUBA": NaN, "PLACEA": NaN, "TRACTA": 3900, "BLKGRPA": NaN, "BLOCKA": NaN, "CONCITA": NaN, "AIANHHA": NaN, "RES_ONLYA": NaN, "TRUSTA": NaN, "AITSCEA": NaN, "TTRACTA": NaN, "TBLKGRPA": NaN, "ANRCA": NaN, "CBSAA": 44060, "METDIVA": 99999, "CSAA": 999, "NECTAA": NaN, "NECTADIVA": NaN, "CNECTAA": NaN, "UAA": NaN, "URBRURALA": NaN, "CDA": NaN, "SLDUA": NaN, "SLDLA": NaN, "ZCTA5A": NaN, "SUBMCDA": NaN, "SDELMA": NaN, "SDSECA": NaN, "SDUNIA": NaN, "NAME": "Census Tract 39", "SABINSA": NaN, "TOTPOP": 2043, "H7X001": 2043, "WHITE": 1899, "BLACK": 13, "AIAN": 23, "ASIAN": 40, "NHPI": 1, "H7X007": 7, "H7X008": 60, "H7Y001": 2043, "H7Y002": 1981, "HISP": 62, "C_X": -1608481.0697975336, "C_Y": 1311230.6758500005, "id": 40934}, {"boundary_node": true, "boundary_perim": 2581.336612318595, "area": 14965850.402848186, "STATEFP10": "53", "COUNTYFP10": "063", "TRACTCE10": "011201", "GEOID10": "53063011201", "NAME10": "112.01", "NAMELSAD10": "Census Tract 112.01", "MTFCC10": "G5020", "FUNCSTAT10": "S", "ALAND10": 14965846, "AWATER10": 0, "INTPTLAT10": "+47.7395618", "INTPTLON10": "-117.3775462", "GISJOIN": "G5300630011201", "Shape_area": 14965850.4028, "Shape_len": 19991.6404419, "YEAR": 2010, "REGIONA": 4, "DIVISIONA": 9, "STATE": "Washington", "STATEA": 53, "COUNTY": "Spokane County", "COUNTYA": 63, "COUSUBA": NaN, "PLACEA": NaN, "TRACTA": 11201, "BLKGRPA": NaN, "BLOCKA": NaN, "CONCITA": NaN, "AIANHHA": NaN, "RES_ONLYA": NaN, "TRUSTA": NaN, "AITSCEA": NaN, "TTRACTA": NaN, "TBLKGRPA": NaN, "ANRCA": NaN, "CBSAA": 44060, "METDIVA": 99999, "CSAA": 999, "NECTAA": NaN, "NECTADIVA": NaN, "CNECTAA": NaN, "UAA": NaN, "URBRURALA": NaN, "CDA": NaN, "SLDUA": NaN, "SLDLA": NaN, "ZCTA5A": NaN, "SUBMCDA": NaN, "SDELMA": NaN, "SDSECA": NaN, "SDUNIA": NaN, "NAME": "Census Tract 112.01", "SABINSA": NaN, "TOTPOP": 7211, "H7X001": 7211, "WHITE": 6160, "BLACK": 102, "AIAN": 120, "ASIAN": 352, "NHPI": 121, "H7X007": 101, "H7X008": 255, "H7Y001": 7211, "H7Y002": 6873, "HISP": 338, "C_X": -1601524.800681028, "C_Y": 1323819.9436499998, "id": 40935}, {"boundary_node": true, "boundary_perim": 11574.269580722743, "area": 18944240.756243415, "STATEFP10": "53", "COUNTYFP10": "063", "TRACTCE10": "011300", "GEOID10": "53063011300", "NAME10": "113", "NAMELSAD10": "Census Tract 113", "MTFCC10": "G5020", "FUNCSTAT10": "S", "ALAND10": 18618722, "AWATER10": 325516, "INTPTLAT10": "+47.7023281", "INTPTLON10": "-117.2903009", "GISJOIN": "G5300630011300", "Shape_area": 18944240.7562, "Shape_len": 25020.9259027, "YEAR": 2010, "REGIONA": 4, "DIVISIONA": 9, "STATE": "Washington", "STATEA": 53, "COUNTY": "Spokane County", "COUNTYA": 63, "COUSUBA": NaN, "PLACEA": NaN, "TRACTA": 11300, "BLKGRPA": NaN, "BLOCKA": NaN, "CONCITA": NaN, "AIANHHA": NaN, "RES_ONLYA": NaN, "TRUSTA": NaN, "AITSCEA": NaN, "TTRACTA": NaN, "TBLKGRPA": NaN, "ANRCA": NaN, "CBSAA": 44060, "METDIVA": 99999, "CSAA": 999, "NECTAA": NaN, "NECTADIVA": NaN, "CNECTAA": NaN, "UAA": NaN, "URBRURALA": NaN, "CDA": NaN, "SLDUA": NaN, "SLDLA": NaN, "ZCTA5A": NaN, "SUBMCDA": NaN, "SDELMA": NaN, "SDSECA": NaN, "SDUNIA": NaN, "NAME": "Census Tract 113", "SABINSA": NaN, "TOTPOP": 7115, "H7X001": 7115, "WHITE": 6400, "BLACK": 92, "AIAN": 74, "ASIAN": 196, "NHPI": 19, "H7X007": 65, "H7X008": 269, "H7Y001": 7115, "H7Y002": 6865, "HISP": 250, "C_X": -1596485.4687656579, "C_Y": 1318284.27795, "id": 40936}, {"boundary_node": true, "boundary_perim": 1303.3686900703706, "area": 4907640.446281915, "STATEFP10": "53", "COUNTYFP10": "063", "TRACTCE10": "010900", "GEOID10": "53063010900", "NAME10": "109", "NAMELSAD10": "Census Tract 109", "MTFCC10": "G5020", "FUNCSTAT10": "S", "ALAND10": 4907637, "AWATER10": 0, "INTPTLAT10": "+47.7407582", "INTPTLON10": "-117.4218336", "GISJOIN": "G5300630010900", "Shape_area": 4907640.44628, "Shape_len": 16314.0368667, "YEAR": 2010, "REGIONA": 4, "DIVISIONA": 9, "STATE": "Washington", "STATEA": 53, "COUNTY": "Spokane County", "COUNTYA": 63, "COUSUBA": NaN, "PLACEA": NaN, "TRACTA": 10900, "BLKGRPA": NaN, "BLOCKA": NaN, "CONCITA": NaN, "AIANHHA": NaN, "RES_ONLYA": NaN, "TRUSTA": NaN, "AITSCEA": NaN, "TTRACTA": NaN, "TBLKGRPA": NaN, "ANRCA": NaN, "CBSAA": 44060, "METDIVA": 99999, "CSAA": 999, "NECTAA": NaN, "NECTADIVA": NaN, "CNECTAA": NaN, "UAA": NaN, "URBRURALA": NaN, "CDA": NaN, "SLDUA": NaN, "SLDLA": NaN, "ZCTA5A": NaN, "SUBMCDA": NaN, "SDELMA": NaN, "SDSECA": NaN, "SDUNIA": NaN, "NAME": "Census Tract 109", "SABINSA": NaN, "TOTPOP": 4939, "H7X001": 4939, "WHITE": 4484, "BLACK": 89, "AIAN": 51, "ASIAN": 77, "NHPI": 6, "H7X007": 73, "H7X008": 159, "H7Y001": 4939, "H7Y002": 4678, "HISP": 261, "C_X": -1604402.2718700385, "C_Y": 1324262.6785500003, "id": 40937}, {"boundary_node": false, "area": 2300604.603946062, "STATEFP10": "53", "COUNTYFP10": "063", "TRACTCE10": "001100", "GEOID10": "53063001100", "NAME10": "11", "NAMELSAD10": "Census Tract 11", "MTFCC10": "G5020", "FUNCSTAT10": "S", "ALAND10": 2300607, "AWATER10": 0, "INTPTLAT10": "+47.6930060", "INTPTLON10": "-117.4451517", "GISJOIN": "G5300630001100", "Shape_area": 2300604.60395, "Shape_len": 6445.51354795, "YEAR": 2010, "REGIONA": 4, "DIVISIONA": 9, "STATE": "Washington", "STATEA": 53, "COUNTY": "Spokane County", "COUNTYA": 63, "COUSUBA": NaN, "PLACEA": NaN, "TRACTA": 1100, "BLKGRPA": NaN, "BLOCKA": NaN, "CONCITA": NaN, "AIANHHA": NaN, "RES_ONLYA": NaN, "TRUSTA": NaN, "AITSCEA": NaN, "TTRACTA": NaN, "TBLKGRPA": NaN, "ANRCA": NaN, "CBSAA": 44060, "METDIVA": 99999, "CSAA": 999, "NECTAA": NaN, "NECTADIVA": NaN, "CNECTAA": NaN, "UAA": NaN, "URBRURALA": NaN, "CDA": NaN, "SLDUA": NaN, "SLDLA": NaN, "ZCTA5A": NaN, "SUBMCDA": NaN, "SDELMA": NaN, "SDSECA": NaN, "SDUNIA": NaN, "NAME": "Census Tract 11", "SABINSA": NaN, "TOTPOP": 3278, "H7X001": 3278, "WHITE": 2947, "BLACK": 42, "AIAN": 56, "ASIAN": 55, "NHPI": 4, "H7X007": 53, "H7X008": 121, "H7Y001": 3278, "H7Y002": 3130, "HISP": 148, "C_X": -1607617.301343791, "C_Y": 1319657.7780999995, "id": 40972}, {"boundary_node": false, "area": 1577450.9186326743, "STATEFP10": "53", "COUNTYFP10": "063", "TRACTCE10": "001300", "GEOID10": "53063001300", "NAME10": "13", "NAMELSAD10": "Census Tract 13", "MTFCC10": "G5020", "FUNCSTAT10": "S", "ALAND10": 1577454, "AWATER10": 0, "INTPTLAT10": "+47.6942591", "INTPTLON10": "-117.4183329", "GISJOIN": "G5300630001300", "Shape_area": 1577450.91863, "Shape_len": 5298.34305871, "YEAR": 2010, "REGIONA": 4, "DIVISIONA": 9, "STATE": "Washington", "STATEA": 53, "COUNTY": "Spokane County", "COUNTYA": 63, "COUSUBA": NaN, "PLACEA": NaN, "TRACTA": 1300, "BLKGRPA": NaN, "BLOCKA": NaN, "CONCITA": NaN, "AIANHHA": NaN, "RES_ONLYA": NaN, "TRUSTA": NaN, "AITSCEA": NaN, "TTRACTA": NaN, "TBLKGRPA": NaN, "ANRCA": NaN, "CBSAA": 44060, "METDIVA": 99999, "CSAA": 999, "NECTAA": NaN, "NECTADIVA": NaN, "CNECTAA": NaN, "UAA": NaN, "URBRURALA": NaN, "CDA": NaN, "SLDUA": NaN, "SLDLA": NaN, "ZCTA5A": NaN, "SUBMCDA": NaN, "SDELMA": NaN, "SDSECA": NaN, "SDUNIA": NaN, "NAME": "Census Tract 13", "SABINSA": NaN, "TOTPOP": 3443, "H7X001": 3443, "WHITE": 2985, "BLACK": 85, "AIAN": 86, "ASIAN": 39, "NHPI": 21, "H7X007": 39, "H7X008": 188, "H7Y001": 3443, "H7Y002": 3261, "HISP": 182, "C_X": -1605587.3334595351, "C_Y": 1319262.7030499992, "id": 40973}, {"boundary_node": false, "area": 2079324.534584596, "STATEFP10": "53", "COUNTYFP10": "063", "TRACTCE10": "002600", "GEOID10": "53063002600", "NAME10": "26", "NAMELSAD10": "Census Tract 26", "MTFCC10": "G5020", "FUNCSTAT10": "S", "ALAND10": 1996578, "AWATER10": 82750, "INTPTLAT10": "+47.6726613", "INTPTLON10": "-117.3759376", "GISJOIN": "G5300630002600", "Shape_area": 2079324.53458, "Shape_len": 6264.4467253, "YEAR": 2010, "REGIONA": 4, "DIVISIONA": 9, "STATE": "Washington", "STATEA": 53, "COUNTY": "Spokane County", "COUNTYA": 63, "COUSUBA": NaN, "PLACEA": NaN, "TRACTA": 2600, "BLKGRPA": NaN, "BLOCKA": NaN, "CONCITA": NaN, "AIANHHA": NaN, "RES_ONLYA": NaN, "TRUSTA": NaN, "AITSCEA": NaN, "TTRACTA": NaN, "TBLKGRPA": NaN, "ANRCA": NaN, "CBSAA": 44060, "METDIVA": 99999, "CSAA": 999, "NECTAA": NaN, "NECTADIVA": NaN, "CNECTAA": NaN, "UAA": NaN, "URBRURALA": NaN, "CDA": NaN, "SLDUA": NaN, "SLDLA": NaN, "ZCTA5A": NaN, "SUBMCDA": NaN, "SDELMA": NaN, "SDSECA": NaN, "SDUNIA": NaN, "NAME": "Census Tract 26", "SABINSA": NaN, "TOTPOP": 5236, "H7X001": 5236, "WHITE": 4067, "BLACK": 255, "AIAN": 177, "ASIAN": 217, "NHPI": 84, "H7X007": 91, "H7X008": 345, "H7Y001": 5236, "H7Y002": 4932, "HISP": 304, "C_X": -1602987.5811226629, "C_Y": 1316235.8594999996, "id": 41154}, {"boundary_node": false, "area": 1427390.388167199, "STATEFP10": "53", "COUNTYFP10": "063", "TRACTCE10": "003000", "GEOID10": "53063003000", "NAME10": "30", "NAMELSAD10": "Census Tract 30", "MTFCC10": "G5020", "FUNCSTAT10": "S", "ALAND10": 1427393, "AWATER10": 0, "INTPTLAT10": "+47.6505747", "INTPTLON10": "-117.3720458", "GISJOIN": "G5300630003000", "Shape_area": 1427390.38817, "Shape_len": 5787.90328058, "YEAR": 2010, "REGIONA": 4, "DIVISIONA": 9, "STATE": "Washington", "STATEA": 53, "COUNTY": "Spokane County", "COUNTYA": 63, "COUSUBA": NaN, "PLACEA": NaN, "TRACTA": 3000, "BLKGRPA": NaN, "BLOCKA": NaN, "CONCITA": NaN, "AIANHHA": NaN, "RES_ONLYA": NaN, "TRUSTA": NaN, "AITSCEA": NaN, "TTRACTA": NaN, "TBLKGRPA": NaN, "ANRCA": NaN, "CBSAA": 44060, "METDIVA": 99999, "CSAA": 999, "NECTAA": NaN, "NECTADIVA": NaN, "CNECTAA": NaN, "UAA": NaN, "URBRURALA": NaN, "CDA": NaN, "SLDUA": NaN, "SLDLA": NaN, "ZCTA5A": NaN, "SUBMCDA": NaN, "SDELMA": NaN, "SDSECA": NaN, "SDUNIA": NaN, "NAME": "Census Tract 30", "SABINSA": NaN, "TOTPOP": 2759, "H7X001": 2759, "WHITE": 2043, "BLACK": 216, "AIAN": 64, "ASIAN": 141, "NHPI": 39, "H7X007": 51, "H7X008": 205, "H7Y001": 2759, "H7Y002": 2546, "HISP": 213, "C_X": -1603076.0752840755, "C_Y": 1313819.0677500013, "id": 41165}, {"boundary_node": false, "area": 2690952.3759635943, "STATEFP10": "53", "COUNTYFP10": "063", "TRACTCE10": "004800", "GEOID10": "53063004800", "NAME10": "48", "NAMELSAD10": "Census Tract 48", "MTFCC10": "G5020", "FUNCSTAT10": "S", "ALAND10": 2690949, "AWATER10": 0, "INTPTLAT10": "+47.6131101", "INTPTLON10": "-117.3562984", "GISJOIN": "G5300630004800", "Shape_area": 2690952.37596, "Shape_len": 6924.5895298, "YEAR": 2010, "REGIONA": 4, "DIVISIONA": 9, "STATE": "Washington", "STATEA": 53, "COUNTY": "Spokane County", "COUNTYA": 63, "COUSUBA": NaN, "PLACEA": NaN, "TRACTA": 4800, "BLKGRPA": NaN, "BLOCKA": NaN, "CONCITA": NaN, "AIANHHA": NaN, "RES_ONLYA": NaN, "TRUSTA": NaN, "AITSCEA": NaN, "TTRACTA": NaN, "TBLKGRPA": NaN, "ANRCA": NaN, "CBSAA": 44060, "METDIVA": 99999, "CSAA": 999, "NECTAA": NaN, "NECTADIVA": NaN, "CNECTAA": NaN, "UAA": NaN, "URBRURALA": NaN, "CDA": NaN, "SLDUA": NaN, "SLDLA": NaN, "ZCTA5A": NaN, "SUBMCDA": NaN, "SDELMA": NaN, "SDSECA": NaN, "SDUNIA": NaN, "NAME": "Census Tract 48", "SABINSA": NaN, "TOTPOP": 3326, "H7X001": 3326, "WHITE": 3010, "BLACK": 66, "AIAN": 28, "ASIAN": 114, "NHPI": 2, "H7X007": 16, "H7X008": 90, "H7Y001": 3326, "H7Y002": 3228, "HISP": 98, "C_X": -1603005.9212079104, "C_Y": 1309410.94615, "id": 41169}, {"boundary_node": true, "boundary_perim": 3720.8028858549205, "area": 6123333.047153633, "STATEFP10": "53", "COUNTYFP10": "063", "TRACTCE10": "012300", "GEOID10": "53063012300", "NAME10": "123", "NAMELSAD10": "Census Tract 123", "MTFCC10": "G5020", "FUNCSTAT10": "S", "ALAND10": 6123332, "AWATER10": 0, "INTPTLAT10": "+47.6479836", "INTPTLON10": "-117.3223371", "GISJOIN": "G5300630012300", "Shape_area": 6123333.04715, "Shape_len": 12541.6175267, "YEAR": 2010, "REGIONA": 4, "DIVISIONA": 9, "STATE": "Washington", "STATEA": 53, "COUNTY": "Spokane County", "COUNTYA": 63, "COUSUBA": NaN, "PLACEA": NaN, "TRACTA": 12300, "BLKGRPA": NaN, "BLOCKA": NaN, "CONCITA": NaN, "AIANHHA": NaN, "RES_ONLYA": NaN, "TRUSTA": NaN, "AITSCEA": NaN, "TTRACTA": NaN, "TBLKGRPA": NaN, "ANRCA": NaN, "CBSAA": 44060, "METDIVA": 99999, "CSAA": 999, "NECTAA": NaN, "NECTADIVA": NaN, "CNECTAA": NaN, "UAA": NaN, "URBRURALA": NaN, "CDA": NaN, "SLDUA": NaN, "SLDLA": NaN, "ZCTA5A": NaN, "SUBMCDA": NaN, "SDELMA": NaN, "SDSECA": NaN, "SDUNIA": NaN, "NAME": "Census Tract 123", "SABINSA": NaN, "TOTPOP": 5562, "H7X001": 5562, "WHITE": 4888, "BLACK": 95, "AIAN": 126, "ASIAN": 131, "NHPI": 20, "H7X007": 70, "H7X008": 232, "H7Y001": 5562, "H7Y002": 5265, "HISP": 297, "C_X": -1599370.8531456408, "C_Y": 1312319.8058500006, "id": 41171}, {"boundary_node": false, "area": 10663412.266174417, "STATEFP10": "53", "COUNTYFP10": "063", "TRACTCE10": "005000", "GEOID10": "53063005000", "NAME10": "50", "NAMELSAD10": "Census Tract 50", "MTFCC10": "G5020", "FUNCSTAT10": "S", "ALAND10": 10663412, "AWATER10": 0, "INTPTLAT10": "+47.5885705", "INTPTLON10": "-117.3692775", "GISJOIN": "G5300630005000", "Shape_area": 10663412.2662, "Shape_len": 19216.5532603, "YEAR": 2010, "REGIONA": 4, "DIVISIONA": 9, "STATE": "Washington", "STATEA": 53, "COUNTY": "Spokane County", "COUNTYA": 63, "COUSUBA": NaN, "PLACEA": NaN, "TRACTA": 5000, "BLKGRPA": NaN, "BLOCKA": NaN, "CONCITA": NaN, "AIANHHA": NaN, "RES_ONLYA": NaN, "TRUSTA": NaN, "AITSCEA": NaN, "TTRACTA": NaN, "TBLKGRPA": NaN, "ANRCA": NaN, "CBSAA": 44060, "METDIVA": 99999, "CSAA": 999, "NECTAA": NaN, "NECTADIVA": NaN, "CNECTAA": NaN, "UAA": NaN, "URBRURALA": NaN, "CDA": NaN, "SLDUA": NaN, "SLDLA": NaN, "ZCTA5A": NaN, "SUBMCDA": NaN, "SDELMA": NaN, "SDSECA": NaN, "SDUNIA": NaN, "NAME": "Census Tract 50", "SABINSA": NaN, "TOTPOP": 3534, "H7X001": 3534, "WHITE": 3202, "BLACK": 56, "AIAN": 14, "ASIAN": 105, "NHPI": 18, "H7X007": 33, "H7X008": 106, "H7Y001": 3534, "H7Y002": 3434, "HISP": 100, "C_X": -1604661.5155734797, "C_Y": 1307397.093300001, "id": 41181}, {"boundary_node": true, "boundary_perim": 23100.796439500587, "area": 71508465.333743, "STATEFP10": "53", "COUNTYFP10": "063", "TRACTCE10": "013700", "GEOID10": "53063013700", "NAME10": "137", "NAMELSAD10": "Census Tract 137", "MTFCC10": "G5020", "FUNCSTAT10": "S", "ALAND10": 70949023, "AWATER10": 559436, "INTPTLAT10": "+47.6646868", "INTPTLON10": "-117.5288569", "GISJOIN": "G5300630013700", "Shape_area": 71508465.3337, "Shape_len": 49743.678112, "YEAR": 2010, "REGIONA": 4, "DIVISIONA": 9, "STATE": "Washington", "STATEA": 53, "COUNTY": "Spokane County", "COUNTYA": 63, "COUSUBA": NaN, "PLACEA": NaN, "TRACTA": 13700, "BLKGRPA": NaN, "BLOCKA": NaN, "CONCITA": NaN, "AIANHHA": NaN, "RES_ONLYA": NaN, "TRUSTA": NaN, "AITSCEA": NaN, "TTRACTA": NaN, "TBLKGRPA": NaN, "ANRCA": NaN, "CBSAA": 44060, "METDIVA": 99999, "CSAA": 999, "NECTAA": NaN, "NECTADIVA": NaN, "CNECTAA": NaN, "UAA": NaN, "URBRURALA": NaN, "CDA": NaN, "SLDUA": NaN, "SLDLA": NaN, "ZCTA5A": NaN, "SUBMCDA": NaN, "SDELMA": NaN, "SDSECA": NaN, "SDUNIA": NaN, "NAME": "Census Tract 137", "SABINSA": NaN, "TOTPOP": 3076, "H7X001": 3076, "WHITE": 2565, "BLACK": 98, "AIAN": 104, "ASIAN": 98, "NHPI": 17, "H7X007": 55, "H7X008": 139, "H7Y001": 3076, "H7Y002": 2897, "HISP": 179, "C_X": -1613373.9265120428, "C_Y": 1319173.2660000012, "id": 41182}, {"boundary_node": false, "area": 1299934.4147228885, "STATEFP10": "53", "COUNTYFP10": "063", "TRACTCE10": "000600", "GEOID10": "53063000600", "NAME10": "6", "NAMELSAD10": "Census Tract 6", "MTFCC10": "G5020", "FUNCSTAT10": "S", "ALAND10": 1299934, "AWATER10": 0, "INTPTLAT10": "+47.7081140", "INTPTLON10": "-117.4311015", "GISJOIN": "G5300630000600", "Shape_area": 1299934.41472, "Shape_len": 4861.01129925, "YEAR": 2010, "REGIONA": 4, "DIVISIONA": 9, "STATE": "Washington", "STATEA": 53, "COUNTY": "Spokane County", "COUNTYA": 63, "COUSUBA": NaN, "PLACEA": NaN, "TRACTA": 600, "BLKGRPA": NaN, "BLOCKA": NaN, "CONCITA": NaN, "AIANHHA": NaN, "RES_ONLYA": NaN, "TRUSTA": NaN, "AITSCEA": NaN, "TTRACTA": NaN, "TBLKGRPA": NaN, "ANRCA": NaN, "CBSAA": 44060, "METDIVA": 99999, "CSAA": 999, "NECTAA": NaN, "NECTADIVA": NaN, "CNECTAA": NaN, "UAA": NaN, "URBRURALA": NaN, "CDA": NaN, "SLDUA": NaN, "SLDLA": NaN, "ZCTA5A": NaN, "SUBMCDA": NaN, "SDELMA": NaN, "SDSECA": NaN, "SDUNIA": NaN, "NAME": "Census Tract 6", "SABINSA": NaN, "TOTPOP": 3014, "H7X001": 3014, "WHITE": 2720, "BLACK": 37, "AIAN": 55, "ASIAN": 47, "NHPI": 4, "H7X007": 24, "H7X008": 127, "H7Y001": 3014, "H7Y002": 2886, "HISP": 128, "C_X": -1606163.8389742998, "C_Y": 1321009.7479000003, "id": 41201}, {"boundary_node": false, "area": 3571162.8186324663, "STATEFP10": "53", "COUNTYFP10": "063", "TRACTCE10": "000800", "GEOID10": "53063000800", "NAME10": "8", "NAMELSAD10": "Census Tract 8", "MTFCC10": "G5020", "FUNCSTAT10": "S", "ALAND10": 3571153, "AWATER10": 0, "INTPTLAT10": "+47.7204678", "INTPTLON10": "-117.4614953", "GISJOIN": "G5300630000800", "Shape_area": 3571162.81863, "Shape_len": 10336.408628, "YEAR": 2010, "REGIONA": 4, "DIVISIONA": 9, "STATE": "Washington", "STATEA": 53, "COUNTY": "Spokane County", "COUNTYA": 63, "COUSUBA": NaN, "PLACEA": NaN, "TRACTA": 800, "BLKGRPA": NaN, "BLOCKA": NaN, "CONCITA": NaN, "AIANHHA": NaN, "RES_ONLYA": NaN, "TRUSTA": NaN, "AITSCEA": NaN, "TTRACTA": NaN, "TBLKGRPA": NaN, "ANRCA": NaN, "CBSAA": 44060, "METDIVA": 99999, "CSAA": 999, "NECTAA": NaN, "NECTADIVA": NaN, "CNECTAA": NaN, "UAA": NaN, "URBRURALA": NaN, "CDA": NaN, "SLDUA": NaN, "SLDLA": NaN, "ZCTA5A": NaN, "SUBMCDA": NaN, "SDELMA": NaN, "SDSECA": NaN, "SDUNIA": NaN, "NAME": "Census Tract 8", "SABINSA": NaN, "TOTPOP": 4776, "H7X001": 4776, "WHITE": 4363, "BLACK": 73, "AIAN": 45, "ASIAN": 72, "NHPI": 7, "H7X007": 36, "H7X008": 180, "H7Y001": 4776, "H7Y002": 4581, "HISP": 195, "C_X": -1608553.0262298856, "C_Y": 1323024.9525500014, "id": 41202}, {"boundary_node": false, "area": 1605684.6337194752, "STATEFP10": "53", "COUNTYFP10": "063", "TRACTCE10": "002900", "GEOID10": "53063002900", "NAME10": "29", "NAMELSAD10": "Census Tract 29", "MTFCC10": "G5020", "FUNCSTAT10": "S", "ALAND10": 1605686, "AWATER10": 0, "INTPTLAT10": "+47.6468228", "INTPTLON10": "-117.3541678", "GISJOIN": "G5300630002900", "Shape_area": 1605684.63372, "Shape_len": 5319.11778797, "YEAR": 2010, "REGIONA": 4, "DIVISIONA": 9, "STATE": "Washington", "STATEA": 53, "COUNTY": "Spokane County", "COUNTYA": 63, "COUSUBA": NaN, "PLACEA": NaN, "TRACTA": 2900, "BLKGRPA": NaN, "BLOCKA": NaN, "CONCITA": NaN, "AIANHHA": NaN, "RES_ONLYA": NaN, "TRUSTA": NaN, "AITSCEA": NaN, "TTRACTA": NaN, "TBLKGRPA": NaN, "ANRCA": NaN, "CBSAA": 44060, "METDIVA": 99999, "CSAA": 999, "NECTAA": NaN, "NECTADIVA": NaN, "CNECTAA": NaN, "UAA": NaN, "URBRURALA": NaN, "CDA": NaN, "SLDUA": NaN, "SLDLA": NaN, "ZCTA5A": NaN, "SUBMCDA": NaN, "SDELMA": NaN, "SDSECA": NaN, "SDUNIA": NaN, "NAME": "Census Tract 29", "SABINSA": NaN, "TOTPOP": 3387, "H7X001": 3387, "WHITE": 2886, "BLACK": 125, "AIAN": 55, "ASIAN": 96, "NHPI": 13, "H7X007": 45, "H7X008": 167, "H7Y001": 3387, "H7Y002": 3204, "HISP": 183, "C_X": -1601948.4436582187, "C_Y": 1313178.8001000006, "id": 42396}, {"boundary_node": false, "area": 1113245.6091640403, "STATEFP10": "53", "COUNTYFP10": "063", "TRACTCE10": "004100", "GEOID10": "53063004100", "NAME10": "41", "NAMELSAD10": "Census Tract 41", "MTFCC10": "G5020", "FUNCSTAT10": "S", "ALAND10": 1113243, "AWATER10": 0, "INTPTLAT10": "+47.6429357", "INTPTLON10": "-117.4141235", "GISJOIN": "G5300630004100", "Shape_area": 1113245.60916, "Shape_len": 5056.16589517, "YEAR": 2010, "REGIONA": 4, "DIVISIONA": 9, "STATE": "Washington", "STATEA": 53, "COUNTY": "Spokane County", "COUNTYA": 63, "COUSUBA": NaN, "PLACEA": NaN, "TRACTA": 4100, "BLKGRPA": NaN, "BLOCKA": NaN, "CONCITA": NaN, "AIANHHA": NaN, "RES_ONLYA": NaN, "TRUSTA": NaN, "AITSCEA": NaN, "TTRACTA": NaN, "TBLKGRPA": NaN, "ANRCA": NaN, "CBSAA": 44060, "METDIVA": 99999, "CSAA": 999, "NECTAA": NaN, "NECTADIVA": NaN, "CNECTAA": NaN, "UAA": NaN, "URBRURALA": NaN, "CDA": NaN, "SLDUA": NaN, "SLDLA": NaN, "ZCTA5A": NaN, "SUBMCDA": NaN, "SDELMA": NaN, "SDSECA": NaN, "SDUNIA": NaN, "NAME": "Census Tract 41", "SABINSA": NaN, "TOTPOP": 2098, "H7X001": 2098, "WHITE": 1943, "BLACK": 17, "AIAN": 16, "ASIAN": 36, "NHPI": 1, "H7X007": 24, "H7X008": 61, "H7Y001": 2098, "H7Y002": 2058, "HISP": 40, "C_X": -1606560.2338806903, "C_Y": 1313762.006350001, "id": 42397}, {"boundary_node": false, "area": 3315801.953324171, "STATEFP10": "53", "COUNTYFP10": "063", "TRACTCE10": "003800", "GEOID10": "53063003800", "NAME10": "38", "NAMELSAD10": "Census Tract 38", "MTFCC10": "G5020", "FUNCSTAT10": "S", "ALAND10": 3315800, "AWATER10": 0, "INTPTLAT10": "+47.6481409", "INTPTLON10": "-117.4650778", "GISJOIN": "G5300630003800", "Shape_area": 3315801.95332, "Shape_len": 8638.81276862, "YEAR": 2010, "REGIONA": 4, "DIVISIONA": 9, "STATE": "Washington", "STATEA": 53, "COUNTY": "Spokane County", "COUNTYA": 63, "COUSUBA": NaN, "PLACEA": NaN, "TRACTA": 3800, "BLKGRPA": NaN, "BLOCKA": NaN, "CONCITA": NaN, "AIANHHA": NaN, "RES_ONLYA": NaN, "TRUSTA": NaN, "AITSCEA": NaN, "TTRACTA": NaN, "TBLKGRPA": NaN, "ANRCA": NaN, "CBSAA": 44060, "METDIVA": 99999, "CSAA": 999, "NECTAA": NaN, "NECTADIVA": NaN, "CNECTAA": NaN, "UAA": NaN, "URBRURALA": NaN, "CDA": NaN, "SLDUA": NaN, "SLDLA": NaN, "ZCTA5A": NaN, "SUBMCDA": NaN, "SDELMA": NaN, "SDSECA": NaN, "SDUNIA": NaN, "NAME": "Census Tract 38", "SABINSA": NaN, "TOTPOP": 1746, "H7X001": 1746, "WHITE": 1502, "BLACK": 50, "AIAN": 36, "ASIAN": 46, "NHPI": 7, "H7X007": 28, "H7X008": 77, "H7Y001": 1746, "H7Y002": 1668, "HISP": 78, "C_X": -1609878.705569868, "C_Y": 1315031.7702499987, "id": 42414}, {"boundary_node": true, "boundary_perim": 2257.1600787483076, "area": 31899550.804970656, "STATEFP10": "53", "COUNTYFP10": "063", "TRACTCE10": "013600", "GEOID10": "53063013600", "NAME10": "136", "NAMELSAD10": "Census Tract 136", "MTFCC10": "G5020", "FUNCSTAT10": "S", "ALAND10": 31899553, "AWATER10": 0, "INTPTLAT10": "+47.6054260", "INTPTLON10": "-117.4835800", "GISJOIN": "G5300630013600", "Shape_area": 31899550.805, "Shape_len": 30621.8470087, "YEAR": 2010, "REGIONA": 4, "DIVISIONA": 9, "STATE": "Washington", "STATEA": 53, "COUNTY": "Spokane County", "COUNTYA": 63, "COUSUBA": NaN, "PLACEA": NaN, "TRACTA": 13600, "BLKGRPA": NaN, "BLOCKA": NaN, "CONCITA": NaN, "AIANHHA": NaN, "RES_ONLYA": NaN, "TRUSTA": NaN, "AITSCEA": NaN, "TTRACTA": NaN, "TBLKGRPA": NaN, "ANRCA": NaN, "CBSAA": 44060, "METDIVA": 99999, "CSAA": 999, "NECTAA": NaN, "NECTADIVA": NaN, "CNECTAA": NaN, "UAA": NaN, "URBRURALA": NaN, "CDA": NaN, "SLDUA": NaN, "SLDLA": NaN, "ZCTA5A": NaN, "SUBMCDA": NaN, "SDELMA": NaN, "SDSECA": NaN, "SDUNIA": NaN, "NAME": "Census Tract 136", "SABINSA": NaN, "TOTPOP": 4101, "H7X001": 4101, "WHITE": 3671, "BLACK": 59, "AIAN": 60, "ASIAN": 90, "NHPI": 7, "H7X007": 30, "H7X008": 184, "H7Y001": 4101, "H7Y002": 3956, "HISP": 145, "C_X": -1613416.9047559178, "C_Y": 1310708.2559500008, "id": 42423}, {"boundary_node": false, "area": 2154895.4429950793, "STATEFP10": "53", "COUNTYFP10": "063", "TRACTCE10": "000700", "GEOID10": "53063000700", "NAME10": "7", "NAMELSAD10": "Census Tract 7", "MTFCC10": "G5020", "FUNCSTAT10": "S", "ALAND10": 2154893, "AWATER10": 0, "INTPTLAT10": "+47.7080925", "INTPTLON10": "-117.4451911", "GISJOIN": "G5300630000700", "Shape_area": 2154895.443, "Shape_len": 5901.03586654, "YEAR": 2010, "REGIONA": 4, "DIVISIONA": 9, "STATE": "Washington", "STATEA": 53, "COUNTY": "Spokane County", "COUNTYA": 63, "COUSUBA": NaN, "PLACEA": NaN, "TRACTA": 700, "BLKGRPA": NaN, "BLOCKA": NaN, "CONCITA": NaN, "AIANHHA": NaN, "RES_ONLYA": NaN, "TRUSTA": NaN, "AITSCEA": NaN, "TTRACTA": NaN, "TBLKGRPA": NaN, "ANRCA": NaN, "CBSAA": 44060, "METDIVA": 99999, "CSAA": 999, "NECTAA": NaN, "NECTADIVA": NaN, "CNECTAA": NaN, "UAA": NaN, "URBRURALA": NaN, "CDA": NaN, "SLDUA": NaN, "SLDLA": NaN, "ZCTA5A": NaN, "SUBMCDA": NaN, "SDELMA": NaN, "SDSECA": NaN, "SDUNIA": NaN, "NAME": "Census Tract 7", "SABINSA": NaN, "TOTPOP": 4978, "H7X001": 4978, "WHITE": 4490, "BLACK": 81, "AIAN": 70, "ASIAN": 56, "NHPI": 12, "H7X007": 53, "H7X008": 216, "H7Y001": 4978, "H7Y002": 4798, "HISP": 180, "C_X": -1607193.9409077768, "C_Y": 1321266.1685, "id": 42427}, {"boundary_node": false, "area": 2290103.0584770106, "STATEFP10": "53", "COUNTYFP10": "063", "TRACTCE10": "001500", "GEOID10": "53063001500", "NAME10": "15", "NAMELSAD10": "Census Tract 15", "MTFCC10": "G5020", "FUNCSTAT10": "S", "ALAND10": 2290108, "AWATER10": 0, "INTPTLAT10": "+47.6920183", "INTPTLON10": "-117.3876644", "GISJOIN": "G5300630001500", "Shape_area": 2290103.05848, "Shape_len": 6865.87362504, "YEAR": 2010, "REGIONA": 4, "DIVISIONA": 9, "STATE": "Washington", "STATEA": 53, "COUNTY": "Spokane County", "COUNTYA": 63, "COUSUBA": NaN, "PLACEA": NaN, "TRACTA": 1500, "BLKGRPA": NaN, "BLOCKA": NaN, "CONCITA": NaN, "AIANHHA": NaN, "RES_ONLYA": NaN, "TRUSTA": NaN, "AITSCEA": NaN, "TTRACTA": NaN, "TBLKGRPA": NaN, "ANRCA": NaN, "CBSAA": 44060, "METDIVA": 99999, "CSAA": 999, "NECTAA": NaN, "NECTADIVA": NaN, "CNECTAA": NaN, "UAA": NaN, "URBRURALA": NaN, "CDA": NaN, "SLDUA": NaN, "SLDLA": NaN, "ZCTA5A": NaN, "SUBMCDA": NaN, "SDELMA": NaN, "SDSECA": NaN, "SDUNIA": NaN, "NAME": "Census Tract 15", "SABINSA": NaN, "TOTPOP": 5587, "H7X001": 5587, "WHITE": 4672, "BLACK": 125, "AIAN": 166, "ASIAN": 133, "NHPI": 65, "H7X007": 61, "H7X008": 365, "H7Y001": 5587, "H7Y002": 5239, "HISP": 348, "C_X": -1603306.6463625215, "C_Y": 1318551.9682500013, "id": 42449}, {"boundary_node": false, "area": 1782239.6711300886, "STATEFP10": "53", "COUNTYFP10": "063", "TRACTCE10": "002000", "GEOID10": "53063002000", "NAME10": "20", "NAMELSAD10": "Census Tract 20", "MTFCC10": "G5020", "FUNCSTAT10": "S", "ALAND10": 1782238, "AWATER10": 0, "INTPTLAT10": "+47.6784159", "INTPTLON10": "-117.4317133", "GISJOIN": "G5300630002000", "Shape_area": 1782239.67113, "Shape_len": 6624.19442466, "YEAR": 2010, "REGIONA": 4, "DIVISIONA": 9, "STATE": "Washington", "STATEA": 53, "COUNTY": "Spokane County", "COUNTYA": 63, "COUSUBA": NaN, "PLACEA": NaN, "TRACTA": 2000, "BLKGRPA": NaN, "BLOCKA": NaN, "CONCITA": NaN, "AIANHHA": NaN, "RES_ONLYA": NaN, "TRUSTA": NaN, "AITSCEA": NaN, "TTRACTA": NaN, "TBLKGRPA": NaN, "ANRCA": NaN, "CBSAA": 44060, "METDIVA": 99999, "CSAA": 999, "NECTAA": NaN, "NECTADIVA": NaN, "CNECTAA": NaN, "UAA": NaN, "URBRURALA": NaN, "CDA": NaN, "SLDUA": NaN, "SLDLA": NaN, "ZCTA5A": NaN, "SUBMCDA": NaN, "SDELMA": NaN, "SDSECA": NaN, "SDUNIA": NaN, "NAME": "Census Tract 20", "SABINSA": NaN, "TOTPOP": 4205, "H7X001": 4205, "WHITE": 3438, "BLACK": 119, "AIAN": 193, "ASIAN": 76, "NHPI": 18, "H7X007": 112, "H7X008": 249, "H7Y001": 4205, "H7Y002": 3892, "HISP": 313, "C_X": -1606930.7279970027, "C_Y": 1317897.9545000007, "id": 42450}, {"boundary_node": false, "area": 2744011.444718936, "STATEFP10": "53", "COUNTYFP10": "063", "TRACTCE10": "002300", "GEOID10": "53063002300", "NAME10": "23", "NAMELSAD10": "Census Tract 23", "MTFCC10": "G5020", "FUNCSTAT10": "S", "ALAND10": 2519306, "AWATER10": 224703, "INTPTLAT10": "+47.6668625", "INTPTLON10": "-117.4498224", "GISJOIN": "G5300630002300", "Shape_area": 2744011.44472, "Shape_len": 9224.49989429, "YEAR": 2010, "REGIONA": 4, "DIVISIONA": 9, "STATE": "Washington", "STATEA": 53, "COUNTY": "Spokane County", "COUNTYA": 63, "COUSUBA": NaN, "PLACEA": NaN, "TRACTA": 2300, "BLKGRPA": NaN, "BLOCKA": NaN, "CONCITA": NaN, "AIANHHA": NaN, "RES_ONLYA": NaN, "TRUSTA": NaN, "AITSCEA": NaN, "TTRACTA": NaN, "TBLKGRPA": NaN, "ANRCA": NaN, "CBSAA": 44060, "METDIVA": 99999, "CSAA": 999, "NECTAA": NaN, "NECTADIVA": NaN, "CNECTAA": NaN, "UAA": NaN, "URBRURALA": NaN, "CDA": NaN, "SLDUA": NaN, "SLDLA": NaN, "ZCTA5A": NaN, "SUBMCDA": NaN, "SDELMA": NaN, "SDSECA": NaN, "SDUNIA": NaN, "NAME": "Census Tract 23", "SABINSA": NaN, "TOTPOP": 5073, "H7X001": 5073, "WHITE": 4138, "BLACK": 199, "AIAN": 217, "ASIAN": 45, "NHPI": 13, "H7X007": 78, "H7X008": 383, "H7Y001": 5073, "H7Y002": 4776, "HISP": 297, "C_X": -1608734.6740928958, "C_Y": 1317166.3480999991, "id": 42840}, {"boundary_node": false, "area": 2165635.7490236233, "STATEFP10": "53", "COUNTYFP10": "063", "TRACTCE10": "002400", "GEOID10": "53063002400", "NAME10": "24", "NAMELSAD10": "Census Tract 24", "MTFCC10": "G5020", "FUNCSTAT10": "S", "ALAND10": 2092899, "AWATER10": 72732, "INTPTLAT10": "+47.6667098", "INTPTLON10": "-117.4230915", "GISJOIN": "G5300630002400", "Shape_area": 2165635.74902, "Shape_len": 7097.06012172, "YEAR": 2010, "REGIONA": 4, "DIVISIONA": 9, "STATE": "Washington", "STATEA": 53, "COUNTY": "Spokane County", "COUNTYA": 63, "COUSUBA": NaN, "PLACEA": NaN, "TRACTA": 2400, "BLKGRPA": NaN, "BLOCKA": NaN, "CONCITA": NaN, "AIANHHA": NaN, "RES_ONLYA": NaN, "TRUSTA": NaN, "AITSCEA": NaN, "TTRACTA": NaN, "TBLKGRPA": NaN, "ANRCA": NaN, "CBSAA": 44060, "METDIVA": 99999, "CSAA": 999, "NECTAA": NaN, "NECTADIVA": NaN, "CNECTAA": NaN, "UAA": NaN, "URBRURALA": NaN, "CDA": NaN, "SLDUA": NaN, "SLDLA": NaN, "ZCTA5A": NaN, "SUBMCDA": NaN, "SDELMA": NaN, "SDSECA": NaN, "SDUNIA": NaN, "NAME": "Census Tract 24", "SABINSA": NaN, "TOTPOP": 2484, "H7X001": 2484, "WHITE": 2002, "BLACK": 114, "AIAN": 126, "ASIAN": 47, "NHPI": 15, "H7X007": 45, "H7X008": 135, "H7Y001": 2484, "H7Y002": 2238, "HISP": 246, "C_X": -1606624.8108583796, "C_Y": 1316600.45435, "id": 42841}, {"boundary_node": false, "area": 2624442.01895365, "STATEFP10": "53", "COUNTYFP10": "063", "TRACTCE10": "004500", "GEOID10": "53063004500", "NAME10": "45", "NAMELSAD10": "Census Tract 45", "MTFCC10": "G5020", "FUNCSTAT10": "S", "ALAND10": 2595305, "AWATER10": 29141, "INTPTLAT10": "+47.6334928", "INTPTLON10": "-117.3914198", "GISJOIN": "G5300630004500", "Shape_area": 2624442.01895, "Shape_len": 7190.26687503, "YEAR": 2010, "REGIONA": 4, "DIVISIONA": 9, "STATE": "Washington", "STATEA": 53, "COUNTY": "Spokane County", "COUNTYA": 63, "COUSUBA": NaN, "PLACEA": NaN, "TRACTA": 4500, "BLKGRPA": NaN, "BLOCKA": NaN, "CONCITA": NaN, "AIANHHA": NaN, "RES_ONLYA": NaN, "TRUSTA": NaN, "AITSCEA": NaN, "TTRACTA": NaN, "TBLKGRPA": NaN, "ANRCA": NaN, "CBSAA": 44060, "METDIVA": 99999, "CSAA": 999, "NECTAA": NaN, "NECTADIVA": NaN, "CNECTAA": NaN, "UAA": NaN, "URBRURALA": NaN, "CDA": NaN, "SLDUA": NaN, "SLDLA": NaN, "ZCTA5A": NaN, "SUBMCDA": NaN, "SDELMA": NaN, "SDSECA": NaN, "SDUNIA": NaN, "NAME": "Census Tract 45", "SABINSA": NaN, "TOTPOP": 3564, "H7X001": 3564, "WHITE": 3333, "BLACK": 23, "AIAN": 40, "ASIAN": 57, "NHPI": 3, "H7X007": 20, "H7X008": 88, "H7Y001": 3564, "H7Y002": 3453, "HISP": 111, "C_X": -1605017.4188313682, "C_Y": 1312451.4648500008, "id": 42861}, {"boundary_node": false, "area": 1965307.562800208, "STATEFP10": "53", "COUNTYFP10": "063", "TRACTCE10": "011000", "GEOID10": "53063011000", "NAME10": "110", "NAMELSAD10": "Census Tract 110", "MTFCC10": "G5020", "FUNCSTAT10": "S", "ALAND10": 1965308, "AWATER10": 0, "INTPTLAT10": "+47.7209799", "INTPTLON10": "-117.4237552", "GISJOIN": "G5300630011000", "Shape_area": 1965307.5628, "Shape_len": 7036.83447727, "YEAR": 2010, "REGIONA": 4, "DIVISIONA": 9, "STATE": "Washington", "STATEA": 53, "COUNTY": "Spokane County", "COUNTYA": 63, "COUSUBA": NaN, "PLACEA": NaN, "TRACTA": 11000, "BLKGRPA": NaN, "BLOCKA": NaN, "CONCITA": NaN, "AIANHHA": NaN, "RES_ONLYA": NaN, "TRUSTA": NaN, "AITSCEA": NaN, "TTRACTA": NaN, "TBLKGRPA": NaN, "ANRCA": NaN, "CBSAA": 44060, "METDIVA": 99999, "CSAA": 999, "NECTAA": NaN, "NECTADIVA": NaN, "CNECTAA": NaN, "UAA": NaN, "URBRURALA": NaN, "CDA": NaN, "SLDUA": NaN, "SLDLA": NaN, "ZCTA5A": NaN, "SUBMCDA": NaN, "SDELMA": NaN, "SDSECA": NaN, "SDUNIA": NaN, "NAME": "Census Tract 110", "SABINSA": NaN, "TOTPOP": 3583, "H7X001": 3583, "WHITE": 3153, "BLACK": 53, "AIAN": 37, "ASIAN": 41, "NHPI": 81, "H7X007": 77, "H7X008": 141, "H7Y001": 3583, "H7Y002": 3408, "HISP": 175, "C_X": -1605485.4666441916, "C_Y": 1322531.7398500023, "id": 42862}, {"boundary_node": false, "area": 8012180.221472015, "STATEFP10": "53", "COUNTYFP10": "063", "TRACTCE10": "014500", "GEOID10": "53063014500", "NAME10": "145", "NAMELSAD10": "Census Tract 145", "MTFCC10": "G5020", "FUNCSTAT10": "S", "ALAND10": 7876425, "AWATER10": 135756, "INTPTLAT10": "+47.6604055", "INTPTLON10": "-117.3718550", "GISJOIN": "G5300630014500", "Shape_area": 8012180.22147, "Shape_len": 15720.3373974, "YEAR": 2010, "REGIONA": 4, "DIVISIONA": 9, "STATE": "Washington", "STATEA": 53, "COUNTY": "Spokane County", "COUNTYA": 63, "COUSUBA": NaN, "PLACEA": NaN, "TRACTA": 14500, "BLKGRPA": NaN, "BLOCKA": NaN, "CONCITA": NaN, "AIANHHA": NaN, "RES_ONLYA": NaN, "TRUSTA": NaN, "AITSCEA": NaN, "TTRACTA": NaN, "TBLKGRPA": NaN, "ANRCA": NaN, "CBSAA": 44060, "METDIVA": 99999, "CSAA": 999, "NECTAA": NaN, "NECTADIVA": NaN, "CNECTAA": NaN, "UAA": NaN, "URBRURALA": NaN, "CDA": NaN, "SLDUA": NaN, "SLDLA": NaN, "ZCTA5A": NaN, "SUBMCDA": NaN, "SDELMA": NaN, "SDSECA": NaN, "SDUNIA": NaN, "NAME": "Census Tract 145", "SABINSA": NaN, "TOTPOP": 2104, "H7X001": 2104, "WHITE": 1653, "BLACK": 113, "AIAN": 76, "ASIAN": 51, "NHPI": 18, "H7X007": 48, "H7X008": 145, "H7Y001": 2104, "H7Y002": 1946, "HISP": 158, "C_X": -1603439.849971748, "C_Y": 1315239.46105, "id": 42863}, {"boundary_node": true, "boundary_perim": 42354.45551716233, "area": 74566973.54547971, "STATEFP10": "53", "COUNTYFP10": "063", "TRACTCE10": "010503", "GEOID10": "53063010503", "NAME10": "105.03", "NAMELSAD10": "Census Tract 105.03", "MTFCC10": "G5020", "FUNCSTAT10": "S", "ALAND10": 74190692, "AWATER10": 376272, "INTPTLAT10": "+47.7927800", "INTPTLON10": "-117.4998864", "GISJOIN": "G5300630010503", "Shape_area": 74566973.5455, "Shape_len": 52097.4694068, "YEAR": 2010, "REGIONA": 4, "DIVISIONA": 9, "STATE": "Washington", "STATEA": 53, "COUNTY": "Spokane County", "COUNTYA": 63, "COUSUBA": NaN, "PLACEA": NaN, "TRACTA": 10503, "BLKGRPA": NaN, "BLOCKA": NaN, "CONCITA": NaN, "AIANHHA": NaN, "RES_ONLYA": NaN, "TRUSTA": NaN, "AITSCEA": NaN, "TTRACTA": NaN, "TBLKGRPA": NaN, "ANRCA": NaN, "CBSAA": 44060, "METDIVA": 99999, "CSAA": 999, "NECTAA": NaN, "NECTADIVA": NaN, "CNECTAA": NaN, "UAA": NaN, "URBRURALA": NaN, "CDA": NaN, "SLDUA": NaN, "SLDLA": NaN, "ZCTA5A": NaN, "SUBMCDA": NaN, "SDELMA": NaN, "SDSECA": NaN, "SDUNIA": NaN, "NAME": "Census Tract 105.03", "SABINSA": NaN, "TOTPOP": 6701, "H7X001": 6701, "WHITE": 6283, "BLACK": 32, "AIAN": 44, "ASIAN": 143, "NHPI": 10, "H7X007": 46, "H7X008": 143, "H7Y001": 6701, "H7Y002": 6517, "HISP": 184, "C_X": -1607251.7468594203, "C_Y": 1331096.4391000005, "id": 42864}, {"boundary_node": false, "area": 3973957.3648061645, "STATEFP10": "53", "COUNTYFP10": "063", "TRACTCE10": "004900", "GEOID10": "53063004900", "NAME10": "49", "NAMELSAD10": "Census Tract 49", "MTFCC10": "G5020", "FUNCSTAT10": "S", "ALAND10": 3973958, "AWATER10": 0, "INTPTLAT10": "+47.6062713", "INTPTLON10": "-117.3829076", "GISJOIN": "G5300630004900", "Shape_area": 3973957.36481, "Shape_len": 11929.538689, "YEAR": 2010, "REGIONA": 4, "DIVISIONA": 9, "STATE": "Washington", "STATEA": 53, "COUNTY": "Spokane County", "COUNTYA": 63, "COUSUBA": NaN, "PLACEA": NaN, "TRACTA": 4900, "BLKGRPA": NaN, "BLOCKA": NaN, "CONCITA": NaN, "AIANHHA": NaN, "RES_ONLYA": NaN, "TRUSTA": NaN, "AITSCEA": NaN, "TTRACTA": NaN, "TBLKGRPA": NaN, "ANRCA": NaN, "CBSAA": 44060, "METDIVA": 99999, "CSAA": 999, "NECTAA": NaN, "NECTADIVA": NaN, "CNECTAA": NaN, "UAA": NaN, "URBRURALA": NaN, "CDA": NaN, "SLDUA": NaN, "SLDLA": NaN, "ZCTA5A": NaN, "SUBMCDA": NaN, "SDELMA": NaN, "SDSECA": NaN, "SDUNIA": NaN, "NAME": "Census Tract 49", "SABINSA": NaN, "TOTPOP": 5550, "H7X001": 5550, "WHITE": 5076, "BLACK": 95, "AIAN": 43, "ASIAN": 129, "NHPI": 3, "H7X007": 53, "H7X008": 151, "H7Y001": 5550, "H7Y002": 5336, "HISP": 214, "C_X": -1605139.4538131733, "C_Y": 1309509.9742999987, "id": 42879}, {"boundary_node": true, "boundary_perim": 5579.819753475833, "area": 20088249.06367662, "STATEFP10": "53", "COUNTYFP10": "063", "TRACTCE10": "013401", "GEOID10": "53063013401", "NAME10": "134.01", "NAMELSAD10": "Census Tract 134.01", "MTFCC10": "G5020", "FUNCSTAT10": "S", "ALAND10": 20088251, "AWATER10": 0, "INTPTLAT10": "+47.6128554", "INTPTLON10": "-117.3242831", "GISJOIN": "G5300630013401", "Shape_area": 20088249.0637, "Shape_len": 22307.3809443, "YEAR": 2010, "REGIONA": 4, "DIVISIONA": 9, "STATE": "Washington", "STATEA": 53, "COUNTY": "Spokane County", "COUNTYA": 63, "COUSUBA": NaN, "PLACEA": NaN, "TRACTA": 13401, "BLKGRPA": NaN, "BLOCKA": NaN, "CONCITA": NaN, "AIANHHA": NaN, "RES_ONLYA": NaN, "TRUSTA": NaN, "AITSCEA": NaN, "TTRACTA": NaN, "TBLKGRPA": NaN, "ANRCA": NaN, "CBSAA": 44060, "METDIVA": 99999, "CSAA": 999, "NECTAA": NaN, "NECTADIVA": NaN, "CNECTAA": NaN, "UAA": NaN, "URBRURALA": NaN, "CDA": NaN, "SLDUA": NaN, "SLDLA": NaN, "ZCTA5A": NaN, "SUBMCDA": NaN, "SDELMA": NaN, "SDSECA": NaN, "SDUNIA": NaN, "NAME": "Census Tract 134.01", "SABINSA": NaN, "TOTPOP": 4656, "H7X001": 4656, "WHITE": 4243, "BLACK": 71, "AIAN": 25, "ASIAN": 142, "NHPI": 4, "H7X007": 20, "H7X008": 151, "H7Y001": 4656, "H7Y002": 4547, "HISP": 109, "C_X": -1600698.1499507856, "C_Y": 1308727.7522500004, "id": 42881}, {"boundary_node": false, "area": 1970736.0681502745, "STATEFP10": "53", "COUNTYFP10": "063", "TRACTCE10": "000300", "GEOID10": "53063000300", "NAME10": "3", "NAMELSAD10": "Census Tract 3", "MTFCC10": "G5020", "FUNCSTAT10": "S", "ALAND10": 1970738, "AWATER10": 0, "INTPTLAT10": "+47.7078414", "INTPTLON10": "-117.3870149", "GISJOIN": "G5300630000300", "Shape_area": 1970736.06815, "Shape_len": 5658.5147032, "YEAR": 2010, "REGIONA": 4, "DIVISIONA": 9, "STATE": "Washington", "STATEA": 53, "COUNTY": "Spokane County", "COUNTYA": 63, "COUSUBA": NaN, "PLACEA": NaN, "TRACTA": 300, "BLKGRPA": NaN, "BLOCKA": NaN, "CONCITA": NaN, "AIANHHA": NaN, "RES_ONLYA": NaN, "TRUSTA": NaN, "AITSCEA": NaN, "TTRACTA": NaN, "TBLKGRPA": NaN, "ANRCA": NaN, "CBSAA": 44060, "METDIVA": 99999, "CSAA": 999, "NECTAA": NaN, "NECTADIVA": NaN, "CNECTAA": NaN, "UAA": NaN, "URBRURALA": NaN, "CDA": NaN, "SLDUA": NaN, "SLDLA": NaN, "ZCTA5A": NaN, "SUBMCDA": NaN, "SDELMA": NaN, "SDSECA": NaN, "SDUNIA": NaN, "NAME": "Census Tract 3", "SABINSA": NaN, "TOTPOP": 5408, "H7X001": 5408, "WHITE": 4463, "BLACK": 147, "AIAN": 160, "ASIAN": 126, "NHPI": 115, "H7X007": 128, "H7X008": 269, "H7Y001": 5408, "H7Y002": 5089, "HISP": 319, "C_X": -1602910.484793879, "C_Y": 1320261.4343999997, "id": 42891}, {"boundary_node": false, "area": 1921286.91344805, "STATEFP10": "53", "COUNTYFP10": "063", "TRACTCE10": "000400", "GEOID10": "53063000400", "NAME10": "4", "NAMELSAD10": "Census Tract 4", "MTFCC10": "G5020", "FUNCSTAT10": "S", "ALAND10": 1921284, "AWATER10": 0, "INTPTLAT10": "+47.7078654", "INTPTLON10": "-117.4032216", "GISJOIN": "G5300630000400", "Shape_area": 1921286.91345, "Shape_len": 5594.57252647, "YEAR": 2010, "REGIONA": 4, "DIVISIONA": 9, "STATE": "Washington", "STATEA": 53, "COUNTY": "Spokane County", "COUNTYA": 63, "COUSUBA": NaN, "PLACEA": NaN, "TRACTA": 400, "BLKGRPA": NaN, "BLOCKA": NaN, "CONCITA": NaN, "AIANHHA": NaN, "RES_ONLYA": NaN, "TRUSTA": NaN, "AITSCEA": NaN, "TTRACTA": NaN, "TBLKGRPA": NaN, "ANRCA": NaN, "CBSAA": 44060, "METDIVA": 99999, "CSAA": 999, "NECTAA": NaN, "NECTADIVA": NaN, "CNECTAA": NaN, "UAA": NaN, "URBRURALA": NaN, "CDA": NaN, "SLDUA": NaN, "SLDLA": NaN, "ZCTA5A": NaN, "SUBMCDA": NaN, "SDELMA": NaN, "SDSECA": NaN, "SDUNIA": NaN, "NAME": "Census Tract 4", "SABINSA": NaN, "TOTPOP": 4110, "H7X001": 4110, "WHITE": 3325, "BLACK": 111, "AIAN": 134, "ASIAN": 150, "NHPI": 69, "H7X007": 99, "H7X008": 222, "H7Y001": 4110, "H7Y002": 3795, "HISP": 315, "C_X": -1604106.0604456277, "C_Y": 1320552.1523, "id": 42892}, {"boundary_node": false, "area": 2651372.4072142052, "STATEFP10": "53", "COUNTYFP10": "063", "TRACTCE10": "004200", "GEOID10": "53063004200", "NAME10": "42", "NAMELSAD10": "Census Tract 42", "MTFCC10": "G5020", "FUNCSTAT10": "S", "ALAND10": 2651375, "AWATER10": 0, "INTPTLAT10": "+47.6340716", "INTPTLON10": "-117.4184943", "GISJOIN": "G5300630004200", "Shape_area": 2651372.40721, "Shape_len": 7667.91700952, "YEAR": 2010, "REGIONA": 4, "DIVISIONA": 9, "STATE": "Washington", "STATEA": 53, "COUNTY": "Spokane County", "COUNTYA": 63, "COUSUBA": NaN, "PLACEA": NaN, "TRACTA": 4200, "BLKGRPA": NaN, "BLOCKA": NaN, "CONCITA": NaN, "AIANHHA": NaN, "RES_ONLYA": NaN, "TRUSTA": NaN, "AITSCEA": NaN, "TTRACTA": NaN, "TBLKGRPA": NaN, "ANRCA": NaN, "CBSAA": 44060, "METDIVA": 99999, "CSAA": 999, "NECTAA": NaN, "NECTADIVA": NaN, "CNECTAA": NaN, "UAA": NaN, "URBRURALA": NaN, "CDA": NaN, "SLDUA": NaN, "SLDLA": NaN, "ZCTA5A": NaN, "SUBMCDA": NaN, "SDELMA": NaN, "SDSECA": NaN, "SDUNIA": NaN, "NAME": "Census Tract 42", "SABINSA": NaN, "TOTPOP": 4739, "H7X001": 4739, "WHITE": 4470, "BLACK": 39, "AIAN": 21, "ASIAN": 46, "NHPI": 3, "H7X007": 20, "H7X008": 140, "H7Y001": 4739, "H7Y002": 4600, "HISP": 139, "C_X": -1607044.6980764011, "C_Y": 1312922.3133500016, "id": 42965}, {"boundary_node": false, "area": 2038229.1066961074, "STATEFP10": "53", "COUNTYFP10": "063", "TRACTCE10": "004400", "GEOID10": "53063004400", "NAME10": "44", "NAMELSAD10": "Census Tract 44", "MTFCC10": "G5020", "FUNCSTAT10": "S", "ALAND10": 2038232, "AWATER10": 0, "INTPTLAT10": "+47.6210565", "INTPTLON10": "-117.3932263", "GISJOIN": "G5300630004400", "Shape_area": 2038229.1067, "Shape_len": 6230.73547646, "YEAR": 2010, "REGIONA": 4, "DIVISIONA": 9, "STATE": "Washington", "STATEA": 53, "COUNTY": "Spokane County", "COUNTYA": 63, "COUSUBA": NaN, "PLACEA": NaN, "TRACTA": 4400, "BLKGRPA": NaN, "BLOCKA": NaN, "CONCITA": NaN, "AIANHHA": NaN, "RES_ONLYA": NaN, "TRUSTA": NaN, "AITSCEA": NaN, "TTRACTA": NaN, "TBLKGRPA": NaN, "ANRCA": NaN, "CBSAA": 44060, "METDIVA": 99999, "CSAA": 999, "NECTAA": NaN, "NECTADIVA": NaN, "CNECTAA": NaN, "UAA": NaN, "URBRURALA": NaN, "CDA": NaN, "SLDUA": NaN, "SLDLA": NaN, "ZCTA5A": NaN, "SUBMCDA": NaN, "SDELMA": NaN, "SDSECA": NaN, "SDUNIA": NaN, "NAME": "Census Tract 44", "SABINSA": NaN, "TOTPOP": 4318, "H7X001": 4318, "WHITE": 3939, "BLACK": 42, "AIAN": 44, "ASIAN": 101, "NHPI": 6, "H7X007": 56, "H7X008": 130, "H7Y001": 4318, "H7Y002": 4146, "HISP": 172, "C_X": -1605517.7306975978, "C_Y": 1311023.0543500013, "id": 42966}, {"boundary_node": false, "area": 3996322.092354223, "STATEFP10": "53", "COUNTYFP10": "063", "TRACTCE10": "001000", "GEOID10": "53063001000", "NAME10": "10", "NAMELSAD10": "Census Tract 10", "MTFCC10": "G5020", "FUNCSTAT10": "S", "ALAND10": 3820840, "AWATER10": 175482, "INTPTLAT10": "+47.6968414", "INTPTLON10": "-117.4739935", "GISJOIN": "G5300630001000", "Shape_area": 3996322.09235, "Shape_len": 12218.8256114, "YEAR": 2010, "REGIONA": 4, "DIVISIONA": 9, "STATE": "Washington", "STATEA": 53, "COUNTY": "Spokane County", "COUNTYA": 63, "COUSUBA": NaN, "PLACEA": NaN, "TRACTA": 1000, "BLKGRPA": NaN, "BLOCKA": NaN, "CONCITA": NaN, "AIANHHA": NaN, "RES_ONLYA": NaN, "TRUSTA": NaN, "AITSCEA": NaN, "TTRACTA": NaN, "TBLKGRPA": NaN, "ANRCA": NaN, "CBSAA": 44060, "METDIVA": 99999, "CSAA": 999, "NECTAA": NaN, "NECTADIVA": NaN, "CNECTAA": NaN, "UAA": NaN, "URBRURALA": NaN, "CDA": NaN, "SLDUA": NaN, "SLDLA": NaN, "ZCTA5A": NaN, "SUBMCDA": NaN, "SDELMA": NaN, "SDSECA": NaN, "SDUNIA": NaN, "NAME": "Census Tract 10", "SABINSA": NaN, "TOTPOP": 5522, "H7X001": 5522, "WHITE": 5081, "BLACK": 52, "AIAN": 54, "ASIAN": 61, "NHPI": 6, "H7X007": 42, "H7X008": 226, "H7Y001": 5522, "H7Y002": 5299, "HISP": 223, "C_X": -1608769.8883310035, "C_Y": 1319844.9149500004, "id": 43002}, {"boundary_node": false, "area": 8223708.400350741, "STATEFP10": "53", "COUNTYFP10": "063", "TRACTCE10": "010602", "GEOID10": "53063010602", "NAME10": "106.02", "NAMELSAD10": "Census Tract 106.02", "MTFCC10": "G5020", "FUNCSTAT10": "S", "ALAND10": 8223711, "AWATER10": 0, "INTPTLAT10": "+47.7432254", "INTPTLON10": "-117.4892877", "GISJOIN": "G5300630010602", "Shape_area": 8223708.40035, "Shape_len": 14444.5353842, "YEAR": 2010, "REGIONA": 4, "DIVISIONA": 9, "STATE": "Washington", "STATEA": 53, "COUNTY": "Spokane County", "COUNTYA": 63, "COUSUBA": NaN, "PLACEA": NaN, "TRACTA": 10602, "BLKGRPA": NaN, "BLOCKA": NaN, "CONCITA": NaN, "AIANHHA": NaN, "RES_ONLYA": NaN, "TRUSTA": NaN, "AITSCEA": NaN, "TTRACTA": NaN, "TBLKGRPA": NaN, "ANRCA": NaN, "CBSAA": 44060, "METDIVA": 99999, "CSAA": 999, "NECTAA": NaN, "NECTADIVA": NaN, "CNECTAA": NaN, "UAA": NaN, "URBRURALA": NaN, "CDA": NaN, "SLDUA": NaN, "SLDLA": NaN, "ZCTA5A": NaN, "SUBMCDA": NaN, "SDELMA": NaN, "SDSECA": NaN, "SDUNIA": NaN, "NAME": "Census Tract 106.02", "SABINSA": NaN, "TOTPOP": 7418, "H7X001": 7418, "WHITE": 6835, "BLACK": 67, "AIAN": 61, "ASIAN": 172, "NHPI": 25, "H7X007": 57, "H7X008": 201, "H7Y001": 7418, "H7Y002": 7137, "HISP": 281, "C_X": -1609312.4777139728, "C_Y": 1325633.1714999997, "id": 43003}, {"boundary_node": false, "area": 2104252.4993619015, "STATEFP10": "53", "COUNTYFP10": "063", "TRACTCE10": "001600", "GEOID10": "53063001600", "NAME10": "16", "NAMELSAD10": "Census Tract 16", "MTFCC10": "G5020", "FUNCSTAT10": "S", "ALAND10": 2104249, "AWATER10": 0, "INTPTLAT10": "+47.6923217", "INTPTLON10": "-117.3712137", "GISJOIN": "G5300630001600", "Shape_area": 2104252.49936, "Shape_len": 5983.82993237, "YEAR": 2010, "REGIONA": 4, "DIVISIONA": 9, "STATE": "Washington", "STATEA": 53, "COUNTY": "Spokane County", "COUNTYA": 63, "COUSUBA": NaN, "PLACEA": NaN, "TRACTA": 1600, "BLKGRPA": NaN, "BLOCKA": NaN, "CONCITA": NaN, "AIANHHA": NaN, "RES_ONLYA": NaN, "TRUSTA": NaN, "AITSCEA": NaN, "TTRACTA": NaN, "TBLKGRPA": NaN, "ANRCA": NaN, "CBSAA": 44060, "METDIVA": 99999, "CSAA": 999, "NECTAA": NaN, "NECTADIVA": NaN, "CNECTAA": NaN, "UAA": NaN, "URBRURALA": NaN, "CDA": NaN, "SLDUA": NaN, "SLDLA": NaN, "ZCTA5A": NaN, "SUBMCDA": NaN, "SDELMA": NaN, "SDSECA": NaN, "SDUNIA": NaN, "NAME": "Census Tract 16", "SABINSA": NaN, "TOTPOP": 3738, "H7X001": 3738, "WHITE": 2992, "BLACK": 85, "AIAN": 147, "ASIAN": 149, "NHPI": 33, "H7X007": 88, "H7X008": 244, "H7Y001": 3738, "H7Y002": 3506, "HISP": 232, "C_X": -1602121.6654077272, "C_Y": 1318339.0674000017, "id": 43018}, {"boundary_node": false, "area": 1684241.9684855917, "STATEFP10": "53", "COUNTYFP10": "063", "TRACTCE10": "001900", "GEOID10": "53063001900", "NAME10": "19", "NAMELSAD10": "Census Tract 19", "MTFCC10": "G5020", "FUNCSTAT10": "S", "ALAND10": 1684239, "AWATER10": 0, "INTPTLAT10": "+47.6814745", "INTPTLON10": "-117.4191814", "GISJOIN": "G5300630001900", "Shape_area": 1684241.96849, "Shape_len": 5166.15886058, "YEAR": 2010, "REGIONA": 4, "DIVISIONA": 9, "STATE": "Washington", "STATEA": 53, "COUNTY": "Spokane County", "COUNTYA": 63, "COUSUBA": NaN, "PLACEA": NaN, "TRACTA": 1900, "BLKGRPA": NaN, "BLOCKA": NaN, "CONCITA": NaN, "AIANHHA": NaN, "RES_ONLYA": NaN, "TRUSTA": NaN, "AITSCEA": NaN, "TTRACTA": NaN, "TBLKGRPA": NaN, "ANRCA": NaN, "CBSAA": 44060, "METDIVA": 99999, "CSAA": 999, "NECTAA": NaN, "NECTADIVA": NaN, "CNECTAA": NaN, "UAA": NaN, "URBRURALA": NaN, "CDA": NaN, "SLDUA": NaN, "SLDLA": NaN, "ZCTA5A": NaN, "SUBMCDA": NaN, "SDELMA": NaN, "SDSECA": NaN, "SDUNIA": NaN, "NAME": "Census Tract 19", "SABINSA": NaN, "TOTPOP": 3527, "H7X001": 3527, "WHITE": 3024, "BLACK": 71, "AIAN": 88, "ASIAN": 60, "NHPI": 20, "H7X007": 78, "H7X008": 186, "H7Y001": 3527, "H7Y002": 3344, "HISP": 183, "C_X": -1605900.1562802752, "C_Y": 1318019.6835500011, "id": 43019}, {"boundary_node": false, "area": 1736260.3046893177, "STATEFP10": "53", "COUNTYFP10": "063", "TRACTCE10": "003500", "GEOID10": "53063003500", "NAME10": "35", "NAMELSAD10": "Census Tract 35", "MTFCC10": "G5020", "FUNCSTAT10": "S", "ALAND10": 1628544, "AWATER10": 107715, "INTPTLAT10": "+47.6575712", "INTPTLON10": "-117.4215755", "GISJOIN": "G5300630003500", "Shape_area": 1736260.30469, "Shape_len": 5989.28109672, "YEAR": 2010, "REGIONA": 4, "DIVISIONA": 9, "STATE": "Washington", "STATEA": 53, "COUNTY": "Spokane County", "COUNTYA": 63, "COUSUBA": NaN, "PLACEA": NaN, "TRACTA": 3500, "BLKGRPA": NaN, "BLOCKA": NaN, "CONCITA": NaN, "AIANHHA": NaN, "RES_ONLYA": NaN, "TRUSTA": NaN, "AITSCEA": NaN, "TTRACTA": NaN, "TBLKGRPA": NaN, "ANRCA": NaN, "CBSAA": 44060, "METDIVA": 99999, "CSAA": 999, "NECTAA": NaN, "NECTADIVA": NaN, "CNECTAA": NaN, "UAA": NaN, "URBRURALA": NaN, "CDA": NaN, "SLDUA": NaN, "SLDLA": NaN, "ZCTA5A": NaN, "SUBMCDA": NaN, "SDELMA": NaN, "SDSECA": NaN, "SDUNIA": NaN, "NAME": "Census Tract 35", "SABINSA": NaN, "TOTPOP": 2604, "H7X001": 2604, "WHITE": 2180, "BLACK": 127, "AIAN": 105, "ASIAN": 39, "NHPI": 5, "H7X007": 33, "H7X008": 115, "H7Y001": 2604, "H7Y002": 2476, "HISP": 128, "C_X": -1606713.852158425, "C_Y": 1315443.5413000006, "id": 43746}, {"boundary_node": false, "area": 1551932.4708787613, "STATEFP10": "53", "COUNTYFP10": "063", "TRACTCE10": "004000", "GEOID10": "53063004000", "NAME10": "40", "NAMELSAD10": "Census Tract 40", "MTFCC10": "G5020", "FUNCSTAT10": "S", "ALAND10": 1551939, "AWATER10": 0, "INTPTLAT10": "+47.6458607", "INTPTLON10": "-117.4330688", "GISJOIN": "G5300630004000", "Shape_area": 1551932.47088, "Shape_len": 5313.54124044, "YEAR": 2010, "REGIONA": 4, "DIVISIONA": 9, "STATE": "Washington", "STATEA": 53, "COUNTY": "Spokane County", "COUNTYA": 63, "COUSUBA": NaN, "PLACEA": NaN, "TRACTA": 4000, "BLKGRPA": NaN, "BLOCKA": NaN, "CONCITA": NaN, "AIANHHA": NaN, "RES_ONLYA": NaN, "TRUSTA": NaN, "AITSCEA": NaN, "TTRACTA": NaN, "TBLKGRPA": NaN, "ANRCA": NaN, "CBSAA": 44060, "METDIVA": 99999, "CSAA": 999, "NECTAA": NaN, "NECTADIVA": NaN, "CNECTAA": NaN, "UAA": NaN, "URBRURALA": NaN, "CDA": NaN, "SLDUA": NaN, "SLDLA": NaN, "ZCTA5A": NaN, "SUBMCDA": NaN, "SDELMA": NaN, "SDSECA": NaN, "SDUNIA": NaN, "NAME": "Census Tract 40", "SABINSA": NaN, "TOTPOP": 4953, "H7X001": 4953, "WHITE": 4176, "BLACK": 197, "AIAN": 90, "ASIAN": 106, "NHPI": 57, "H7X007": 94, "H7X008": 233, "H7Y001": 4953, "H7Y002": 4677, "HISP": 276, "C_X": -1607821.1721053207, "C_Y": 1314293.8895000012, "id": 43747}, {"boundary_node": true, "boundary_perim": 52731.92628941446, "area": 150739319.7325877, "STATEFP10": "53", "COUNTYFP10": "063", "TRACTCE10": "013500", "GEOID10": "53063013500", "NAME10": "135", "NAMELSAD10": "Census Tract 135", "MTFCC10": "G5020", "FUNCSTAT10": "S", "ALAND10": 150401818, "AWATER10": 337502, "INTPTLAT10": "+47.5471883", "INTPTLON10": "-117.4225846", "GISJOIN": "G5300630013500", "Shape_area": 150739319.733, "Shape_len": 86064.3605276, "YEAR": 2010, "REGIONA": 4, "DIVISIONA": 9, "STATE": "Washington", "STATEA": 53, "COUNTY": "Spokane County", "COUNTYA": 63, "COUSUBA": NaN, "PLACEA": NaN, "TRACTA": 13500, "BLKGRPA": NaN, "BLOCKA": NaN, "CONCITA": NaN, "AIANHHA": NaN, "RES_ONLYA": NaN, "TRUSTA": NaN, "AITSCEA": NaN, "TTRACTA": NaN, "TBLKGRPA": NaN, "ANRCA": NaN, "CBSAA": 44060, "METDIVA": 99999, "CSAA": 999, "NECTAA": NaN, "NECTADIVA": NaN, "CNECTAA": NaN, "UAA": NaN, "URBRURALA": NaN, "CDA": NaN, "SLDUA": NaN, "SLDLA": NaN, "ZCTA5A": NaN, "SUBMCDA": NaN, "SDELMA": NaN, "SDSECA": NaN, "SDUNIA": NaN, "NAME": "Census Tract 135", "SABINSA": NaN, "TOTPOP": 7653, "H7X001": 7653, "WHITE": 7171, "BLACK": 57, "AIAN": 46, "ASIAN": 122, "NHPI": 13, "H7X007": 44, "H7X008": 200, "H7Y001": 7653, "H7Y002": 7416, "HISP": 237, "C_X": -1609833.934547477, "C_Y": 1303077.2214000013, "id": 43759}, {"boundary_node": true, "boundary_perim": 1.4551915228366852e-11, "area": 12163497.278536135, "STATEFP10": "53", "COUNTYFP10": "063", "TRACTCE10": "010700", "GEOID10": "53063010700", "NAME10": "107", "NAMELSAD10": "Census Tract 107", "MTFCC10": "G5020", "FUNCSTAT10": "S", "ALAND10": 12163503, "AWATER10": 0, "INTPTLAT10": "+47.7412843", "INTPTLON10": "-117.4521167", "GISJOIN": "G5300630010700", "Shape_area": 12163497.2785, "Shape_len": 19030.9252696, "YEAR": 2010, "REGIONA": 4, "DIVISIONA": 9, "STATE": "Washington", "STATEA": 53, "COUNTY": "Spokane County", "COUNTYA": 63, "COUSUBA": NaN, "PLACEA": NaN, "TRACTA": 10700, "BLKGRPA": NaN, "BLOCKA": NaN, "CONCITA": NaN, "AIANHHA": NaN, "RES_ONLYA": NaN, "TRUSTA": NaN, "AITSCEA": NaN, "TTRACTA": NaN, "TBLKGRPA": NaN, "ANRCA": NaN, "CBSAA": 44060, "METDIVA": 99999, "CSAA": 999, "NECTAA": NaN, "NECTADIVA": NaN, "CNECTAA": NaN, "UAA": NaN, "URBRURALA": NaN, "CDA": NaN, "SLDUA": NaN, "SLDLA": NaN, "ZCTA5A": NaN, "SUBMCDA": NaN, "SDELMA": NaN, "SDSECA": NaN, "SDUNIA": NaN, "NAME": "Census Tract 107", "SABINSA": NaN, "TOTPOP": 5923, "H7X001": 5923, "WHITE": 5351, "BLACK": 68, "AIAN": 46, "ASIAN": 222, "NHPI": 15, "H7X007": 23, "H7X008": 198, "H7Y001": 5923, "H7Y002": 5713, "HISP": 210, "C_X": -1606927.0211589593, "C_Y": 1324698.3244500004, "id": 43761}, {"boundary_node": true, "boundary_perim": 16157.83153270074, "area": 33198231.25117404, "STATEFP10": "53", "COUNTYFP10": "063", "TRACTCE10": "011202", "GEOID10": "53063011202", "NAME10": "112.02", "NAMELSAD10": "Census Tract 112.02", "MTFCC10": "G5020", "FUNCSTAT10": "S", "ALAND10": 33198235, "AWATER10": 0, "INTPTLAT10": "+47.7410089", "INTPTLON10": "-117.3331507", "GISJOIN": "G5300630011202", "Shape_area": 33198231.2512, "Shape_len": 36825.4001753, "YEAR": 2010, "REGIONA": 4, "DIVISIONA": 9, "STATE": "Washington", "STATEA": 53, "COUNTY": "Spokane County", "COUNTYA": 63, "COUSUBA": NaN, "PLACEA": NaN, "TRACTA": 11202, "BLKGRPA": NaN, "BLOCKA": NaN, "CONCITA": NaN, "AIANHHA": NaN, "RES_ONLYA": NaN, "TRUSTA": NaN, "AITSCEA": NaN, "TTRACTA": NaN, "TBLKGRPA": NaN, "ANRCA": NaN, "CBSAA": 44060, "METDIVA": 99999, "CSAA": 999, "NECTAA": NaN, "NECTADIVA": NaN, "CNECTAA": NaN, "UAA": NaN, "URBRURALA": NaN, "CDA": NaN, "SLDUA": NaN, "SLDLA": NaN, "ZCTA5A": NaN, "SUBMCDA": NaN, "SDELMA": NaN, "SDSECA": NaN, "SDUNIA": NaN, "NAME": "Census Tract 112.02", "SABINSA": NaN, "TOTPOP": 4030, "H7X001": 4030, "WHITE": 3774, "BLACK": 20, "AIAN": 42, "ASIAN": 21, "NHPI": 4, "H7X007": 27, "H7X008": 142, "H7Y001": 4030, "H7Y002": 3876, "HISP": 154, "C_X": -1598372.469514876, "C_Y": 1324164.1624000012, "id": 43762}, {"boundary_node": true, "boundary_perim": 1056.2255278921089, "area": 1239559.0419425142, "STATEFP10": "53", "COUNTYFP10": "063", "TRACTCE10": "010800", "GEOID10": "53063010800", "NAME10": "108", "NAMELSAD10": "Census Tract 108", "MTFCC10": "G5020", "FUNCSTAT10": "S", "ALAND10": 1239562, "AWATER10": 0, "INTPTLAT10": "+47.7500587", "INTPTLON10": "-117.4083742", "GISJOIN": "G5300630010800", "Shape_area": 1239559.04194, "Shape_len": 4494.01239746, "YEAR": 2010, "REGIONA": 4, "DIVISIONA": 9, "STATE": "Washington", "STATEA": 53, "COUNTY": "Spokane County", "COUNTYA": 63, "COUSUBA": NaN, "PLACEA": NaN, "TRACTA": 10800, "BLKGRPA": NaN, "BLOCKA": NaN, "CONCITA": NaN, "AIANHHA": NaN, "RES_ONLYA": NaN, "TRUSTA": NaN, "AITSCEA": NaN, "TTRACTA": NaN, "TBLKGRPA": NaN, "ANRCA": NaN, "CBSAA": 44060, "METDIVA": 99999, "CSAA": 999, "NECTAA": NaN, "NECTADIVA": NaN, "CNECTAA": NaN, "UAA": NaN, "URBRURALA": NaN, "CDA": NaN, "SLDUA": NaN, "SLDLA": NaN, "ZCTA5A": NaN, "SUBMCDA": NaN, "SDELMA": NaN, "SDSECA": NaN, "SDUNIA": NaN, "NAME": "Census Tract 108", "SABINSA": NaN, "TOTPOP": 2207, "H7X001": 2207, "WHITE": 1952, "BLACK": 26, "AIAN": 61, "ASIAN": 54, "NHPI": 5, "H7X007": 22, "H7X008": 87, "H7Y001": 2207, "H7Y002": 2109, "HISP": 98, "C_X": -1603420.9913063967, "C_Y": 1325182.529049999, "id": 43763}, {"boundary_node": false, "area": 1000476.9583794498, "STATEFP10": "53", "COUNTYFP10": "063", "TRACTCE10": "001200", "GEOID10": "53063001200", "NAME10": "12", "NAMELSAD10": "Census Tract 12", "MTFCC10": "G5020", "FUNCSTAT10": "S", "ALAND10": 1000481, "AWATER10": 0, "INTPTLAT10": "+47.6950548", "INTPTLON10": "-117.4311576", "GISJOIN": "G5300630001200", "Shape_area": 1000476.95838, "Shape_len": 4178.85912693, "YEAR": 2010, "REGIONA": 4, "DIVISIONA": 9, "STATE": "Washington", "STATEA": 53, "COUNTY": "Spokane County", "COUNTYA": 63, "COUSUBA": NaN, "PLACEA": NaN, "TRACTA": 1200, "BLKGRPA": NaN, "BLOCKA": NaN, "CONCITA": NaN, "AIANHHA": NaN, "RES_ONLYA": NaN, "TRUSTA": NaN, "AITSCEA": NaN, "TTRACTA": NaN, "TBLKGRPA": NaN, "ANRCA": NaN, "CBSAA": 44060, "METDIVA": 99999, "CSAA": 999, "NECTAA": NaN, "NECTADIVA": NaN, "CNECTAA": NaN, "UAA": NaN, "URBRURALA": NaN, "CDA": NaN, "SLDUA": NaN, "SLDLA": NaN, "ZCTA5A": NaN, "SUBMCDA": NaN, "SDELMA": NaN, "SDSECA": NaN, "SDUNIA": NaN, "NAME": "Census Tract 12", "SABINSA": NaN, "TOTPOP": 2216, "H7X001": 2216, "WHITE": 1982, "BLACK": 40, "AIAN": 27, "ASIAN": 26, "NHPI": 6, "H7X007": 19, "H7X008": 116, "H7Y001": 2216, "H7Y002": 2131, "HISP": 85, "C_X": -1606484.8806631216, "C_Y": 1319605.1243500018, "id": 43766}, {"boundary_node": false, "area": 2617443.239739408, "STATEFP10": "53", "COUNTYFP10": "063", "TRACTCE10": "001400", "GEOID10": "53063001400", "NAME10": "14", "NAMELSAD10": "Census Tract 14", "MTFCC10": "G5020", "FUNCSTAT10": "S", "ALAND10": 2617447, "AWATER10": 0, "INTPTLAT10": "+47.6909026", "INTPTLON10": "-117.4033144", "GISJOIN": "G5300630001400", "Shape_area": 2617443.23974, "Shape_len": 6835.12683908, "YEAR": 2010, "REGIONA": 4, "DIVISIONA": 9, "STATE": "Washington", "STATEA": 53, "COUNTY": "Spokane County", "COUNTYA": 63, "COUSUBA": NaN, "PLACEA": NaN, "TRACTA": 1400, "BLKGRPA": NaN, "BLOCKA": NaN, "CONCITA": NaN, "AIANHHA": NaN, "RES_ONLYA": NaN, "TRUSTA": NaN, "AITSCEA": NaN, "TTRACTA": NaN, "TBLKGRPA": NaN, "ANRCA": NaN, "CBSAA": 44060, "METDIVA": 99999, "CSAA": 999, "NECTAA": NaN, "NECTADIVA": NaN, "CNECTAA": NaN, "UAA": NaN, "URBRURALA": NaN, "CDA": NaN, "SLDUA": NaN, "SLDLA": NaN, "ZCTA5A": NaN, "SUBMCDA": NaN, "SDELMA": NaN, "SDSECA": NaN, "SDUNIA": NaN, "NAME": "Census Tract 14", "SABINSA": NaN, "TOTPOP": 6244, "H7X001": 6244, "WHITE": 5233, "BLACK": 161, "AIAN": 175, "ASIAN": 225, "NHPI": 21, "H7X007": 85, "H7X008": 344, "H7Y001": 6244, "H7Y002": 5883, "HISP": 361, "C_X": -1604519.6796576753, "C_Y": 1318710.011099999, "id": 43767}, {"boundary_node": false, "area": 2265060.0267718756, "STATEFP10": "53", "COUNTYFP10": "063", "TRACTCE10": "003100", "GEOID10": "53063003100", "NAME10": "31", "NAMELSAD10": "Census Tract 31", "MTFCC10": "G5020", "FUNCSTAT10": "S", "ALAND10": 2265054, "AWATER10": 0, "INTPTLAT10": "+47.6458408", "INTPTLON10": "-117.3918400", "GISJOIN": "G5300630003100", "Shape_area": 2265060.02677, "Shape_len": 7467.89779088, "YEAR": 2010, "REGIONA": 4, "DIVISIONA": 9, "STATE": "Washington", "STATEA": 53, "COUNTY": "Spokane County", "COUNTYA": 63, "COUSUBA": NaN, "PLACEA": NaN, "TRACTA": 3100, "BLKGRPA": NaN, "BLOCKA": NaN, "CONCITA": NaN, "AIANHHA": NaN, "RES_ONLYA": NaN, "TRUSTA": NaN, "AITSCEA": NaN, "TTRACTA": NaN, "TBLKGRPA": NaN, "ANRCA": NaN, "CBSAA": 44060, "METDIVA": 99999, "CSAA": 999, "NECTAA": NaN, "NECTADIVA": NaN, "CNECTAA": NaN, "UAA": NaN, "URBRURALA": NaN, "CDA": NaN, "SLDUA": NaN, "SLDLA": NaN, "ZCTA5A": NaN, "SUBMCDA": NaN, "SDELMA": NaN, "SDSECA": NaN, "SDUNIA": NaN, "NAME": "Census Tract 31", "SABINSA": NaN, "TOTPOP": 4954, "H7X001": 4954, "WHITE": 4008, "BLACK": 220, "AIAN": 103, "ASIAN": 191, "NHPI": 8, "H7X007": 48, "H7X008": 376, "H7Y001": 4954, "H7Y002": 4701, "HISP": 253, "C_X": -1604879.1158814235, "C_Y": 1313632.8524500013, "id": 45615}, {"boundary_node": false, "area": 2305354.2772888965, "STATEFP10": "53", "COUNTYFP10": "063", "TRACTCE10": "004300", "GEOID10": "53063004300", "NAME10": "43", "NAMELSAD10": "Census Tract 43", "MTFCC10": "G5020", "FUNCSTAT10": "S", "ALAND10": 2305353, "AWATER10": 0, "INTPTLAT10": "+47.6229539", "INTPTLON10": "-117.4139910", "GISJOIN": "G5300630004300", "Shape_area": 2305354.27729, "Shape_len": 6504.41201751, "YEAR": 2010, "REGIONA": 4, "DIVISIONA": 9, "STATE": "Washington", "STATEA": 53, "COUNTY": "Spokane County", "COUNTYA": 63, "COUSUBA": NaN, "PLACEA": NaN, "TRACTA": 4300, "BLKGRPA": NaN, "BLOCKA": NaN, "CONCITA": NaN, "AIANHHA": NaN, "RES_ONLYA": NaN, "TRUSTA": NaN, "AITSCEA": NaN, "TTRACTA": NaN, "TBLKGRPA": NaN, "ANRCA": NaN, "CBSAA": 44060, "METDIVA": 99999, "CSAA": 999, "NECTAA": NaN, "NECTADIVA": NaN, "CNECTAA": NaN, "UAA": NaN, "URBRURALA": NaN, "CDA": NaN, "SLDUA": NaN, "SLDLA": NaN, "ZCTA5A": NaN, "SUBMCDA": NaN, "SDELMA": NaN, "SDSECA": NaN, "SDUNIA": NaN, "NAME": "Census Tract 43", "SABINSA": NaN, "TOTPOP": 3328, "H7X001": 3328, "WHITE": 3077, "BLACK": 41, "AIAN": 18, "ASIAN": 73, "NHPI": 1, "H7X007": 22, "H7X008": 96, "H7Y001": 3328, "H7Y002": 3246, "HISP": 82, "C_X": -1606943.5172427315, "C_Y": 1311393.21725, "id": 45616}, {"boundary_node": false, "area": 2386858.0959268715, "STATEFP10": "53", "COUNTYFP10": "063", "TRACTCE10": "011102", "GEOID10": "53063011102", "NAME10": "111.02", "NAMELSAD10": "Census Tract 111.02", "MTFCC10": "G5020", "FUNCSTAT10": "S", "ALAND10": 2386858, "AWATER10": 0, "INTPTLAT10": "+47.7387582", "INTPTLON10": "-117.4024120", "GISJOIN": "G5300630011102", "Shape_area": 2386858.09593, "Shape_len": 6647.04215147, "YEAR": 2010, "REGIONA": 4, "DIVISIONA": 9, "STATE": "Washington", "STATEA": 53, "COUNTY": "Spokane County", "COUNTYA": 63, "COUSUBA": NaN, "PLACEA": NaN, "TRACTA": 11102, "BLKGRPA": NaN, "BLOCKA": NaN, "CONCITA": NaN, "AIANHHA": NaN, "RES_ONLYA": NaN, "TRUSTA": NaN, "AITSCEA": NaN, "TTRACTA": NaN, "TBLKGRPA": NaN, "ANRCA": NaN, "CBSAA": 44060, "METDIVA": 99999, "CSAA": 999, "NECTAA": NaN, "NECTADIVA": NaN, "CNECTAA": NaN, "UAA": NaN, "URBRURALA": NaN, "CDA": NaN, "SLDUA": NaN, "SLDLA": NaN, "ZCTA5A": NaN, "SUBMCDA": NaN, "SDELMA": NaN, "SDSECA": NaN, "SDUNIA": NaN, "NAME": "Census Tract 111.02", "SABINSA": NaN, "TOTPOP": 3768, "H7X001": 3768, "WHITE": 3260, "BLACK": 55, "AIAN": 87, "ASIAN": 91, "NHPI": 66, "H7X007": 50, "H7X008": 159, "H7Y001": 3768, "H7Y002": 3554, "HISP": 214, "C_X": -1603338.1078766512, "C_Y": 1323954.3556000004, "id": 45617}, {"boundary_node": false, "area": 6347938.427728727, "STATEFP10": "53", "COUNTYFP10": "063", "TRACTCE10": "014400", "GEOID10": "53063014400", "NAME10": "144", "NAMELSAD10": "Census Tract 144", "MTFCC10": "G5020", "FUNCSTAT10": "S", "ALAND10": 6322500, "AWATER10": 25434, "INTPTLAT10": "+47.6933186", "INTPTLON10": "-117.3521333", "GISJOIN": "G5300630014400", "Shape_area": 6347938.42773, "Shape_len": 12442.7970805, "YEAR": 2010, "REGIONA": 4, "DIVISIONA": 9, "STATE": "Washington", "STATEA": 53, "COUNTY": "Spokane County", "COUNTYA": 63, "COUSUBA": NaN, "PLACEA": NaN, "TRACTA": 14400, "BLKGRPA": NaN, "BLOCKA": NaN, "CONCITA": NaN, "AIANHHA": NaN, "RES_ONLYA": NaN, "TRUSTA": NaN, "AITSCEA": NaN, "TTRACTA": NaN, "TBLKGRPA": NaN, "ANRCA": NaN, "CBSAA": 44060, "METDIVA": 99999, "CSAA": 999, "NECTAA": NaN, "NECTADIVA": NaN, "CNECTAA": NaN, "UAA": NaN, "URBRURALA": NaN, "CDA": NaN, "SLDUA": NaN, "SLDLA": NaN, "ZCTA5A": NaN, "SUBMCDA": NaN, "SDELMA": NaN, "SDSECA": NaN, "SDUNIA": NaN, "NAME": "Census Tract 144", "SABINSA": NaN, "TOTPOP": 4967, "H7X001": 4967, "WHITE": 4166, "BLACK": 103, "AIAN": 93, "ASIAN": 258, "NHPI": 17, "H7X007": 76, "H7X008": 254, "H7Y001": 4967, "H7Y002": 4666, "HISP": 301, "C_X": -1600415.6877754638, "C_Y": 1318413.12825, "id": 45618}, {"boundary_node": false, "area": 1909664.2148294756, "STATEFP10": "53", "COUNTYFP10": "063", "TRACTCE10": "011101", "GEOID10": "53063011101", "NAME10": "111.01", "NAMELSAD10": "Census Tract 111.01", "MTFCC10": "G5020", "FUNCSTAT10": "S", "ALAND10": 1909665, "AWATER10": 0, "INTPTLAT10": "+47.7222850", "INTPTLON10": "-117.4032974", "GISJOIN": "G5300630011101", "Shape_area": 1909664.21483, "Shape_len": 5590.04124402, "YEAR": 2010, "REGIONA": 4, "DIVISIONA": 9, "STATE": "Washington", "STATEA": 53, "COUNTY": "Spokane County", "COUNTYA": 63, "COUSUBA": NaN, "PLACEA": NaN, "TRACTA": 11101, "BLKGRPA": NaN, "BLOCKA": NaN, "CONCITA": NaN, "AIANHHA": NaN, "RES_ONLYA": NaN, "TRUSTA": NaN, "AITSCEA": NaN, "TTRACTA": NaN, "TBLKGRPA": NaN, "ANRCA": NaN, "CBSAA": 44060, "METDIVA": 99999, "CSAA": 999, "NECTAA": NaN, "NECTADIVA": NaN, "CNECTAA": NaN, "UAA": NaN, "URBRURALA": NaN, "CDA": NaN, "SLDUA": NaN, "SLDLA": NaN, "ZCTA5A": NaN, "SUBMCDA": NaN, "SDELMA": NaN, "SDSECA": NaN, "SDUNIA": NaN, "NAME": "Census Tract 111.01", "SABINSA": NaN, "TOTPOP": 5744, "H7X001": 5744, "WHITE": 4908, "BLACK": 115, "AIAN": 129, "ASIAN": 141, "NHPI": 93, "H7X007": 99, "H7X008": 259, "H7Y001": 5744, "H7Y002": 5389, "HISP": 355, "C_X": -1603755.064789328, "C_Y": 1322095.9908499983, "id": 45621}, {"boundary_node": true, "boundary_perim": 5163.157928258584, "area": 10492278.69966065, "STATEFP10": "53", "COUNTYFP10": "063", "TRACTCE10": "012200", "GEOID10": "53063012200", "NAME10": "122", "NAMELSAD10": "Census Tract 122", "MTFCC10": "G5020", "FUNCSTAT10": "S", "ALAND10": 10273289, "AWATER10": 218991, "INTPTLAT10": "+47.6738991", "INTPTLON10": "-117.3149784", "GISJOIN": "G5300630012200", "Shape_area": 10492278.6997, "Shape_len": 14636.6502904, "YEAR": 2010, "REGIONA": 4, "DIVISIONA": 9, "STATE": "Washington", "STATEA": 53, "COUNTY": "Spokane County", "COUNTYA": 63, "COUSUBA": NaN, "PLACEA": NaN, "TRACTA": 12200, "BLKGRPA": NaN, "BLOCKA": NaN, "CONCITA": NaN, "AIANHHA": NaN, "RES_ONLYA": NaN, "TRUSTA": NaN, "AITSCEA": NaN, "TTRACTA": NaN, "TBLKGRPA": NaN, "ANRCA": NaN, "CBSAA": 44060, "METDIVA": 99999, "CSAA": 999, "NECTAA": NaN, "NECTADIVA": NaN, "CNECTAA": NaN, "UAA": NaN, "URBRURALA": NaN, "CDA": NaN, "SLDUA": NaN, "SLDLA": NaN, "ZCTA5A": NaN, "SUBMCDA": NaN, "SDELMA": NaN, "SDSECA": NaN, "SDUNIA": NaN, "NAME": "Census Tract 122", "SABINSA": NaN, "TOTPOP": 2369, "H7X001": 2369, "WHITE": 2126, "BLACK": 34, "AIAN": 60, "ASIAN": 36, "NHPI": 1, "H7X007": 38, "H7X008": 74, "H7Y001": 2369, "H7Y002": 2266, "HISP": 103, "C_X": -1599237.9271693781, "C_Y": 1315435.73905, "id": 45622}, {"boundary_node": true, "boundary_perim": 3587.4992428118203, "area": 8114574.29707545, "STATEFP10": "53", "COUNTYFP10": "063", "TRACTCE10": "010601", "GEOID10": "53063010601", "NAME10": "106.01", "NAMELSAD10": "Census Tract 106.01", "MTFCC10": "G5020", "FUNCSTAT10": "S", "ALAND10": 7486943, "AWATER10": 627625, "INTPTLAT10": "+47.7314284", "INTPTLON10": "-117.5056473", "GISJOIN": "G5300630010601", "Shape_area": 8114574.29708, "Shape_len": 23738.2164496, "YEAR": 2010, "REGIONA": 4, "DIVISIONA": 9, "STATE": "Washington", "STATEA": 53, "COUNTY": "Spokane County", "COUNTYA": 63, "COUSUBA": NaN, "PLACEA": NaN, "TRACTA": 10601, "BLKGRPA": NaN, "BLOCKA": NaN, "CONCITA": NaN, "AIANHHA": NaN, "RES_ONLYA": NaN, "TRUSTA": NaN, "AITSCEA": NaN, "TTRACTA": NaN, "TBLKGRPA": NaN, "ANRCA": NaN, "CBSAA": 44060, "METDIVA": 99999, "CSAA": 999, "NECTAA": NaN, "NECTADIVA": NaN, "CNECTAA": NaN, "UAA": NaN, "URBRURALA": NaN, "CDA": NaN, "SLDUA": NaN, "SLDLA": NaN, "ZCTA5A": NaN, "SUBMCDA": NaN, "SDELMA": NaN, "SDSECA": NaN, "SDUNIA": NaN, "NAME": "Census Tract 106.01", "SABINSA": NaN, "TOTPOP": 3490, "H7X001": 3490, "WHITE": 3249, "BLACK": 34, "AIAN": 25, "ASIAN": 45, "NHPI": 4, "H7X007": 28, "H7X008": 105, "H7Y001": 3490, "H7Y002": 3386, "HISP": 104, "C_X": -1610981.5371843805, "C_Y": 1324390.798500001, "id": 45626}, {"boundary_node": false, "area": 1668864.0601735306, "STATEFP10": "53", "COUNTYFP10": "063", "TRACTCE10": "001800", "GEOID10": "53063001800", "NAME10": "18", "NAMELSAD10": "Census Tract 18", "MTFCC10": "G5020", "FUNCSTAT10": "S", "ALAND10": 1601184, "AWATER10": 67684, "INTPTLAT10": "+47.6791826", "INTPTLON10": "-117.3847465", "GISJOIN": "G5300630001800", "Shape_area": 1668864.06017, "Shape_len": 6741.00582665, "YEAR": 2010, "REGIONA": 4, "DIVISIONA": 9, "STATE": "Washington", "STATEA": 53, "COUNTY": "Spokane County", "COUNTYA": 63, "COUSUBA": NaN, "PLACEA": NaN, "TRACTA": 1800, "BLKGRPA": NaN, "BLOCKA": NaN, "CONCITA": NaN, "AIANHHA": NaN, "RES_ONLYA": NaN, "TRUSTA": NaN, "AITSCEA": NaN, "TTRACTA": NaN, "TBLKGRPA": NaN, "ANRCA": NaN, "CBSAA": 44060, "METDIVA": 99999, "CSAA": 999, "NECTAA": NaN, "NECTADIVA": NaN, "CNECTAA": NaN, "UAA": NaN, "URBRURALA": NaN, "CDA": NaN, "SLDUA": NaN, "SLDLA": NaN, "ZCTA5A": NaN, "SUBMCDA": NaN, "SDELMA": NaN, "SDSECA": NaN, "SDUNIA": NaN, "NAME": "Census Tract 18", "SABINSA": NaN, "TOTPOP": 2762, "H7X001": 2762, "WHITE": 2405, "BLACK": 115, "AIAN": 58, "ASIAN": 23, "NHPI": 7, "H7X007": 40, "H7X008": 114, "H7Y001": 2762, "H7Y002": 2592, "HISP": 170, "C_X": -1602827.2990222592, "C_Y": 1317152.0860000008, "id": 45627}], "adjacency": [[{"shared_perim": 2056.1284932797453, "id": 42840}, {"shared_perim": 1708.645394243934, "id": 42450}, {"shared_perim": 989.3858180905073, "id": 40972}, {"shared_perim": 747.1824071622784, "id": 43002}], [{"shared_perim": 2392.2664441510315, "id": 42863}, {"shared_perim": 617.377447638873, "id": 41154}, {"shared_perim": 1351.1004357426868, "id": 42841}, {"shared_perim": 1345.9400005520695, "id": 45627}, {"shared_perim": 641.0455051379914, "id": 43019}, {"shared_perim": 573.1625721810138, "id": 42449}, {"shared_perim": 1253.2951590111948, "id": 43767}], [{"shared_perim": 919.1146506065678, "id": 38440}, {"shared_perim": 1328.5723618300958, "id": 38441}, {"shared_perim": 1755.7780448292924, "id": 42861}, {"shared_perim": 747.5962978861544, "id": 42396}, {"shared_perim": 2268.518250747469, "id": 45615}, {"shared_perim": 1170.108586496265, "id": 41165}], [{"shared_perim": 919.1146506065678, "id": 38439}, {"shared_perim": 815.1134715980594, "id": 42881}, {"shared_perim": 2446.779316681731, "id": 41169}, {"shared_perim": 1427.3699168829125, "id": 42879}, {"shared_perim": 1405.9354409464215, "id": 42966}, {"shared_perim": 1220.672964755062, "id": 38441}, {"shared_perim": 708.5681468698052, "id": 42861}], [{"shared_perim": 1328.5723618300958, "id": 38439}, {"shared_perim": 1220.672964755062, "id": 38440}, {"shared_perim": 1367.1003454837783, "id": 42881}, {"shared_perim": 1221.8658678422444, "id": 42396}], [{"shared_perim": 2744.8405589682598, "id": 43002}, {"shared_perim": 1617.1479319475343, "id": 42427}, {"shared_perim": 2159.9617148116513, "id": 41202}, {"shared_perim": 2356.4377736815372, "id": 45626}], [{"shared_perim": 1272.0886545867356, "id": 43018}, {"shared_perim": 1681.4592532624856, "id": 45618}, {"shared_perim": 1583.8185225739956, "id": 42891}, {"shared_perim": 1196.448668908937, "id": 40935}], [{"shared_perim": 1117.717120952561, "id": 40973}, {"shared_perim": 1586.8286848229263, "id": 42892}, {"shared_perim": 1604.738865348853, "id": 41201}, {"shared_perim": 1073.704105554599, "id": 42862}], [{"shared_perim": 968.749024860717, "id": 45615}, {"shared_perim": 1721.550155209097, "id": 42397}, {"shared_perim": 818.535087520452, "id": 43747}, {"shared_perim": 617.3214372915111, "id": 42863}, {"shared_perim": 1154.2813276398695, "id": 43746}], [{"shared_perim": 218.21094239426907, "id": 40934}, {"shared_perim": 849.7723396464612, "id": 43747}, {"shared_perim": 1849.8690073992195, "id": 42414}, {"shared_perim": 1260.342490935091, "id": 43746}, {"shared_perim": 184.00936791684586, "id": 42841}, {"shared_perim": 5980.102656849001, "id": 42840}, {"shared_perim": 3604.6708406936923, "id": 41182}, {"shared_perim": 1800.3363053907688, "id": 43002}], [{"shared_perim": 218.21094239426907, "id": 40930}, {"shared_perim": 5507.680244971003, "id": 43759}, {"shared_perim": 1922.7093526650044, "id": 41181}, {"shared_perim": 2846.358477275571, "id": 42879}, {"shared_perim": 3622.1099623932964, "id": 42423}, {"shared_perim": 2079.8336677573407, "id": 45616}, {"shared_perim": 1663.2720591601947, "id": 42965}, {"shared_perim": 1259.7883744509527, "id": 43747}, {"shared_perim": 574.2210671679999, "id": 42414}], [{"shared_perim": 1196.448668908937, "id": 38452}, {"shared_perim": 384.38197846756896, "id": 45618}, {"shared_perim": 1260.9871493051555, "id": 42891}, {"shared_perim": 1590.7151297212718, "id": 45621}, {"shared_perim": 2788.0082391411465, "id": 45617}, {"shared_perim": 9874.448207525778, "id": 43762}, {"shared_perim": 315.31445654992706, "id": 43763}], [{"shared_perim": 4130.721489090413, "id": 45622}, {"shared_perim": 3193.0265243142426, "id": 45618}, {"shared_perim": 6122.908308615274, "id": 43762}], [{"shared_perim": 807.1977406617634, "id": 45621}, {"shared_perim": 3713.7456325966837, "id": 42862}, {"shared_perim": 1690.0371327847938, "id": 45617}, {"shared_perim": 6630.0782348848825, "id": 43761}, {"shared_perim": 2169.6094357374186, "id": 43763}], [{"shared_perim": 989.3858180905073, "id": 38432}, {"shared_perim": 864.4661157260382, "id": 42450}, {"shared_perim": 1252.0238591763105, "id": 43766}, {"shared_perim": 2012.8070405728417, "id": 43002}, {"shared_perim": 1326.8307143824568, "id": 42427}], [{"shared_perim": 1117.717120952561, "id": 38453}, {"shared_perim": 1230.2747436945, "id": 43019}, {"shared_perim": 1600.1203041624053, "id": 43767}, {"shared_perim": 1350.23088989842, "id": 43766}], [{"shared_perim": 617.377447638873, "id": 38438}, {"shared_perim": 3502.356229962584, "id": 42863}, {"shared_perim": 2144.7130477031205, "id": 45627}], [{"shared_perim": 1170.108586496265, "id": 38439}, {"shared_perim": 853.0738401941076, "id": 42396}, {"shared_perim": 1436.8080492839858, "id": 45615}, {"shared_perim": 2327.9128046076094, "id": 42863}], [{"shared_perim": 2446.779316681731, "id": 38440}, {"shared_perim": 1996.8193196630305, "id": 41181}, {"shared_perim": 2121.282928501502, "id": 42881}, {"shared_perim": 359.7079649584546, "id": 42879}], [{"shared_perim": 4165.212835937032, "id": 42881}, {"shared_perim": 1033.3423525318792, "id": 42396}, {"shared_perim": 378.7251369335252, "id": 42863}, {"shared_perim": 3243.534315481703, "id": 45622}], [{"shared_perim": 1922.7093526650044, "id": 40934}, {"shared_perim": 1996.8193196630305, "id": 41169}, {"shared_perim": 8281.85748153996, "id": 43759}, {"shared_perim": 2597.3093645441245, "id": 42881}, {"shared_perim": 4417.8577418472805, "id": 42879}], [{"shared_perim": 3604.6708406936923, "id": 40930}, {"shared_perim": 8230.388636676118, "id": 42423}, {"shared_perim": 4036.1387386655247, "id": 42414}, {"shared_perim": 2507.487646727534, "id": 43002}, {"shared_perim": 8264.195809699235, "id": 45626}], [{"shared_perim": 1604.738865348853, "id": 38453}, {"shared_perim": 797.2464682361067, "id": 43766}, {"shared_perim": 1626.3054623895302, "id": 42427}, {"shared_perim": 832.7205032741556, "id": 42862}], [{"shared_perim": 2159.9617148116513, "id": 38444}, {"shared_perim": 1330.7517578196312, "id": 42427}, {"shared_perim": 175.63159809271914, "id": 42862}, {"shared_perim": 595.5627698757356, "id": 45626}, {"shared_perim": 3735.2606299813233, "id": 43761}, {"shared_perim": 2339.240157434186, "id": 43003}], [{"shared_perim": 747.5962978861544, "id": 38439}, {"shared_perim": 1221.8658678422444, "id": 38441}, {"shared_perim": 853.0738401941076, "id": 41165}, {"shared_perim": 1033.3423525318792, "id": 41171}, {"shared_perim": 452.2501085663677, "id": 42881}, {"shared_perim": 1010.9893209502734, "id": 42863}], [{"shared_perim": 1721.550155209097, "id": 40929}, {"shared_perim": 834.6999191158059, "id": 42861}, {"shared_perim": 1252.3149800842255, "id": 42965}, {"shared_perim": 640.240195192259, "id": 45615}, {"shared_perim": 607.3606455726803, "id": 43747}], [{"shared_perim": 1849.8690073992195, "id": 40930}, {"shared_perim": 574.2210671679999, "id": 40934}, {"shared_perim": 4036.1387386655247, "id": 41182}, {"shared_perim": 2178.5839553903475, "id": 42423}], [{"shared_perim": 3622.1099623932964, "id": 40934}, {"shared_perim": 8230.388636676118, "id": 41182}, {"shared_perim": 2178.5839553903475, "id": 42414}, {"shared_perim": 14333.604375466222, "id": 43759}], [{"shared_perim": 1617.1479319475343, "id": 38444}, {"shared_perim": 1326.8307143824568, "id": 40972}, {"shared_perim": 1626.3054623895302, "id": 41201}, {"shared_perim": 1330.7517578196312, "id": 41202}], [{"shared_perim": 573.1625721810138, "id": 38438}, {"shared_perim": 1239.6018752241155, "id": 45627}, {"shared_perim": 1666.4638492188033, "id": 43018}, {"shared_perim": 2162.3093580106, "id": 43767}, {"shared_perim": 1224.3359704082186, "id": 42891}], [{"shared_perim": 1708.645394243934, "id": 38432}, {"shared_perim": 864.4661157260382, "id": 40972}, {"shared_perim": 1540.3464887430255, "id": 42841}, {"shared_perim": 210.7700862081436, "id": 42840}, {"shared_perim": 1520.608430123053, "id": 43019}, {"shared_perim": 779.3579096206585, "id": 43766}], [{"shared_perim": 2056.1284932797453, "id": 38432}, {"shared_perim": 5980.102656849001, "id": 40930}, {"shared_perim": 210.7700862081436, "id": 42450}, {"shared_perim": 916.2999726035504, "id": 42841}, {"shared_perim": 61.1986853457707, "id": 43002}], [{"shared_perim": 1351.1004357426868, "id": 38438}, {"shared_perim": 184.00936791684586, "id": 40930}, {"shared_perim": 1540.3464887430255, "id": 42450}, {"shared_perim": 916.2999726035504, "id": 42840}, {"shared_perim": 1930.0079722332116, "id": 43746}, {"shared_perim": 1175.2958844822126, "id": 43019}], [{"shared_perim": 1755.7780448292924, "id": 38439}, {"shared_perim": 708.5681468698052, "id": 38440}, {"shared_perim": 834.6999191158059, "id": 42397}, {"shared_perim": 1293.5109121789355, "id": 42966}, {"shared_perim": 1388.6900141048036, "id": 42965}, {"shared_perim": 1209.0198379303881, "id": 45615}], [{"shared_perim": 1073.704105554599, "id": 38453}, {"shared_perim": 3713.7456325966837, "id": 40937}, {"shared_perim": 832.7205032741556, "id": 41201}, {"shared_perim": 175.63159809271914, "id": 41202}, {"shared_perim": 778.0915114051181, "id": 45621}, {"shared_perim": 462.9411263473878, "id": 43761}], [{"shared_perim": 2392.2664441510315, "id": 38438}, {"shared_perim": 617.3214372915111, "id": 40929}, {"shared_perim": 3502.356229962584, "id": 41154}, {"shared_perim": 2327.9128046076094, "id": 41165}, {"shared_perim": 378.7251369335252, "id": 41171}, {"shared_perim": 1010.9893209502734, "id": 42396}, {"shared_perim": 944.562432866672, "id": 45615}, {"shared_perim": 2099.23655759898, "id": 45622}, {"shared_perim": 1129.5478331209843, "id": 43746}, {"shared_perim": 1317.4191999243565, "id": 45618}], [{"shared_perim": 1218.7769211388302, "id": 43762}, {"shared_perim": 1691.953254905421, "id": 45626}, {"shared_perim": 3913.6141983197476, "id": 43761}, {"shared_perim": 2918.669515310744, "id": 43003}], [{"shared_perim": 1427.3699168829125, "id": 38440}, {"shared_perim": 2846.358477275571, "id": 40934}, {"shared_perim": 359.7079649584546, "id": 41169}, {"shared_perim": 4417.8577418472805, "id": 41181}, {"shared_perim": 2042.805998673911, "id": 42966}, {"shared_perim": 835.4385893771363, "id": 45616}], [{"shared_perim": 815.1134715980594, "id": 38440}, {"shared_perim": 1367.1003454837783, "id": 38441}, {"shared_perim": 2121.282928501502, "id": 41169}, {"shared_perim": 4165.212835937032, "id": 41171}, {"shared_perim": 2597.3093645441245, "id": 41181}, {"shared_perim": 452.2501085663677, "id": 42396}, {"shared_perim": 5209.292136183308, "id": 43759}], [{"shared_perim": 1583.8185225739956, "id": 38452}, {"shared_perim": 1260.9871493051555, "id": 40935}, {"shared_perim": 1224.3359704082186, "id": 42449}, {"shared_perim": 1589.3730609147653, "id": 42892}], [{"shared_perim": 1586.8286848229263, "id": 38453}, {"shared_perim": 1589.3730609147653, "id": 42891}, {"shared_perim": 1220.4677207573793, "id": 43767}, {"shared_perim": 1197.9030599699772, "id": 45621}], [{"shared_perim": 1663.2720591601947, "id": 40934}, {"shared_perim": 1252.3149800842255, "id": 42397}, {"shared_perim": 1388.6900141048036, "id": 42861}, {"shared_perim": 2100.6566357104284, "id": 45616}, {"shared_perim": 1262.983320458369, "id": 43747}], [{"shared_perim": 1405.9354409464215, "id": 38440}, {"shared_perim": 1293.5109121789355, "id": 42861}, {"shared_perim": 2042.805998673911, "id": 42879}, {"shared_perim": 1488.4831246620702, "id": 45616}], [{"shared_perim": 747.1824071622784, "id": 38432}, {"shared_perim": 2744.8405589682598, "id": 38444}, {"shared_perim": 1800.3363053907688, "id": 40930}, {"shared_perim": 2012.8070405728417, "id": 40972}, {"shared_perim": 2507.487646727534, "id": 41182}, {"shared_perim": 61.1986853457707, "id": 42840}, {"shared_perim": 2344.972967205358, "id": 45626}], [{"shared_perim": 2339.240157434186, "id": 41202}, {"shared_perim": 2918.669515310744, "id": 42864}, {"shared_perim": 4897.594631375224, "id": 45626}, {"shared_perim": 4289.031080081282, "id": 43761}], [{"shared_perim": 1272.0886545867356, "id": 38452}, {"shared_perim": 1666.4638492188033, "id": 42449}, {"shared_perim": 1320.476706244027, "id": 45627}, {"shared_perim": 1724.8007223206037, "id": 45618}], [{"shared_perim": 641.0455051379914, "id": 38438}, {"shared_perim": 1230.2747436945, "id": 40973}, {"shared_perim": 1520.608430123053, "id": 42450}, {"shared_perim": 1175.2958844822126, "id": 42841}, {"shared_perim": 598.934297140902, "id": 43767}], [{"shared_perim": 1154.2813276398695, "id": 40929}, {"shared_perim": 1260.342490935091, "id": 40930}, {"shared_perim": 1930.0079722332116, "id": 42841}, {"shared_perim": 1129.5478331209843, "id": 42863}, {"shared_perim": 515.1014727917474, "id": 43747}], [{"shared_perim": 818.535087520452, "id": 40929}, {"shared_perim": 849.7723396464612, "id": 40930}, {"shared_perim": 1259.7883744509527, "id": 40934}, {"shared_perim": 607.3606455726803, "id": 42397}, {"shared_perim": 1262.983320458369, "id": 42965}, {"shared_perim": 515.1014727917474, "id": 43746}], [{"shared_perim": 5507.680244971003, "id": 40934}, {"shared_perim": 8281.85748153996, "id": 41181}, {"shared_perim": 14333.604375466222, "id": 42423}, {"shared_perim": 5209.292136183308, "id": 42881}], [{"shared_perim": 6630.0782348848825, "id": 40937}, {"shared_perim": 3735.2606299813233, "id": 41202}, {"shared_perim": 462.9411263473878, "id": 42862}, {"shared_perim": 3913.6141983197476, "id": 42864}, {"shared_perim": 4289.031080081282, "id": 43003}], [{"shared_perim": 9874.448207525778, "id": 40935}, {"shared_perim": 6122.908308615274, "id": 40936}, {"shared_perim": 1218.7769211388302, "id": 42864}, {"shared_perim": 3451.435205273524, "id": 45618}], [{"shared_perim": 315.31445654992706, "id": 40935}, {"shared_perim": 2169.6094357374186, "id": 40937}, {"shared_perim": 952.8629772813025, "id": 45617}], [{"shared_perim": 1252.0238591763105, "id": 40972}, {"shared_perim": 1350.23088989842, "id": 40973}, {"shared_perim": 797.2464682361067, "id": 41201}, {"shared_perim": 779.3579096206585, "id": 42450}], [{"shared_perim": 1253.2951590111948, "id": 38438}, {"shared_perim": 1600.1203041624053, "id": 40973}, {"shared_perim": 2162.3093580106, "id": 42449}, {"shared_perim": 1220.4677207573793, "id": 42892}, {"shared_perim": 598.934297140902, "id": 43019}], [{"shared_perim": 2268.518250747469, "id": 38439}, {"shared_perim": 968.749024860717, "id": 40929}, {"shared_perim": 1436.8080492839858, "id": 41165}, {"shared_perim": 640.240195192259, "id": 42397}, {"shared_perim": 1209.0198379303881, "id": 42861}, {"shared_perim": 944.562432866672, "id": 42863}], [{"shared_perim": 2079.8336677573407, "id": 40934}, {"shared_perim": 835.4385893771363, "id": 42879}, {"shared_perim": 2100.6566357104284, "id": 42965}, {"shared_perim": 1488.4831246620702, "id": 42966}], [{"shared_perim": 2788.0082391411465, "id": 40935}, {"shared_perim": 1690.0371327847938, "id": 40937}, {"shared_perim": 952.8629772813025, "id": 43763}, {"shared_perim": 1216.133802263854, "id": 45621}], [{"shared_perim": 1681.4592532624856, "id": 38452}, {"shared_perim": 384.38197846756896, "id": 40935}, {"shared_perim": 3193.0265243142426, "id": 40936}, {"shared_perim": 1317.4191999243565, "id": 42863}, {"shared_perim": 1724.8007223206037, "id": 43018}, {"shared_perim": 3451.435205273524, "id": 43762}, {"shared_perim": 690.2741969285859, "id": 45627}], [{"shared_perim": 1590.7151297212718, "id": 40935}, {"shared_perim": 807.1977406617634, "id": 40937}, {"shared_perim": 778.0915114051181, "id": 42862}, {"shared_perim": 1197.9030599699772, "id": 42892}, {"shared_perim": 1216.133802263854, "id": 45617}], [{"shared_perim": 4130.721489090413, "id": 40936}, {"shared_perim": 3243.534315481703, "id": 41171}, {"shared_perim": 2099.23655759898, "id": 42863}], [{"shared_perim": 2356.4377736815372, "id": 38444}, {"shared_perim": 8264.195809699235, "id": 41182}, {"shared_perim": 595.5627698757356, "id": 41202}, {"shared_perim": 1691.953254905421, "id": 42864}, {"shared_perim": 2344.972967205358, "id": 43002}, {"shared_perim": 4897.594631375224, "id": 43003}], [{"shared_perim": 1345.9400005520695, "id": 38438}, {"shared_perim": 2144.7130477031205, "id": 41154}, {"shared_perim": 1239.6018752241155, "id": 42449}, {"shared_perim": 1320.476706244027, "id": 43018}, {"shared_perim": 690.2741969285859, "id": 45618}]]}